1.00000000 0.00000000 0.00000000 0.00000000 0.00000000 0.00000000 0.00000000 0.00000000 0.00000000 0.00000000 0.00000000 0.00000000 0.00000000 0.00000000 0.00000000 0.00000000 0.00000000 0.00000000 0.00000000 0.00000000 0.00000000 0.00000000 0.00000000 0.00000000 0.00000000 0.00000000 0.00000000 0.00000000 0.00000000 0.00000000 0.00000000 0.00000000 0.00000000 0.00000000 0.00000000 0.00000000 0.00000000 0.00000000 0.00000000 0.00000000 0.00000000 0.00000000 0.00000000 0.00000000 0.00000000 0.00000000 0.00000000 0.00000000 0.00000000 0.00000000 0.00000000 0.00000000 0.00000000 0.00000000 0.00000000 0.00000000 0.00000000 0.00000000 0.00000000 0.00000000 0.00000000 0.00000000 0.00000000 0.00000000 0.00000000 0.00000000 0.00000000 0.00000000 0.00000000 0.00000000 0.00000000 0.00000000 0.00000000 0.00000000 0.00000000 0.00000000 0.00000000 0.00000000 0.00000000 0.00000000 0.00000000 0.00000000 0.00000000 0.00000000 0.00000000 0.00000000 0.00000000 0.00000000 0.00000000 0.00000000 0.00000000 0.00000000 0.00000000 0.00000000 0.00000000 0.00000000 0.00000000 0.00000000 0.00000000 0.00000000
0.55307462 1.00000000 0.00000000 0.00000000 0.00000000 0.00000000 0.00000000 0.00000000 0.00000000 0.00000000 0.00000000 0.00000000 0.00000000 0.00000000 0.00000000 0.00000000 0.00000000 0.00000000 0.00000000 0.00000000 0.00000000 0.00000000 0.00000000 0.00000000 0.00000000 0.00000000 0.00000000 0.00000000 0.00000000 0.00000000 0.00000000 0.00000000 0.00000000 0.00000000 0.00000000 0.00000000 0.00000000 0.00000000 0.00000000 0.00000000 0.00000000 0.00000000 0.00000000 0.00000000 0.00000000 0.00000000 0.00000000 0.00000000 0.00000000 0.00000000 0.00000000 0.00000000 0.00000000 0.00000000 0.00000000 0.00000000 0.00000000 0.00000000 0.00000000 0.00000000 0.00000000 0.00000000 0.00000000 0.00000000 0.00000000 0.00000000 0.00000000 0.00000000 0.00000000 0.00000000 0.00000000 0.00000000 0.00000000 0.00000000 0.00000000 0.00000000 0.00000000 0.00000000 0.00000000 0.00000000 0.00000000 0.00000000 0.00000000 0.00000000 0.00000000 0.00000000 0.00000000 0.00000000 0.00000000 0.00000000 0.00000000 0.00000000 0.00000000 0.00000000 0.00000000 0.00000000 0.00000000 0.00000000 0.00000000 0.00000000
0.12074705 0.28310413 1.00000000 0.00000000 0.00000000 0.00000000 0.00000000 0.00000000 0.00000000 0.00000000 0.00000000 0.00000000 0.00000000 0.00000000 0.00000000 0.00000000 0.00000000 0.00000000 0.00000000 0.00000000 0.00000000 0.00000000 0.00000000 0.00000000 0.00000000 0.00000000 0.00000000 0.00000000 0.00000000 0.00000000 0.00000000 0.00000000 0.00000000 0.00000000 0.00000000 0.00000000 0.00000000 0.00000000 0.00000000 0.00000000 0.00000000 0.00000000 0.00000000 0.00000000 0.00000000 0.00000000 0.00000000 0.00000000 0.00000000 0.00000000 0.00000000 0.00000000 0.00000000 0.00000000 0.00000000 0.00000000 0.00000000 0.00000000 0.00000000 0.00000000 0.00000000 0.00000000 0.00000000 0.00000000 0.00000000 0.00000000 0.00000000 0.00000000 0.00000000 0.00000000 0.00000000 0.00000000 0.00000000 0.00000000 0.00000000 0.00000000 0.00000000 0.00000000 0.00000000 0.00000000 0.00000000 0.00000000 0.00000000 0.00000000 0.00000000 0.00000000 0.00000000 0.00000000 0.00000000 0.00000000 0.00000000 0.00000000 0.00000000 0.00000000 0.00000000 0.00000000 0.00000000 0.00000000 0.00000000 0.00000000
1.27786260 0.65871153 -1.19926242 1.00000000 0.00000000 0.00000000 0.00000000 0.00000000 0.00000000 0.00000000 0.00000000 0.00000000 0.00000000 0.00000000 0.00000000 0.00000000 0.00000000 0.00000000 0.00000000 0.00000000 0.00000000 0.00000000 0.00000000 0.00000000 0.00000000 0.00000000 0.00000000 0.00000000 0.00000000 0.00000000 0.00000000 0.00000000 0.00000000 0.00000000 0.00000000 0.00000000 0.00000000 0.00000000 0.00000000 0.00000000 0.00000000 0.00000000 0.00000000 0.00000000 0.00000000 0.00000000 0.00000000 0.00000000 0.00000000 0.00000000 0.00000000 0.00000000 0.00000000 0.00000000 0.00000000 0.00000000 0.00000000 0.00000000 0.00000000 0.00000000 0.00000000 0.00000000 0.00000000 0.00000000 0.00000000 0.00000000 0.00000000 0.00000000 0.00000000 0.00000000 0.00000000 0.00000000 0.00000000 0.00000000 0.00000000 0.00000000 0.00000000 0.00000000 0.00000000 0.00000000 0.00000000 0.00000000 0.00000000 0.00000000 0.00000000 0.00000000 0.00000000 0.00000000 0.00000000 0.00000000 0.00000000 0.00000000 0.00000000 0.00000000 0.00000000 0.00000000 0.00000000 0.00000000 0.00000000 0.00000000
0.26258706 1.41030421 0.01523183 -0.18360006 1.00000000 0.00000000 0.00000000 0.00000000 0.00000000 0.00000000 0.00000000 0.00000000 0.00000000 0.00000000 0.00000000 0.00000000 0.00000000 0.00000000 0.00000000 0.00000000 0.00000000 0.00000000 0.00000000 0.00000000 0.00000000 0.00000000 0.00000000 0.00000000 0.00000000 0.00000000 0.00000000 0.00000000 0.00000000 0.00000000 0.00000000 0.00000000 0.00000000 0.00000000 0.00000000 0.00000000 0.00000000 0.00000000 0.00000000 0.00000000 0.00000000 0.00000000 0.00000000 0.00000000 0.00000000 0.00000000 0.00000000 0.00000000 0.00000000 0.00000000 0.00000000 0.00000000 0.00000000 0.00000000 0.00000000 0.00000000 0.00000000 0.00000000 0.00000000 0.00000000 0.00000000 0.00000000 0.00000000 0.00000000 0.00000000 0.00000000 0.00000000 0.00000000 0.00000000 0.00000000 0.00000000 0.00000000 0.00000000 0.00000000 0.00000000 0.00000000 0.00000000 0.00000000 0.00000000 0.00000000 0.00000000 0.00000000 0.00000000 0.00000000 0.00000000 0.00000000 0.00000000 0.00000000 0.00000000 0.00000000 0.00000000 0.00000000 0.00000000 0.00000000 0.00000000 0.00000000
0.66863948 1.14836566 -1.52334703 -1.68856324 3.42087849 1.00000000 0.00000000 0.00000000 0.00000000 0.00000000 0.00000000 0.00000000 0.00000000 0.00000000 0.00000000 0.00000000 0.00000000 0.00000000 0.00000000 0.00000000 0.00000000 0.00000000 0.00000000 0.00000000 0.00000000 0.00000000 0.00000000 0.00000000 0.00000000 0.00000000 0.00000000 0.00000000 0.00000000 0.00000000 0.00000000 0.00000000 0.00000000 0.00000000 0.00000000 0.00000000 0.00000000 0.00000000 0.00000000 0.00000000 0.00000000 0.00000000 0.00000000 0.00000000 0.00000000 0.00000000 0.00000000 0.00000000 0.00000000 0.00000000 0.00000000 0.00000000 0.00000000 0.00000000 0.00000000 0.00000000 0.00000000 0.00000000 0.00000000 0.00000000 0.00000000 0.00000000 0.00000000 0.00000000 0.00000000 0.00000000 0.00000000 0.00000000 0.00000000 0.00000000 0.00000000 0.00000000 0.00000000 0.00000000 0.00000000 0.00000000 0.00000000 0.00000000 0.00000000 0.00000000 0.00000000 0.00000000 0.00000000 0.00000000 0.00000000 0.00000000 0.00000000 0.00000000 0.00000000 0.00000000 0.00000000 0.00000000 0.00000000 0.00000000 0.00000000 0.00000000
0.26059025 0.87235856 -0.75271141 0.37908982 0.34610582 -1.00940564 1.00000000 0.00000000 0.00000000 0.00000000 0.00000000 0.00000000 0.00000000 0.00000000 0.00000000 0.00000000 0.00000000 0.00000000 0.00000000 0.00000000 0.00000000 0.00000000 0.00000000 0.00000000 0.00000000 0.00000000 0.00000000 0.00000000 0.00000000 0.00000000 0.00000000 0.00000000 0.00000000 0.00000000 0.00000000 0.00000000 0.00000000 0.00000000 0.00000000 0.00000000 0.00000000 0.00000000 0.00000000 0.00000000 0.00000000 0.00000000 0.00000000 0.00000000 0.00000000 0.00000000 0.00000000 0.00000000 0.00000000 0.00000000 0.00000000 0.00000000 0.00000000 0.00000000 0.00000000 0.00000000 0.00000000 0.00000000 0.00000000 0.00000000 0.00000000 0.00000000 0.00000000 0.00000000 0.00000000 0.00000000 0.00000000 0.00000000 0.00000000 0.00000000 0.00000000 0.00000000 0.00000000 0.00000000 0.00000000 0.00000000 0.00000000 0.00000000 0.00000000 0.00000000 0.00000000 0.00000000 0.00000000 0.00000000 0.00000000 0.00000000 0.00000000 0.00000000 0.00000000 0.00000000 0.00000000 0.00000000 0.00000000 0.00000000 0.00000000 0.00000000
0.08852366 0.40851423 0.01461705 -0.15353928 0.70064421 -1.72953722 1.48388802 1.00000000 0.00000000 0.00000000 0.00000000 0.00000000 0.00000000 0.00000000 0.00000000 0.00000000 0.00000000 0.00000000 0.00000000 0.00000000 0.00000000 0.00000000 0.00000000 0.00000000 0.00000000 0.00000000 0.00000000 0.00000000 0.00000000 0.00000000 0.00000000 0.00000000 0.00000000 0.00000000 0.00000000 0.00000000 0.00000000 0.00000000 0.00000000 0.00000000 0.00000000 0.00000000 0.00000000 0.00000000 0.00000000 0.00000000 0.00000000 0.00000000 0.00000000 0.00000000 0.00000000 0.00000000 0.00000000 0.00000000 0.00000000 0.00000000 0.00000000 0.00000000 0.00000000 0.00000000 0.00000000 0.00000000 0.00000000 0.00000000 0.00000000 0.00000000 0.00000000 0.00000000 0.00000000 0.00000000 0.00000000 0.00000000 0.00000000 0.00000000 0.00000000 0.00000000 0.00000000 0.00000000 0.00000000 0.00000000 0.00000000 0.00000000 0.00000000 0.00000000 0.00000000 0.00000000 0.00000000 0.00000000 0.00000000 0.00000000 0.00000000 0.00000000 0.00000000 0.00000000 0.00000000 0.00000000 0.00000000 0.00000000 0.00000000 0.00000000
0.80422397 -0.29589371 -0.11210497 2.78919457 -3.43096302 -2.91820082 1.26076528 3.27387502 1.00000000 0.00000000 0.00000000 0.00000000 0.00000000 0.00000000 0.00000000 0.00000000 0.00000000 0.00000000 0.00000000 0.00000000 0.00000000 0.00000000 0.00000000 0.00000000 0.00000000 0.00000000 0.00000000 0.00000000 0.00000000 0.00000000 0.00000000 0.00000000 0.00000000 0.00000000 0.00000000 0.00000000 0.00000000 0.00000000 0.00000000 0.00000000 0.00000000 0.00000000 0.00000000 0.00000000 0.00000000 0.00000000 0.00000000 0.00000000 0.00000000 0.00000000 0.00000000 0.00000000 0.00000000 0.00000000 0.00000000 0.00000000 0.00000000 0.00000000 0.00000000 0.00000000 0.00000000 0.00000000 0.00000000 0.00000000 0.00000000 0.00000000 0.00000000 0.00000000 0.00000000 0.00000000 0.00000000 0.00000000 0.00000000 0.00000000 0.00000000 0.00000000 0.00000000 0.00000000 0.00000000 0.00000000 0.00000000 0.00000000 0.00000000 0.00000000 0.00000000 0.00000000 0.00000000 0.00000000 0.00000000 0.00000000 0.00000000 0.00000000 0.00000000 0.00000000 0.00000000 0.00000000 0.00000000 0.00000000 0.00000000 0.00000000
0.78751804 -0.03331224 -0.57541388 0.58460397 -0.02484343 0.07271445 -0.22508177 0.82167546 0.15547152 1.00000000 0.00000000 0.00000000 0.00000000 0.00000000 0.00000000 0.00000000 0.00000000 0.00000000 0.00000000 0.00000000 0.00000000 0.00000000 0.00000000 0.00000000 0.00000000 0.00000000 0.00000000 0.00000000 0.00000000 0.00000000 0.00000000 0.00000000 0.00000000 0.00000000 0.00000000 0.00000000 0.00000000 0.00000000 0.00000000 0.00000000 0.00000000 0.00000000 0.00000000 0.00000000 0.00000000 0.00000000 0.00000000 0.00000000 0.00000000 0.00000000 0.00000000 0.00000000 0.00000000 0.00000000 0.00000000 0.00000000 0.00000000 0.00000000 0.00000000 0.00000000 0.00000000 0.00000000 0.00000000 0.00000000 0.00000000 0.00000000 0.00000000 0.00000000 0.00000000 0.00000000 0.00000000 0.00000000 0.00000000 0.00000000 0.00000000 0.00000000 0.00000000 0.00000000 0.00000000 0.00000000 0.00000000 0.00000000 0.00000000 0.00000000 0.00000000 0.00000000 0.00000000 0.00000000 0.00000000 0.00000000 0.00000000 0.00000000 0.00000000 0.00000000 0.00000000 0.00000000 0.00000000 0.00000000 0.00000000 0.00000000
0.04677749 -0.00752170 0.70917184 0.27998234 -0.61735419 -3.85508179 2.83299130 6.62072218 2.50755254 -5.92189121 1.00000000 0.00000000 0.00000000 0.00000000 0.00000000 0.00000000 0.00000000 0.00000000 0.00000000 0.00000000 0.00000000 0.00000000 0.00000000 0.00000000 0.00000000 0.00000000 0.00000000 0.00000000 0.00000000 0.00000000 0.00000000 0.00000000 0.00000000 0.00000000 0.00000000 0.00000000 0.00000000 0.00000000 0.00000000 0.00000000 0.00000000 0.00000000 0.00000000 0.00000000 0.00000000 0.00000000 0.00000000 0.00000000 0.00000000 0.00000000 0.00000000 0.00000000 0.00000000 0.00000000 0.00000000 0.00000000 0.00000000 0.00000000 0.00000000 0.00000000 0.00000000 0.00000000 0.00000000 0.00000000 0.00000000 0.00000000 0.00000000 0.00000000 0.00000000 0.00000000 0.00000000 0.00000000 0.00000000 0.00000000 0.00000000 0.00000000 0.00000000 0.00000000 0.00000000 0.00000000 0.00000000 0.00000000 0.00000000 0.00000000 0.00000000 0.00000000 0.00000000 0.00000000 0.00000000 0.00000000 0.00000000 0.00000000 0.00000000 0.00000000 0.00000000 0.00000000 0.00000000 0.00000000 0.00000000 0.00000000
0.90015059 -0.03553707 -0.63612798 1.68187153 -1.25844794 0.07069758 -0.30286909 -2.39615386 -1.11238643 3.66970642 -0.26670670 1.00000000 0.00000000 0.00000000 0.00000000 0.00000000 0.00000000 0.00000000 0.00000000 0.00000000 0.00000000 0.00000000 0.00000000 0.00000000 0.00000000 0.00000000 0.00000000 0.00000000 0.00000000 0.00000000 0.00000000 0.00000000 0.00000000 0.00000000 0.00000000 0.00000000 0.00000000 0.00000000 0.00000000 0.00000000 0.00000000 0.00000000 0.00000000 0.00000000 0.00000000 0.00000000 0.00000000 0.00000000 0.00000000 0.00000000 0.00000000 0.00000000 0.00000000 0.00000000 0.00000000 0.00000000 0.00000000 0.00000000 0.00000000 0.00000000 0.00000000 0.00000000 0.00000000 0.00000000 0.00000000 0.00000000 0.00000000 0.00000000 0.00000000 0.00000000 0.00000000 0.00000000 0.00000000 0.00000000 0.00000000 0.00000000 0.00000000 0.00000000 0.00000000 0.00000000 0.00000000 0.00000000 0.00000000 0.00000000 0.00000000 0.00000000 0.00000000 0.00000000 0.00000000 0.00000000 0.00000000 0.00000000 0.00000000 0.00000000 0.00000000 0.00000000 0.00000000 0.00000000 0.00000000 0.00000000
0.40357441 0.73034482 0.68780464 0.72390428 -1.06748438 -1.98507854 1.36575906 1.93386983 0.91105281 -1.84519371 0.22246589 -3.56806732 1.00000000 0.00000000 0.00000000 0.00000000 0.00000000 0.00000000 0.00000000 0.00000000 0.00000000 0.00000000 0.00000000 0.00000000 0.00000000 0.00000000 0.00000000 0.00000000 0.00000000 0.00000000 0.00000000 0.00000000 0.00000000 0.00000000 0.00000000 0.00000000 0.00000000 0.00000000 0.00000000 0.00000000 0.00000000 0.00000000 0.00000000 0.00000000 0.00000000 0.00000000 0.00000000 0.00000000 0.00000000 0.00000000 0.00000000 0.00000000 0.00000000 0.00000000 0.00000000 0.00000000 0.00000000 0.00000000 0.00000000 0.00000000 0.00000000 0.00000000 0.00000000 0.00000000 0.00000000 0.00000000 0.00000000 0.00000000 0.00000000 0.00000000 0.00000000 0.00000000 0.00000000 0.00000000 0.00000000 0.00000000 0.00000000 0.00000000 0.00000000 0.00000000 0.00000000 0.00000000 0.00000000 0.00000000 0.00000000 0.00000000 0.00000000 0.00000000 0.00000000 0.00000000 0.00000000 0.00000000 0.00000000 0.00000000 0.00000000 0.00000000 0.00000000 0.00000000 0.00000000 0.00000000
0.47844016 -0.06138039 0.37030679 2.08429180 -2.46434055 -0.15543120 -0.59345955 -1.36852101 -0.56869707 4.57361809 -0.36576789 -4.70209688 1.66828533 1.00000000 0.00000000 0.00000000 0.00000000 0.00000000 0.00000000 0.00000000 0.00000000 0.00000000 0.00000000 0.00000000 0.00000000 0.00000000 0.00000000 0.00000000 0.00000000 0.00000000 0.00000000 0.00000000 0.00000000 0.00000000 0.00000000 0.00000000 0.00000000 0.00000000 0.00000000 0.00000000 0.00000000 0.00000000 0.00000000 0.00000000 0.00000000 0.00000000 0.00000000 0.00000000 0.00000000 0.00000000 0.00000000 0.00000000 0.00000000 0.00000000 0.00000000 0.00000000 0.00000000 0.00000000 0.00000000 0.00000000 0.00000000 0.00000000 0.00000000 0.00000000 0.00000000 0.00000000 0.00000000 0.00000000 0.00000000 0.00000000 0.00000000 0.00000000 0.00000000 0.00000000 0.00000000 0.00000000 0.00000000 0.00000000 0.00000000 0.00000000 0.00000000 0.00000000 0.00000000 0.00000000 0.00000000 0.00000000 0.00000000 0.00000000 0.00000000 0.00000000 0.00000000 0.00000000 0.00000000 0.00000000 0.00000000 0.00000000 0.00000000 0.00000000 0.00000000 0.00000000
0.22351589 1.36888833 0.39726444 -0.17617392 0.54684633 0.48001986 -0.32032521 -2.46502372 -0.87861844 2.70053392 -0.03223984 -6.96822165 2.25008460 12.24642582 1.00000000 0.00000000 0.00000000 0.00000000 0.00000000 0.00000000 0.00000000 0.00000000 0.00000000 0.00000000 0.00000000 0.00000000 0.00000000 0.00000000 0.00000000 0.00000000 0.00000000 0.00000000 0.00000000 0.00000000 0.00000000 0.00000000 0.00000000 0.00000000 0.00000000 0.00000000 0.00000000 0.00000000 0.00000000 0.00000000 0.00000000 0.00000000 0.00000000 0.00000000 0.00000000 0.00000000 0.00000000 0.00000000 0.00000000 0.00000000 0.00000000 0.00000000 0.00000000 0.00000000 0.00000000 0.00000000 0.00000000 0.00000000 0.00000000 0.00000000 0.00000000 0.00000000 0.00000000 0.00000000 0.00000000 0.00000000 0.00000000 0.00000000 0.00000000 0.00000000 0.00000000 0.00000000 0.00000000 0.00000000 0.00000000 0.00000000 0.00000000 0.00000000 0.00000000 0.00000000 0.00000000 0.00000000 0.00000000 0.00000000 0.00000000 0.00000000 0.00000000 0.00000000 0.00000000 0.00000000 0.00000000 0.00000000 0.00000000 0.00000000 0.00000000 0.00000000
1.12319994 -0.04195169 -0.23255110 2.11676528 -2.28254424 -2.11450251 0.49562143 7.62002206 2.76414301 -3.74880963 -0.12172491 4.46201143 -1.79124830 -30.87616890 -7.64421867 1.00000000 0.00000000 0.00000000 0.00000000 0.00000000 0.00000000 0.00000000 0.00000000 0.00000000 0.00000000 0.00000000 0.00000000 0.00000000 0.00000000 0.00000000 0.00000000 0.00000000 0.00000000 0.00000000 0.00000000 0.00000000 0.00000000 0.00000000 0.00000000 0.00000000 0.00000000 0.00000000 0.00000000 0.00000000 0.00000000 0.00000000 0.00000000 0.00000000 0.00000000 0.00000000 0.00000000 0.00000000 0.00000000 0.00000000 0.00000000 0.00000000 0.00000000 0.00000000 0.00000000 0.00000000 0.00000000 0.00000000 0.00000000 0.00000000 0.00000000 0.00000000 0.00000000 0.00000000 0.00000000 0.00000000 0.00000000 0.00000000 0.00000000 0.00000000 0.00000000 0.00000000 0.00000000 0.00000000 0.00000000 0.00000000 0.00000000 0.00000000 0.00000000 0.00000000 0.00000000 0.00000000 0.00000000 0.00000000 0.00000000 0.00000000 0.00000000 0.00000000 0.00000000 0.00000000 0.00000000 0.00000000 0.00000000 0.00000000 0.00000000 0.00000000
0.64330832 -0.05103580 -0.10681256 0.12589175 0.26036995 0.20100649 -0.35337529 1.69195024 0.47201635 -0.39087560 -0.18705092 1.19294057 -0.60089411 -4.90346933 -0.17474914 0.26462054 1.00000000 0.00000000 0.00000000 0.00000000 0.00000000 0.00000000 0.00000000 0.00000000 0.00000000 0.00000000 0.00000000 0.00000000 0.00000000 0.00000000 0.00000000 0.00000000 0.00000000 0.00000000 0.00000000 0.00000000 0.00000000 0.00000000 0.00000000 0.00000000 0.00000000 0.00000000 0.00000000 0.00000000 0.00000000 0.00000000 0.00000000 0.00000000 0.00000000 0.00000000 0.00000000 0.00000000 0.00000000 0.00000000 0.00000000 0.00000000 0.00000000 0.00000000 0.00000000 0.00000000 0.00000000 0.00000000 0.00000000 0.00000000 0.00000000 0.00000000 0.00000000 0.00000000 0.00000000 0.00000000 0.00000000 0.00000000 0.00000000 0.00000000 0.00000000 0.00000000 0.00000000 0.00000000 0.00000000 0.00000000 0.00000000 0.00000000 0.00000000 0.00000000 0.00000000 0.00000000 0.00000000 0.00000000 0.00000000 0.00000000 0.00000000 0.00000000 0.00000000 0.00000000 0.00000000 0.00000000 0.00000000 0.00000000 0.00000000 0.00000000
0.08514287 0.36059940 0.07333019 0.35228600 0.01919885 0.85240497 -0.36916684 -5.12564932 -2.14231641 5.22093873 -0.58771700 -2.46242594 1.01821688 -0.59648868 -1.70029470 -0.18425179 -1.65111810 1.00000000 0.00000000 0.00000000 0.00000000 0.00000000 0.00000000 0.00000000 0.00000000 0.00000000 0.00000000 0.00000000 0.00000000 0.00000000 0.00000000 0.00000000 0.00000000 0.00000000 0.00000000 0.00000000 0.00000000 0.00000000 0.00000000 0.00000000 0.00000000 0.00000000 0.00000000 0.00000000 0.00000000 0.00000000 0.00000000 0.00000000 0.00000000 0.00000000 0.00000000 0.00000000 0.00000000 0.00000000 0.00000000 0.00000000 0.00000000 0.00000000 0.00000000 0.00000000 0.00000000 0.00000000 0.00000000 0.00000000 0.00000000 0.00000000 0.00000000 0.00000000 0.00000000 0.00000000 0.00000000 0.00000000 0.00000000 0.00000000 0.00000000 0.00000000 0.00000000 0.00000000 0.00000000 0.00000000 0.00000000 0.00000000 0.00000000 0.00000000 0.00000000 0.00000000 0.00000000 0.00000000 0.00000000 0.00000000 0.00000000 0.00000000 0.00000000 0.00000000 0.00000000 0.00000000 0.00000000 0.00000000 0.00000000 0.00000000
0.59290434 0.60547837 0.48927349 -0.72490246 1.28937992 2.77576570 -2.12569860 -0.19776546 -0.23314981 1.33758484 -1.06027036 14.51165362 -4.34260885 -61.51802959 -16.29492477 1.82544654 -1.07062687 1.78547511 1.00000000 0.00000000 0.00000000 0.00000000 0.00000000 0.00000000 0.00000000 0.00000000 0.00000000 0.00000000 0.00000000 0.00000000 0.00000000 0.00000000 0.00000000 0.00000000 0.00000000 0.00000000 0.00000000 0.00000000 0.00000000 0.00000000 0.00000000 0.00000000 0.00000000 0.00000000 0.00000000 0.00000000 0.00000000 0.00000000 0.00000000 0.00000000 0.00000000 0.00000000 0.00000000 0.00000000 0.00000000 0.00000000 0.00000000 0.00000000 0.00000000 0.00000000 0.00000000 0.00000000 0.00000000 0.00000000 0.00000000 0.00000000 0.00000000 0.00000000 0.00000000 0.00000000 0.00000000 0.00000000 0.00000000 0.00000000 0.00000000 0.00000000 0.00000000 0.00000000 0.00000000 0.00000000 0.00000000 0.00000000 0.00000000 0.00000000 0.00000000 0.00000000 0.00000000 0.00000000 0.00000000 0.00000000 0.00000000 0.00000000 0.00000000 0.00000000 0.00000000 0.00000000 0.00000000 0.00000000 0.00000000 0.00000000
0.36561039 0.18548817 1.22272875 1.50723038 -2.46818422 -1.44914064 0.10403722 4.43617142 1.75439874 -3.07091064 -0.58190575 2.58762659 -1.35658270 -29.49559183 -4.00898677 0.39450207 0.56789811 0.62048828 0.07233806 1.00000000 0.00000000 0.00000000 0.00000000 0.00000000 0.00000000 0.00000000 0.00000000 0.00000000 0.00000000 0.00000000 0.00000000 0.00000000 0.00000000 0.00000000 0.00000000 0.00000000 0.00000000 0.00000000 0.00000000 0.00000000 0.00000000 0.00000000 0.00000000 0.00000000 0.00000000 0.00000000 0.00000000 0.00000000 0.00000000 0.00000000 0.00000000 0.00000000 0.00000000 0.00000000 0.00000000 0.00000000 0.00000000 0.00000000 0.00000000 0.00000000 0.00000000 0.00000000 0.00000000 0.00000000 0.00000000 0.00000000 0.00000000 0.00000000 0.00000000 0.00000000 0.00000000 0.00000000 0.00000000 0.00000000 0.00000000 0.00000000 0.00000000 0.00000000 0.00000000 0.00000000 0.00000000 0.00000000 0.00000000 0.00000000 0.00000000 0.00000000 0.00000000 0.00000000 0.00000000 0.00000000 0.00000000 0.00000000 0.00000000 0.00000000 0.00000000 0.00000000 0.00000000 0.00000000 0.00000000 0.00000000
1.16245704 0.73650790 -0.66851407 -0.16883238 1.01070135 -1.03603655 0.53600303 10.09733819 3.76089783 -10.72674335 -0.70307250 23.98596196 -8.21283482 -91.29523952 -19.75467267 2.39522655 0.22351052 1.05816542 0.97649146 0.83623230 1.00000000 0.00000000 0.00000000 0.00000000 0.00000000 0.00000000 0.00000000 0.00000000 0.00000000 0.00000000 0.00000000 0.00000000 0.00000000 0.00000000 0.00000000 0.00000000 0.00000000 0.00000000 0.00000000 0.00000000 0.00000000 0.00000000 0.00000000 0.00000000 0.00000000 0.00000000 0.00000000 0.00000000 0.00000000 0.00000000 0.00000000 0.00000000 0.00000000 0.00000000 0.00000000 0.00000000 0.00000000 0.00000000 0.00000000 0.00000000 0.00000000 0.00000000 0.00000000 0.00000000 0.00000000 0.00000000 0.00000000 0.00000000 0.00000000 0.00000000 0.00000000 0.00000000 0.00000000 0.00000000 0.00000000 0.00000000 0.00000000 0.00000000 0.00000000 0.00000000 0.00000000 0.00000000 0.00000000 0.00000000 0.00000000 0.00000000 0.00000000 0.00000000 0.00000000 0.00000000 0.00000000 0.00000000 0.00000000 0.00000000 0.00000000 0.00000000 0.00000000 0.00000000 0.00000000 0.00000000
0.74107107 0.87551074 -1.63262863 -1.38786935 3.88852091 5.39384473 -3.05118657 -8.85887753 -3.62509158 8.57004840 -1.54565926 7.93886359 -2.01514567 -41.29735096 -11.16419411 0.77685933 -2.16293524 2.68415282 0.63341081 0.55461367 -1.41214601 1.00000000 0.00000000 0.00000000 0.00000000 0.00000000 0.00000000 0.00000000 0.00000000 0.00000000 0.00000000 0.00000000 0.00000000 0.00000000 0.00000000 0.00000000 0.00000000 0.00000000 0.00000000 0.00000000 0.00000000 0.00000000 0.00000000 0.00000000 0.00000000 0.00000000 0.00000000 0.00000000 0.00000000 0.00000000 0.00000000 0.00000000 0.00000000 0.00000000 0.00000000 0.00000000 0.00000000 0.00000000 0.00000000 0.00000000 0.00000000 0.00000000 0.00000000 0.00000000 0.00000000 0.00000000 0.00000000 0.00000000 0.00000000 0.00000000 0.00000000 0.00000000 0.00000000 0.00000000 0.00000000 0.00000000 0.00000000 0.00000000 0.00000000 0.00000000 0.00000000 0.00000000 0.00000000 0.00000000 0.00000000 0.00000000 0.00000000 0.00000000 0.00000000 0.00000000 0.00000000 0.00000000 0.00000000 0.00000000 0.00000000 0.00000000 0.00000000 0.00000000 0.00000000 0.00000000
0.96868271 -0.29843529 0.53186358 2.92760274 -4.12111790 -4.76476048 2.44505556 7.19432849 2.82597278 -4.67554584 0.41853996 -9.13125871 2.15790116 13.94566075 8.10891591 -0.50224819 2.94113127 -0.44848327 1.32434378 1.97573043 10.79308459 -1.84965052 1.00000000 0.00000000 0.00000000 0.00000000 0.00000000 0.00000000 0.00000000 0.00000000 0.00000000 0.00000000 0.00000000 0.00000000 0.00000000 0.00000000 0.00000000 0.00000000 0.00000000 0.00000000 0.00000000 0.00000000 0.00000000 0.00000000 0.00000000 0.00000000 0.00000000 0.00000000 0.00000000 0.00000000 0.00000000 0.00000000 0.00000000 0.00000000 0.00000000 0.00000000 0.00000000 0.00000000 0.00000000 0.00000000 0.00000000 0.00000000 0.00000000 0.00000000 0.00000000 0.00000000 0.00000000 0.00000000 0.00000000 0.00000000 0.00000000 0.00000000 0.00000000 0.00000000 0.00000000 0.00000000 0.00000000 0.00000000 0.00000000 0.00000000 0.00000000 0.00000000 0.00000000 0.00000000 0.00000000 0.00000000 0.00000000 0.00000000 0.00000000 0.00000000 0.00000000 0.00000000 0.00000000 0.00000000 0.00000000 0.00000000 0.00000000 0.00000000 0.00000000 0.00000000
0.50534021 0.22016150 0.52820273 0.78820963 -0.72115970 -0.16912574 -0.46809308 5.02538340 1.53402982 -3.09943491 -1.04104077 23.81499259 -7.36099854 -92.36069076 -28.47643011 2.79885354 -4.19129178 1.87980303 -0.28591081 -1.78703731 -11.60887665 2.26375993 -1.23023573 1.00000000 0.00000000 0.00000000 0.00000000 0.00000000 0.00000000 0.00000000 0.00000000 0.00000000 0.00000000 0.00000000 0.00000000 0.00000000 0.00000000 0.00000000 0.00000000 0.00000000 0.00000000 0.00000000 0.00000000 0.00000000 0.00000000 0.00000000 0.00000000 0.00000000 0.00000000 0.00000000 0.00000000 0.00000000 0.00000000 0.00000000 0.00000000 0.00000000 0.00000000 0.00000000 0.00000000 0.00000000 0.00000000 0.00000000 0.00000000 0.00000000 0.00000000 0.00000000 0.00000000 0.00000000 0.00000000 0.00000000 0.00000000 0.00000000 0.00000000 0.00000000 0.00000000 0.00000000 0.00000000 0.00000000 0.00000000 0.00000000 0.00000000 0.00000000 0.00000000 0.00000000 0.00000000 0.00000000 0.00000000 0.00000000 0.00000000 0.00000000 0.00000000 0.00000000 0.00000000 0.00000000 0.00000000 0.00000000 0.00000000 0.00000000 0.00000000 0.00000000
0.42790694 -0.02118571 0.11731660 1.37610942 -1.40325370 -2.49466609 1.60395988 2.83792236 0.78659295 -0.89061569 0.19708758 3.66390720 -0.90715764 -13.27655190 -4.46724382 0.43124738 -0.73836789 0.42234041 0.24205232 0.13300568 0.97030168 -1.06198865 -0.19849788 -3.04447918 1.00000000 0.00000000 0.00000000 0.00000000 0.00000000 0.00000000 0.00000000 0.00000000 0.00000000 0.00000000 0.00000000 0.00000000 0.00000000 0.00000000 0.00000000 0.00000000 0.00000000 0.00000000 0.00000000 0.00000000 0.00000000 0.00000000 0.00000000 0.00000000 0.00000000 0.00000000 0.00000000 0.00000000 0.00000000 0.00000000 0.00000000 0.00000000 0.00000000 0.00000000 0.00000000 0.00000000 0.00000000 0.00000000 0.00000000 0.00000000 0.00000000 0.00000000 0.00000000 0.00000000 0.00000000 0.00000000 0.00000000 0.00000000 0.00000000 0.00000000 0.00000000 0.00000000 0.00000000 0.00000000 0.00000000 0.00000000 0.00000000 0.00000000 0.00000000 0.00000000 0.00000000 0.00000000 0.00000000 0.00000000 0.00000000 0.00000000 0.00000000 0.00000000 0.00000000 0.00000000 0.00000000 0.00000000 0.00000000 0.00000000 0.00000000 0.00000000
0.03491204 0.39181044 0.09603428 0.76607842 -0.56831109 -3.67028761 2.51934555 6.88012352 2.35204022 -6.83671987 -0.05544347 13.75584046 -4.55735641 -39.04915221 -10.96526387 1.21311939 -1.06784242 -0.18159224 -0.15487089 -0.76591236 -3.89174221 4.30978810 1.01414513 7.83822822 -3.04670779 1.00000000 0.00000000 0.00000000 0.00000000 0.00000000 0.00000000 0.00000000 0.00000000 0.00000000 0.00000000 0.00000000 0.00000000 0.00000000 0.00000000 0.00000000 0.00000000 0.00000000 0.00000000 0.00000000 0.00000000 0.00000000 0.00000000 0.00000000 0.00000000 0.00000000 0.00000000 0.00000000 0.00000000 0.00000000 0.00000000 0.00000000 0.00000000 0.00000000 0.00000000 0.00000000 0.00000000 0.00000000 0.00000000 0.00000000 0.00000000 0.00000000 0.00000000 0.00000000 0.00000000 0.00000000 0.00000000 0.00000000 0.00000000 0.00000000 0.00000000 0.00000000 0.00000000 0.00000000 0.00000000 0.00000000 0.00000000 0.00000000 0.00000000 0.00000000 0.00000000 0.00000000 0.00000000 0.00000000 0.00000000 0.00000000 0.00000000 0.00000000 0.00000000 0.00000000 0.00000000 0.00000000 0.00000000 0.00000000 0.00000000 0.00000000
0.95264123 1.05098091 -0.35684300 -0.98863854 1.64149301 1.31576722 -0.55679709 -1.54399983 -0.30496680 0.42331828 0.11753278 -8.44235764 2.39220270 25.25838840 11.67372363 -0.90438343 3.32142978 -0.46532482 1.41015474 1.65161641 9.75597607 -4.81704816 -0.57067593 -5.45926859 2.57222707 -1.43410476 1.00000000 0.00000000 0.00000000 0.00000000 0.00000000 0.00000000 0.00000000 0.00000000 0.00000000 0.00000000 0.00000000 0.00000000 0.00000000 0.00000000 0.00000000 0.00000000 0.00000000 0.00000000 0.00000000 0.00000000 0.00000000 0.00000000 0.00000000 0.00000000 0.00000000 0.00000000 0.00000000 0.00000000 0.00000000 0.00000000 0.00000000 0.00000000 0.00000000 0.00000000 0.00000000 0.00000000 0.00000000 0.00000000 0.00000000 0.00000000 0.00000000 0.00000000 0.00000000 0.00000000 0.00000000 0.00000000 0.00000000 0.00000000 0.00000000 0.00000000 0.00000000 0.00000000 0.00000000 0.00000000 0.00000000 0.00000000 0.00000000 0.00000000 0.00000000 0.00000000 0.00000000 0.00000000 0.00000000 0.00000000 0.00000000 0.00000000 0.00000000 0.00000000 0.00000000 0.00000000 0.00000000 0.00000000 0.00000000 0.00000000
1.19009842 0.84899302 -0.20107685 -1.66234716 2.56215341 4.29606828 -2.57250224 -7.16431767 -2.61290296 6.25791548 0.02173062 -5.30849457 2.19251931 24.77593803 5.07421343 -0.46892806 0.46505471 0.58345543 1.72794509 0.81644012 8.83603285 2.99290118 2.81724753 10.56906830 -4.81459482 1.51616866 4.39536601 1.00000000 0.00000000 0.00000000 0.00000000 0.00000000 0.00000000 0.00000000 0.00000000 0.00000000 0.00000000 0.00000000 0.00000000 0.00000000 0.00000000 0.00000000 0.00000000 0.00000000 0.00000000 0.00000000 0.00000000 0.00000000 0.00000000 0.00000000 0.00000000 0.00000000 0.00000000 0.00000000 0.00000000 0.00000000 0.00000000 0.00000000 0.00000000 0.00000000 0.00000000 0.00000000 0.00000000 0.00000000 0.00000000 0.00000000 0.00000000 0.00000000 0.00000000 0.00000000 0.00000000 0.00000000 0.00000000 0.00000000 0.00000000 0.00000000 0.00000000 0.00000000 0.00000000 0.00000000 0.00000000 0.00000000 0.00000000 0.00000000 0.00000000 0.00000000 0.00000000 0.00000000 0.00000000 0.00000000 0.00000000 0.00000000 0.00000000 0.00000000 0.00000000 0.00000000 0.00000000 0.00000000 0.00000000 0.00000000
1.03761420 0.63186266 -1.30048174 -0.64264991 1.96939370 -1.13072325 0.93671248 5.33817459 1.81946963 -4.05404394 0.25062143 1.33233720 -0.78289089 -6.30451815 -1.04416992 0.40155520 0.85846760 -1.13647723 -1.10496118 -0.70640006 -4.57304470 -7.20538276 -3.52870582 -18.10020073 7.69304811 -1.92105819 -9.04557260 -1.74964245 1.00000000 0.00000000 0.00000000 0.00000000 0.00000000 0.00000000 0.00000000 0.00000000 0.00000000 0.00000000 0.00000000 0.00000000 0.00000000 0.00000000 0.00000000 0.00000000 0.00000000 0.00000000 0.00000000 0.00000000 0.00000000 0.00000000 0.00000000 0.00000000 0.00000000 0.00000000 0.00000000 0.00000000 0.00000000 0.00000000 0.00000000 0.00000000 0.00000000 0.00000000 0.00000000 0.00000000 0.00000000 0.00000000 0.00000000 0.00000000 0.00000000 0.00000000 0.00000000 0.00000000 0.00000000 0.00000000 0.00000000 0.00000000 0.00000000 0.00000000 0.00000000 0.00000000 0.00000000 0.00000000 0.00000000 0.00000000 0.00000000 0.00000000 0.00000000 0.00000000 0.00000000 0.00000000 0.00000000 0.00000000 0.00000000 0.00000000 0.00000000 0.00000000 0.00000000 0.00000000 0.00000000 0.00000000
0.22760699 0.92320534 -0.68162478 -0.20192837 0.94567707 -1.91369804 1.59593016 4.10698403 1.37238349 -5.28967920 0.01615045 9.19143667 -3.23502093 -19.20030029 -1.01180747 0.14680063 0.98201429 -0.08035055 -0.56472049 0.22912024 -5.13148654 2.70764034 -0.21303285 3.57725255 -0.88773677 -0.14300327 2.98399868 0.33167719 -1.99805373 1.00000000 0.00000000 0.00000000 0.00000000 0.00000000 0.00000000 0.00000000 0.00000000 0.00000000 0.00000000 0.00000000 0.00000000 0.00000000 0.00000000 0.00000000 0.00000000 0.00000000 0.00000000 0.00000000 0.00000000 0.00000000 0.00000000 0.00000000 0.00000000 0.00000000 0.00000000 0.00000000 0.00000000 0.00000000 0.00000000 0.00000000 0.00000000 0.00000000 0.00000000 0.00000000 0.00000000 0.00000000 0.00000000 0.00000000 0.00000000 0.00000000 0.00000000 0.00000000 0.00000000 0.00000000 0.00000000 0.00000000 0.00000000 0.00000000 0.00000000 0.00000000 0.00000000 0.00000000 0.00000000 0.00000000 0.00000000 0.00000000 0.00000000 0.00000000 0.00000000 0.00000000 0.00000000 0.00000000 0.00000000 0.00000000 0.00000000 0.00000000 0.00000000 0.00000000 0.00000000 0.00000000
0.55207434 0.44190565 -0.86948552 0.37202256 0.45975377 -0.62312796 0.85355015 -4.64549011 -1.80287204 5.19757292 0.87169497 -17.71706749 5.88297820 79.73844397 23.53076950 -2.51541419 2.65530825 -1.28457460 0.64671520 2.17344814 15.02835469 4.31763123 4.91937114 14.39564246 -7.39387127 3.14008429 8.53459815 1.92776587 -4.15006999 2.65553865 1.00000000 0.00000000 0.00000000 0.00000000 0.00000000 0.00000000 0.00000000 0.00000000 0.00000000 0.00000000 0.00000000 0.00000000 0.00000000 0.00000000 0.00000000 0.00000000 0.00000000 0.00000000 0.00000000 0.00000000 0.00000000 0.00000000 0.00000000 0.00000000 0.00000000 0.00000000 0.00000000 0.00000000 0.00000000 0.00000000 0.00000000 0.00000000 0.00000000 0.00000000 0.00000000 0.00000000 0.00000000 0.00000000 0.00000000 0.00000000 0.00000000 0.00000000 0.00000000 0.00000000 0.00000000 0.00000000 0.00000000 0.00000000 0.00000000 0.00000000 0.00000000 0.00000000 0.00000000 0.00000000 0.00000000 0.00000000 0.00000000 0.00000000 0.00000000 0.00000000 0.00000000 0.00000000 0.00000000 0.00000000 0.00000000 0.00000000 0.00000000 0.00000000 0.00000000 0.00000000
0.18513614 0.82351959 -0.34726003 -0.94629435 1.79077582 1.77563532 -0.54864354 -9.30581728 -3.48584283 9.29646568 0.81462923 -26.42153104 8.65807473 109.05873240 32.36778412 -3.31626636 4.15302013 -1.20081961 0.82049796 2.08373661 13.97625757 -3.87392744 0.86176478 -3.31701819 1.29524105 -0.32741456 1.51859344 0.03116081 1.60421875 -1.88582283 -1.24914633 1.00000000 0.00000000 0.00000000 0.00000000 0.00000000 0.00000000 0.00000000 0.00000000 0.00000000 0.00000000 0.00000000 0.00000000 0.00000000 0.00000000 0.00000000 0.00000000 0.00000000 0.00000000 0.00000000 0.00000000 0.00000000 0.00000000 0.00000000 0.00000000 0.00000000 0.00000000 0.00000000 0.00000000 0.00000000 0.00000000 0.00000000 0.00000000 0.00000000 0.00000000 0.00000000 0.00000000 0.00000000 0.00000000 0.00000000 0.00000000 0.00000000 0.00000000 0.00000000 0.00000000 0.00000000 0.00000000 0.00000000 0.00000000 0.00000000 0.00000000 0.00000000 0.00000000 0.00000000 0.00000000 0.00000000 0.00000000 0.00000000 0.00000000 0.00000000 0.00000000 0.00000000 0.00000000 0.00000000 0.00000000 0.00000000 0.00000000 0.00000000 0.00000000 0.00000000
0.21084175 0.32321902 -0.21546990 -0.46307053 0.82485759 -4.32489408 3.12690421 11.34298020 4.00378458 -10.15258454 0.38540290 7.94864074 -3.13673612 -25.24729991 -3.72268411 0.34080830 0.10790769 0.50096847 -0.23098684 0.19436697 -2.99570106 1.04864559 -0.39005799 0.20009404 0.25187148 -0.10629386 2.15890364 0.30638066 -4.57429374 3.24778330 0.99954791 0.27745135 1.00000000 0.00000000 0.00000000 0.00000000 0.00000000 0.00000000 0.00000000 0.00000000 0.00000000 0.00000000 0.00000000 0.00000000 0.00000000 0.00000000 0.00000000 0.00000000 0.00000000 0.00000000 0.00000000 0.00000000 0.00000000 0.00000000 0.00000000 0.00000000 0.00000000 0.00000000 0.00000000 0.00000000 0.00000000 0.00000000 0.00000000 0.00000000 0.00000000 0.00000000 0.00000000 0.00000000 0.00000000 0.00000000 0.00000000 0.00000000 0.00000000 0.00000000 0.00000000 0.00000000 0.00000000 0.00000000 0.00000000 0.00000000 0.00000000 0.00000000 0.00000000 0.00000000 0.00000000 0.00000000 0.00000000 0.00000000 0.00000000 0.00000000 0.00000000 0.00000000 0.00000000 0.00000000 0.00000000 0.00000000 0.00000000 0.00000000 0.00000000 0.00000000
0.69842572 0.54838230 0.16886550 0.01530393 0.08740222 -2.24994691 1.37859597 9.08079345 3.31014006 -8.65693780 -0.30657525 19.71205111 -6.50217485 -69.84378407 -15.53822528 1.68533762 -0.52809839 1.43303626 0.34953441 0.63427399 -2.22015691 4.40326659 1.26789765 6.80319174 -3.10851877 1.20838496 4.57123694 0.93289081 -4.30863613 2.89273550 0.99250641 -0.18978643 0.25956279 1.00000000 0.00000000 0.00000000 0.00000000 0.00000000 0.00000000 0.00000000 0.00000000 0.00000000 0.00000000 0.00000000 0.00000000 0.00000000 0.00000000 0.00000000 0.00000000 0.00000000 0.00000000 0.00000000 0.00000000 0.00000000 0.00000000 0.00000000 0.00000000 0.00000000 0.00000000 0.00000000 0.00000000 0.00000000 0.00000000 0.00000000 0.00000000 0.00000000 0.00000000 0.00000000 0.00000000 0.00000000 0.00000000 0.00000000 0.00000000 0.00000000 0.00000000 0.00000000 0.00000000 0.00000000 0.00000000 0.00000000 0.00000000 0.00000000 0.00000000 0.00000000 0.00000000 0.00000000 0.00000000 0.00000000 0.00000000 0.00000000 0.00000000 0.00000000 0.00000000 0.00000000 0.00000000 0.00000000 0.00000000 0.00000000 0.00000000 0.00000000
0.90975159 0.36985795 -1.16312209 0.25642940 0.69837148 -1.60495462 1.07741763 8.27437987 2.92800964 -8.02818959 -0.24843866 13.32065378 -4.86115581 -51.45105575 -13.37824622 1.47058641 -1.16558468 1.48225353 0.00011254 -0.87875117 -6.04957121 -4.35488245 -3.29897573 -12.28493097 6.30134732 -2.48205768 -7.87179316 -1.79659297 2.06245573 -1.46180929 -0.71108492 0.63548292 0.94037944 -1.08013975 1.00000000 0.00000000 0.00000000 0.00000000 0.00000000 0.00000000 0.00000000 0.00000000 0.00000000 0.00000000 0.00000000 0.00000000 0.00000000 0.00000000 0.00000000 0.00000000 0.00000000 0.00000000 0.00000000 0.00000000 0.00000000 0.00000000 0.00000000 0.00000000 0.00000000 0.00000000 0.00000000 0.00000000 0.00000000 0.00000000 0.00000000 0.00000000 0.00000000 0.00000000 0.00000000 0.00000000 0.00000000 0.00000000 0.00000000 0.00000000 0.00000000 0.00000000 0.00000000 0.00000000 0.00000000 0.00000000 0.00000000 0.00000000 0.00000000 0.00000000 0.00000000 0.00000000 0.00000000 0.00000000 0.00000000 0.00000000 0.00000000 0.00000000 0.00000000 0.00000000 0.00000000 0.00000000 0.00000000 0.00000000 0.00000000 0.00000000
0.52342732 0.69707350 -1.01105635 0.41211907 0.40283936 -0.31318618 0.24055651 0.63227646 0.04709563 0.27622193 -0.20672131 -0.06730636 -0.22396926 6.84874994 5.60609452 -0.50071151 1.60569730 0.61574391 1.38397994 1.44178752 10.55122057 -6.50713097 -1.04514277 -9.30861672 4.38746106 -1.99810282 -2.51438593 -0.86592577 4.17045520 -3.98879017 -1.70290454 0.99134356 0.14184950 0.40410038 1.60267772 1.00000000 0.00000000 0.00000000 0.00000000 0.00000000 0.00000000 0.00000000 0.00000000 0.00000000 0.00000000 0.00000000 0.00000000 0.00000000 0.00000000 0.00000000 0.00000000 0.00000000 0.00000000 0.00000000 0.00000000 0.00000000 0.00000000 0.00000000 0.00000000 0.00000000 0.00000000 0.00000000 0.00000000 0.00000000 0.00000000 0.00000000 0.00000000 0.00000000 0.00000000 0.00000000 0.00000000 0.00000000 0.00000000 0.00000000 0.00000000 0.00000000 0.00000000 0.00000000 0.00000000 0.00000000 0.00000000 0.00000000 0.00000000 0.00000000 0.00000000 0.00000000 0.00000000 0.00000000 0.00000000 0.00000000 0.00000000 0.00000000 0.00000000 0.00000000 0.00000000 0.00000000 0.00000000 0.00000000 0.00000000 0.00000000
0.67315811 -0.24160842 0.53534892 1.84471521 -2.15016156 -2.18296486 0.73480560 5.95056805 1.89844115 -3.61638144 -0.22047296 13.74600063 -4.28662663 -44.59268810 -14.17728617 1.70715738 -1.21588860 0.11054646 0.08911714 -1.29528790 -4.88682428 2.21215847 0.09750554 4.03626286 -1.42285501 0.47634507 -0.80807938 -0.13466697 1.35291467 -0.82460509 -0.11290535 -0.30696162 -0.52664546 -0.84016078 -1.38039884 0.07553921 1.00000000 0.00000000 0.00000000 0.00000000 0.00000000 0.00000000 0.00000000 0.00000000 0.00000000 0.00000000 0.00000000 0.00000000 0.00000000 0.00000000 0.00000000 0.00000000 0.00000000 0.00000000 0.00000000 0.00000000 0.00000000 0.00000000 0.00000000 0.00000000 0.00000000 0.00000000 0.00000000 0.00000000 0.00000000 0.00000000 0.00000000 0.00000000 0.00000000 0.00000000 0.00000000 0.00000000 0.00000000 0.00000000 0.00000000 0.00000000 0.00000000 0.00000000 0.00000000 0.00000000 0.00000000 0.00000000 0.00000000 0.00000000 0.00000000 0.00000000 0.00000000 0.00000000 0.00000000 0.00000000 0.00000000 0.00000000 0.00000000 0.00000000 0.00000000 0.00000000 0.00000000 0.00000000 0.00000000 0.00000000
1.28512683 0.56980439 -1.05721213 -0.78527937 1.84141801 1.05719365 -0.58417576 1.71544073 0.70454355 -0.55549041 0.17010471 -3.45158376 0.95029368 4.14496774 2.53167011 -0.03353081 1.25309824 -0.68310951 0.07364265 0.43539131 3.87516091 -3.16191601 -0.37181348 -5.51513675 1.85384276 -0.03780030 0.28571827 0.15963593 -1.85009367 1.89522391 0.78116695 -0.66341647 -0.61066407 0.13685634 -3.27510759 0.61210055 0.32783205 1.00000000 0.00000000 0.00000000 0.00000000 0.00000000 0.00000000 0.00000000 0.00000000 0.00000000 0.00000000 0.00000000 0.00000000 0.00000000 0.00000000 0.00000000 0.00000000 0.00000000 0.00000000 0.00000000 0.00000000 0.00000000 0.00000000 0.00000000 0.00000000 0.00000000 0.00000000 0.00000000 0.00000000 0.00000000 0.00000000 0.00000000 0.00000000 0.00000000 0.00000000 0.00000000 0.00000000 0.00000000 0.00000000 0.00000000 0.00000000 0.00000000 0.00000000 0.00000000 0.00000000 0.00000000 0.00000000 0.00000000 0.00000000 0.00000000 0.00000000 0.00000000 0.00000000 0.00000000 0.00000000 0.00000000 0.00000000 0.00000000 0.00000000 0.00000000 0.00000000 0.00000000 0.00000000 0.00000000
0.79702478 0.13541469 -0.17963307 0.02241005 0.68611576 2.25257832 -1.81956746 -0.73304598 -0.51077799 3.03782985 -0.66979095 10.45994878 -2.83268113 -44.97133997 -16.44834415 1.81163291 -2.39347408 -0.29411658 -1.52927027 -2.37540605 -11.95445393 -3.55726167 -3.20816195 -12.47850750 5.03012007 -1.11065638 -4.74128512 -0.72125747 -3.31692472 3.46312909 1.82133920 -0.69116570 -0.67613872 1.98993758 -5.79739124 4.07282189 1.63674832 2.69078420 1.00000000 0.00000000 0.00000000 0.00000000 0.00000000 0.00000000 0.00000000 0.00000000 0.00000000 0.00000000 0.00000000 0.00000000 0.00000000 0.00000000 0.00000000 0.00000000 0.00000000 0.00000000 0.00000000 0.00000000 0.00000000 0.00000000 0.00000000 0.00000000 0.00000000 0.00000000 0.00000000 0.00000000 0.00000000 0.00000000 0.00000000 0.00000000 0.00000000 0.00000000 0.00000000 0.00000000 0.00000000 0.00000000 0.00000000 0.00000000 0.00000000 0.00000000 0.00000000 0.00000000 0.00000000 0.00000000 0.00000000 0.00000000 0.00000000 0.00000000 0.00000000 0.00000000 0.00000000 0.00000000 0.00000000 0.00000000 0.00000000 0.00000000 0.00000000 0.00000000 0.00000000 0.00000000
0.69534645 0.43367789 -0.91074711 0.02726578 1.39261166 1.97626834 -1.32521988 -2.71900002 -1.57477184 4.47618291 -1.01652754 12.06349389 -3.35724755 -41.35085091 -14.56175617 1.23764896 -3.12066390 1.21337835 -0.02447526 -0.53657237 -2.21525113 4.33997734 1.66384787 7.43107575 -3.60238954 1.74361055 0.61564542 0.31297489 0.76515939 -0.65605837 -0.20409766 -0.05565471 -0.42688972 -0.10332892 -0.67784665 0.10995041 1.21948032 -0.11724363 -0.31402650 1.00000000 0.00000000 0.00000000 0.00000000 0.00000000 0.00000000 0.00000000 0.00000000 0.00000000 0.00000000 0.00000000 0.00000000 0.00000000 0.00000000 0.00000000 0.00000000 0.00000000 0.00000000 0.00000000 0.00000000 0.00000000 0.00000000 0.00000000 0.00000000 0.00000000 0.00000000 0.00000000 0.00000000 0.00000000 0.00000000 0.00000000 0.00000000 0.00000000 0.00000000 0.00000000 0.00000000 0.00000000 0.00000000 0.00000000 0.00000000 0.00000000 0.00000000 0.00000000 0.00000000 0.00000000 0.00000000 0.00000000 0.00000000 0.00000000 0.00000000 0.00000000 0.00000000 0.00000000 0.00000000 0.00000000 0.00000000 0.00000000 0.00000000 0.00000000 0.00000000 0.00000000
0.70816998 0.30458825 1.05611028 0.31241454 -1.23488894 -6.00222228 3.94673736 14.93351216 5.65400202 -14.85525555 1.03111660 10.29883744 -3.91107698 -32.89196532 -7.11459562 1.39068580 1.63478904 -1.64923251 -0.15165000 -0.37910498 -1.71482982 -3.24807338 -1.49489645 -9.00515836 3.43592276 -0.30524999 -3.75186167 -0.46979116 -4.46425393 4.45464752 2.45227820 -1.60497002 -1.12172598 1.31451600 -5.37133886 2.46382459 2.23513554 2.03873327 0.29710657 6.00304400 1.00000000 0.00000000 0.00000000 0.00000000 0.00000000 0.00000000 0.00000000 0.00000000 0.00000000 0.00000000 0.00000000 0.00000000 0.00000000 0.00000000 0.00000000 0.00000000 0.00000000 0.00000000 0.00000000 0.00000000 0.00000000 0.00000000 0.00000000 0.00000000 0.00000000 0.00000000 0.00000000 0.00000000 0.00000000 0.00000000 0.00000000 0.00000000 0.00000000 0.00000000 0.00000000 0.00000000 0.00000000 0.00000000 0.00000000 0.00000000 0.00000000 0.00000000 0.00000000 0.00000000 0.00000000 0.00000000 0.00000000 0.00000000 0.00000000 0.00000000 0.00000000 0.00000000 0.00000000 0.00000000 0.00000000 0.00000000 0.00000000 0.00000000 0.00000000 0.00000000
1.32616797 0.72914491 -0.73981891 0.20613879 0.32909512 0.99118922 -0.98756280 1.15929168 0.29111490 -0.06277756 -0.17516660 6.70323890 -2.03746747 -11.71662598 -1.38760743 0.30143677 0.82940521 0.17194662 0.74391177 0.60827843 3.12342510 3.15035459 1.78405241 8.40439712 -3.62650925 1.13820270 4.75084136 0.84735631 1.78196108 -1.87218062 -0.95145179 -0.45268009 -0.72116263 -0.73618666 -2.69170448 2.75130511 4.63621092 1.06810450 -0.33313304 12.01504999 1.04945660 1.00000000 0.00000000 0.00000000 0.00000000 0.00000000 0.00000000 0.00000000 0.00000000 0.00000000 0.00000000 0.00000000 0.00000000 0.00000000 0.00000000 0.00000000 0.00000000 0.00000000 0.00000000 0.00000000 0.00000000 0.00000000 0.00000000 0.00000000 0.00000000 0.00000000 0.00000000 0.00000000 0.00000000 0.00000000 0.00000000 0.00000000 0.00000000 0.00000000 0.00000000 0.00000000 0.00000000 0.00000000 0.00000000 0.00000000 0.00000000 0.00000000 0.00000000 0.00000000 0.00000000 0.00000000 0.00000000 0.00000000 0.00000000 0.00000000 0.00000000 0.00000000 0.00000000 0.00000000 0.00000000 0.00000000 0.00000000 0.00000000 0.00000000 0.00000000
0.79877157 0.78047584 -0.30911634 -0.88532651 1.94481920 4.13573576 -2.88129841 -6.04470863 -2.54295947 7.38312417 -0.63979040 -2.09533814 1.05493422 0.36125136 -1.54241434 0.16313538 -0.41697995 0.97581045 0.02054748 -0.53426998 -4.65707762 -2.57919732 -2.17860470 -7.14825578 3.60902408 -1.38036689 -0.67091210 -0.36939829 1.76078413 -1.23526153 -1.02009591 0.48152619 0.17382782 -1.05918626 -1.85214145 1.49009396 0.00849704 1.03388709 0.61233471 -2.76059172 -0.61926785 -0.07901745 1.00000000 0.00000000 0.00000000 0.00000000 0.00000000 0.00000000 0.00000000 0.00000000 0.00000000 0.00000000 0.00000000 0.00000000 0.00000000 0.00000000 0.00000000 0.00000000 0.00000000 0.00000000 0.00000000 0.00000000 0.00000000 0.00000000 0.00000000 0.00000000 0.00000000 0.00000000 0.00000000 0.00000000 0.00000000 0.00000000 0.00000000 0.00000000 0.00000000 0.00000000 0.00000000 0.00000000 0.00000000 0.00000000 0.00000000 0.00000000 0.00000000 0.00000000 0.00000000 0.00000000 0.00000000 0.00000000 0.00000000 0.00000000 0.00000000 0.00000000 0.00000000 0.00000000 0.00000000 0.00000000 0.00000000 0.00000000 0.00000000 0.00000000
1.03475976 0.13639525 -0.28153404 0.00569444 0.89121426 3.99617359 -2.69912255 -8.28915454 -3.13249461 10.58478814 -0.69229861 -9.31483440 3.55421985 3.75419323 -3.30033018 -0.03452261 -2.33026882 1.79611834 -0.10011423 -0.60023400 -3.99782530 -1.77639786 -1.39372724 -4.87164611 2.03053512 -1.02801024 -2.25719072 -0.37968252 2.69621585 -1.83301889 -0.78656109 1.83208957 1.37418246 0.14461025 1.71547965 -1.13501695 -4.23039375 -0.37401480 0.80322498 -13.67328977 -1.53551283 -0.62106127 -0.57260521 1.00000000 0.00000000 0.00000000 0.00000000 0.00000000 0.00000000 0.00000000 0.00000000 0.00000000 0.00000000 0.00000000 0.00000000 0.00000000 0.00000000 0.00000000 0.00000000 0.00000000 0.00000000 0.00000000 0.00000000 0.00000000 0.00000000 0.00000000 0.00000000 0.00000000 0.00000000 0.00000000 0.00000000 0.00000000 0.00000000 0.00000000 0.00000000 0.00000000 0.00000000 0.00000000 0.00000000 0.00000000 0.00000000 0.00000000 0.00000000 0.00000000 0.00000000 0.00000000 0.00000000 0.00000000 0.00000000 0.00000000 0.00000000 0.00000000 0.00000000 0.00000000 0.00000000 0.00000000 0.00000000 0.00000000 0.00000000 0.00000000
0.46757255 -0.00799428 1.17518405 2.13979725 -3.22110136 -4.16985663 1.79922207 13.77988159 4.85956185 -12.66401349 -1.21888990 32.70694632 -11.05182066 -128.80126325 -31.20109843 3.44661351 -1.64795494 1.72651736 0.29495158 -0.47202485 -9.68931683 3.51500979 -0.70813788 2.78495494 -0.59002028 -0.01042294 -1.10074515 -0.26525726 -1.22238995 1.30530644 0.63864853 -0.13607380 0.01028337 -0.22943777 0.20857204 -3.40975258 -3.42854265 -0.96017296 -0.31238346 -7.04980957 0.14085965 -0.54052303 -1.68511682 0.01890008 1.00000000 0.00000000 0.00000000 0.00000000 0.00000000 0.00000000 0.00000000 0.00000000 0.00000000 0.00000000 0.00000000 0.00000000 0.00000000 0.00000000 0.00000000 0.00000000 0.00000000 0.00000000 0.00000000 0.00000000 0.00000000 0.00000000 0.00000000 0.00000000 0.00000000 0.00000000 0.00000000 0.00000000 0.00000000 0.00000000 0.00000000 0.00000000 0.00000000 0.00000000 0.00000000 0.00000000 0.00000000 0.00000000 0.00000000 0.00000000 0.00000000 0.00000000 0.00000000 0.00000000 0.00000000 0.00000000 0.00000000 0.00000000 0.00000000 0.00000000 0.00000000 0.00000000 0.00000000 0.00000000 0.00000000 0.00000000
0.21054179 0.77851893 0.73299555 0.55125129 -1.04778526 -0.33285956 0.32620846 -5.05996633 -1.50233875 5.36474955 0.85818031 -27.71412479 8.73618066 88.55151144 28.60107440 -2.87172471 4.40691703 -1.36554292 -0.03786618 2.19523403 9.41462116 -1.81894305 0.97001723 -1.95300677 0.15514766 0.31113949 4.93107687 0.94358962 -4.70242831 3.51700325 1.31170109 -0.83389472 0.02904833 -0.85827554 -0.84794501 0.02531688 2.78934494 0.05448748 -0.42894757 10.63844804 0.87806022 0.77260846 0.49955505 -0.33816798 -1.04516654 1.00000000 0.00000000 0.00000000 0.00000000 0.00000000 0.00000000 0.00000000 0.00000000 0.00000000 0.00000000 0.00000000 0.00000000 0.00000000 0.00000000 0.00000000 0.00000000 0.00000000 0.00000000 0.00000000 0.00000000 0.00000000 0.00000000 0.00000000 0.00000000 0.00000000 0.00000000 0.00000000 0.00000000 0.00000000 0.00000000 0.00000000 0.00000000 0.00000000 0.00000000 0.00000000 0.00000000 0.00000000 0.00000000 0.00000000 0.00000000 0.00000000 0.00000000 0.00000000 0.00000000 0.00000000 0.00000000 0.00000000 0.00000000 0.00000000 0.00000000 0.00000000 0.00000000 0.00000000 0.00000000 0.00000000
0.17195517 1.25645840 -0.02664775 -0.37795054 0.60127819 -1.22706841 1.41488162 -2.23134296 -0.71417677 1.09630587 0.65748818 -8.67941126 2.90620486 43.48898915 15.43408196 -1.58081298 2.61961849 -0.55148980 1.23095377 2.68234404 13.79638200 6.34780046 5.11079044 16.97091660 -8.34970189 3.26541999 11.81455738 2.54498978 -7.64985420 5.17621373 2.45509059 -1.47021464 -0.89171801 0.88662824 -2.30441788 0.29724050 3.14214058 0.39430782 -0.86383936 13.19208960 2.31153657 0.63188907 -1.58183455 -0.47072170 0.51429596 0.66898272 1.00000000 0.00000000 0.00000000 0.00000000 0.00000000 0.00000000 0.00000000 0.00000000 0.00000000 0.00000000 0.00000000 0.00000000 0.00000000 0.00000000 0.00000000 0.00000000 0.00000000 0.00000000 0.00000000 0.00000000 0.00000000 0.00000000 0.00000000 0.00000000 0.00000000 0.00000000 0.00000000 0.00000000 0.00000000 0.00000000 0.00000000 0.00000000 0.00000000 0.00000000 0.00000000 0.00000000 0.00000000 0.00000000 0.00000000 0.00000000 0.00000000 0.00000000 0.00000000 0.00000000 0.00000000 0.00000000 0.00000000 0.00000000 0.00000000 0.00000000 0.00000000 0.00000000 0.00000000 0.00000000
0.09736246 0.03630470 1.15684345 1.71197763 -2.90582070 -4.61618767 2.86922288 7.17953451 2.79164794 -6.49635429 0.66078042 1.38934239 -0.62545494 -10.02034090 -0.68719371 0.04185704 0.37383072 -0.56434865 -0.66424258 0.07947610 -4.66901027 2.98897645 0.27842818 3.92235082 -1.58228503 0.61844031 1.84200226 0.37249375 -2.72688288 2.16543054 0.51926619 0.24718963 0.15053875 0.67537081 -0.56090585 -0.87049320 -3.17997322 0.17324174 0.47727659 -9.06194237 -0.88144871 -0.58259722 -0.21238956 0.49273440 0.06728468 0.42382276 0.23949233 1.00000000 0.00000000 0.00000000 0.00000000 0.00000000 0.00000000 0.00000000 0.00000000 0.00000000 0.00000000 0.00000000 0.00000000 0.00000000 0.00000000 0.00000000 0.00000000 0.00000000 0.00000000 0.00000000 0.00000000 0.00000000 0.00000000 0.00000000 0.00000000 0.00000000 0.00000000 0.00000000 0.00000000 0.00000000 0.00000000 0.00000000 0.00000000 0.00000000 0.00000000 0.00000000 0.00000000 0.00000000 0.00000000 0.00000000 0.00000000 0.00000000 0.00000000 0.00000000 0.00000000 0.00000000 0.00000000 0.00000000 0.00000000 0.00000000 0.00000000 0.00000000 0.00000000 0.00000000
0.20174029 0.63608344 -0.15091267 1.05719079 -1.25930547 -5.69189580 3.86837849 8.80794643 3.40387745 -9.11837356 1.30661694 -9.00323075 1.93229714 41.79319400 15.59136215 -1.41713903 3.07355159 -2.06800194 -0.96518685 0.71609554 1.21941472 -4.06995488 -1.51857568 -9.05531518 3.98276632 -1.28636936 -3.85070391 -0.84269063 -0.20072347 0.14613958 0.04676583 0.29170806 0.45335496 -0.41252413 2.11083100 -2.17806524 -0.63810077 -1.10006539 -0.76962951 3.72396176 0.75945915 0.17397600 -1.04168621 0.33715448 -0.43946635 1.39939351 0.48984471 1.25558405 1.00000000 0.00000000 0.00000000 0.00000000 0.00000000 0.00000000 0.00000000 0.00000000 0.00000000 0.00000000 0.00000000 0.00000000 0.00000000 0.00000000 0.00000000 0.00000000 0.00000000 0.00000000 0.00000000 0.00000000 0.00000000 0.00000000 0.00000000 0.00000000 0.00000000 0.00000000 0.00000000 0.00000000 0.00000000 0.00000000 0.00000000 0.00000000 0.00000000 0.00000000 0.00000000 0.00000000 0.00000000 0.00000000 0.00000000 0.00000000 0.00000000 0.00000000 0.00000000 0.00000000 0.00000000 0.00000000 0.00000000 0.00000000 0.00000000 0.00000000 0.00000000 0.00000000
0.12559803 -0.01235531 -0.01138362 0.21542500 -0.02186682 -2.09904269 1.55949369 0.72315394 0.02441581 0.13838605 0.45795539 -8.86191397 2.52837106 44.63858046 12.26825159 -1.37469989 0.81596859 -1.61075828 -0.75214200 -0.28865232 1.27747706 0.95307504 0.88770416 4.43154856 -1.80554996 0.56795221 -1.04305360 -0.20893016 3.78351892 -3.00709320 -1.23643250 0.43376759 0.48838157 -2.41168384 2.04026683 0.11091841 3.01029729 -0.90058523 -0.24575273 6.27536713 -0.30367328 0.50646241 1.97925629 -0.04247620 -1.45171862 1.69130214 3.07751177 -1.42095901 -1.95805019 1.00000000 0.00000000 0.00000000 0.00000000 0.00000000 0.00000000 0.00000000 0.00000000 0.00000000 0.00000000 0.00000000 0.00000000 0.00000000 0.00000000 0.00000000 0.00000000 0.00000000 0.00000000 0.00000000 0.00000000 0.00000000 0.00000000 0.00000000 0.00000000 0.00000000 0.00000000 0.00000000 0.00000000 0.00000000 0.00000000 0.00000000 0.00000000 0.00000000 0.00000000 0.00000000 0.00000000 0.00000000 0.00000000 0.00000000 0.00000000 0.00000000 0.00000000 0.00000000 0.00000000 0.00000000 0.00000000 0.00000000 0.00000000 0.00000000 0.00000000 0.00000000
0.29397717 1.00702513 0.25945268 -0.65362068 0.78257289 -1.32481897 0.95410188 3.65474827 1.41757826 -3.81028683 0.15987050 0.97374297 -0.66171187 0.44822528 1.92049495 0.02819770 1.26518959 -0.37619237 0.56317459 0.19929628 2.79976680 0.19259024 0.41686743 2.71206013 -0.79638518 0.04594129 1.87582020 0.26364344 -1.65096783 1.08044477 0.33564830 -0.10279239 0.11534426 0.22235293 -1.11264205 1.35142788 0.85310706 0.59586925 0.38174889 0.18280557 -0.05134914 0.01271680 0.48563015 -0.23174110 -0.00780573 0.19207991 1.39275401 -1.25717860 -1.50672095 0.29168236 1.00000000 0.00000000 0.00000000 0.00000000 0.00000000 0.00000000 0.00000000 0.00000000 0.00000000 0.00000000 0.00000000 0.00000000 0.00000000 0.00000000 0.00000000 0.00000000 0.00000000 0.00000000 0.00000000 0.00000000 0.00000000 0.00000000 0.00000000 0.00000000 0.00000000 0.00000000 0.00000000 0.00000000 0.00000000 0.00000000 0.00000000 0.00000000 0.00000000 0.00000000 0.00000000 0.00000000 0.00000000 0.00000000 0.00000000 0.00000000 0.00000000 0.00000000 0.00000000 0.00000000 0.00000000 0.00000000 0.00000000 0.00000000 0.00000000 0.00000000
0.40733661 -0.05492081 1.78855490 0.66189643 -1.76728046 -4.90468187 2.73354673 12.30253076 4.50575785 -10.78197402 0.36670116 9.97110541 -3.73940964 -35.76095156 -8.58320244 1.29094060 0.53816574 -1.50553075 -0.38031840 -0.47513046 -1.24829464 2.97070025 1.41019881 5.29772975 -3.01473322 1.70512058 -0.67908346 0.25052348 -2.18764098 2.38656708 1.68567396 -0.69241038 -0.59468285 0.37396312 -0.89335283 -2.61144427 -0.30943575 -1.01799713 -0.43188049 -1.09904166 -0.03127091 -0.40544292 -0.17538514 0.52114764 -1.34437909 3.60333947 4.52396163 0.34566434 -1.05454293 0.80925891 1.23819047 1.00000000 0.00000000 0.00000000 0.00000000 0.00000000 0.00000000 0.00000000 0.00000000 0.00000000 0.00000000 0.00000000 0.00000000 0.00000000 0.00000000 0.00000000 0.00000000 0.00000000 0.00000000 0.00000000 0.00000000 0.00000000 0.00000000 0.00000000 0.00000000 0.00000000 0.00000000 0.00000000 0.00000000 0.00000000 0.00000000 0.00000000 0.00000000 0.00000000 0.00000000 0.00000000 0.00000000 0.00000000 0.00000000 0.00000000 0.00000000 0.00000000 0.00000000 0.00000000 0.00000000 0.00000000 0.00000000 0.00000000 0.00000000 0.00000000
1.07570914 0.88546950 -1.78817092 0.28791208 1.62874168 2.25930777 -1.32800916 -2.99524378 -1.44387767 4.17549163 -0.90004876 10.85485617 -2.98973331 -43.07156272 -16.12436144 1.33408225 -3.70415642 2.69119314 0.96677919 0.01482425 1.97594954 1.68833429 1.08959044 3.40456827 -1.63170511 0.58889050 -0.28467334 -0.01748922 2.78883500 -2.84372972 -1.05326701 0.82154461 0.14259317 0.94432109 -0.21922964 1.65177190 0.43393171 0.63324854 -0.02247296 0.00346582 0.38790763 0.09968192 -1.10972080 0.17694699 1.24912532 -1.92251945 -1.23834314 -0.57093392 -0.92720565 -0.17083458 -2.05878057 -2.04289204 1.00000000 0.00000000 0.00000000 0.00000000 0.00000000 0.00000000 0.00000000 0.00000000 0.00000000 0.00000000 0.00000000 0.00000000 0.00000000 0.00000000 0.00000000 0.00000000 0.00000000 0.00000000 0.00000000 0.00000000 0.00000000 0.00000000 0.00000000 0.00000000 0.00000000 0.00000000 0.00000000 0.00000000 0.00000000 0.00000000 0.00000000 0.00000000 0.00000000 0.00000000 0.00000000 0.00000000 0.00000000 0.00000000 0.00000000 0.00000000 0.00000000 0.00000000 0.00000000 0.00000000 0.00000000 0.00000000 0.00000000 0.00000000
0.63223692 0.50775535 0.28411017 1.29163288 -1.25595229 -2.48551951 1.52035760 6.68064790 2.55103264 -6.64051684 -0.33171752 17.21554006 -5.46588523 -72.42261861 -21.08812027 2.10221000 -2.79267013 1.68028274 0.54105485 -0.81035297 -4.12371165 -0.57713406 -1.16303252 -2.95677560 1.71269247 -0.60343700 -1.74808409 -0.36719076 -1.82879966 1.58006242 1.00534960 -1.07929220 -0.68353703 0.68863597 -3.18689031 2.30368947 2.08054679 1.53282779 0.01258221 6.84746775 1.15875811 0.48134461 -0.73435014 -0.39983707 1.21407693 -5.00060446 -7.10868569 -1.86507421 0.07400574 -1.16083829 -1.29926224 -6.49105520 1.93537889 1.00000000 0.00000000 0.00000000 0.00000000 0.00000000 0.00000000 0.00000000 0.00000000 0.00000000 0.00000000 0.00000000 0.00000000 0.00000000 0.00000000 0.00000000 0.00000000 0.00000000 0.00000000 0.00000000 0.00000000 0.00000000 0.00000000 0.00000000 0.00000000 0.00000000 0.00000000 0.00000000 0.00000000 0.00000000 0.00000000 0.00000000 0.00000000 0.00000000 0.00000000 0.00000000 0.00000000 0.00000000 0.00000000 0.00000000 0.00000000 0.00000000 0.00000000 0.00000000 0.00000000 0.00000000 0.00000000 0.00000000
1.16425574 0.46719101 -1.61045794 -0.93739385 2.96326836 2.33522459 -1.41357777 1.71151248 0.21665771 -0.73157456 -1.16956805 19.13926019 -6.02420129 -69.85465872 -17.58486409 1.67257302 -1.96382021 1.74916158 -0.33214113 -0.13767438 -6.41046245 3.96037078 0.37591337 3.61848589 -1.57774597 0.90448149 0.72603234 0.16501174 -2.08394066 1.53185371 0.21090314 0.61250899 0.58288172 -0.04238063 -0.99610714 0.66846187 -0.21150656 0.50549204 0.54234395 -4.26248365 -0.80535435 -0.16814784 0.34726942 0.48583171 -0.11332345 -1.23038543 -0.66407742 -1.56910661 -2.08860186 -0.35279107 -0.94245366 -5.06790455 2.25085332 0.69444107 1.00000000 0.00000000 0.00000000 0.00000000 0.00000000 0.00000000 0.00000000 0.00000000 0.00000000 0.00000000 0.00000000 0.00000000 0.00000000 0.00000000 0.00000000 0.00000000 0.00000000 0.00000000 0.00000000 0.00000000 0.00000000 0.00000000 0.00000000 0.00000000 0.00000000 0.00000000 0.00000000 0.00000000 0.00000000 0.00000000 0.00000000 0.00000000 0.00000000 0.00000000 0.00000000 0.00000000 0.00000000 0.00000000 0.00000000 0.00000000 0.00000000 0.00000000 0.00000000 0.00000000 0.00000000 0.00000000
0.66285338 0.80704466 -0.00520471 0.90603595 -0.61187998 -0.52131592 0.26420712 -2.58928838 -0.93825885 2.66295028 0.06558068 -11.94706110 3.50698835 39.74165350 9.90635317 -0.72910918 1.71112607 -1.26829024 1.13998704 0.57466100 10.66517442 -3.49309263 0.60445493 -1.95808406 0.79993713 -0.40971253 -4.46837305 -0.76655526 3.28988658 -2.23972966 -0.05465015 -0.50308291 -1.10647821 0.26637946 -2.11460971 1.14209735 1.26946714 0.84126405 -0.37318331 4.83999991 1.41676034 0.28444017 -2.47979032 0.23023753 1.62547765 -2.25992837 -2.66984053 -1.03086393 -0.18399777 -0.53982649 0.65465620 -5.09492812 1.88116099 0.96350853 0.06210447 1.00000000 0.00000000 0.00000000 0.00000000 0.00000000 0.00000000 0.00000000 0.00000000 0.00000000 0.00000000 0.00000000 0.00000000 0.00000000 0.00000000 0.00000000 0.00000000 0.00000000 0.00000000 0.00000000 0.00000000 0.00000000 0.00000000 0.00000000 0.00000000 0.00000000 0.00000000 0.00000000 0.00000000 0.00000000 0.00000000 0.00000000 0.00000000 0.00000000 0.00000000 0.00000000 0.00000000 0.00000000 0.00000000 0.00000000 0.00000000 0.00000000 0.00000000 0.00000000 0.00000000 0.00000000
1.24342593 0.73156789 -2.01930425 0.43336752 1.45726934 2.36618470 -1.33594774 -5.84578256 -2.45085279 6.00407011 -0.32554739 -2.30680847 0.96328306 14.71206479 1.18464494 -0.12200308 -0.53060549 0.28711575 -0.07162392 -0.15557997 0.29908020 -1.45104157 -0.44697003 -3.89997319 1.66043376 -0.08856174 -3.62545358 -0.62614116 2.06902630 -1.52384626 -0.43156661 -0.33834215 -0.81475480 -0.51692533 -2.18524323 2.01281900 2.71078251 1.10394364 -0.48637292 8.62155270 1.40650322 0.57396811 -1.25340546 0.19687516 1.07463950 -3.22125417 -3.56730484 -1.21896909 -2.12480420 -0.79384335 -3.75207328 -8.07060916 3.04730861 0.73980518 0.57687738 1.65975717 1.00000000 0.00000000 0.00000000 0.00000000 0.00000000 0.00000000 0.00000000 0.00000000 0.00000000 0.00000000 0.00000000 0.00000000 0.00000000 0.00000000 0.00000000 0.00000000 0.00000000 0.00000000 0.00000000 0.00000000 0.00000000 0.00000000 0.00000000 0.00000000 0.00000000 0.00000000 0.00000000 0.00000000 0.00000000 0.00000000 0.00000000 0.00000000 0.00000000 0.00000000 0.00000000 0.00000000 0.00000000 0.00000000 0.00000000 0.00000000 0.00000000 0.00000000 0.00000000 0.00000000
0.15172298 1.42790077 0.15936516 -0.66951166 0.78836406 -2.31102756 1.84448308 5.74336992 2.40882753 -7.94874113 0.52118725 -0.89094535 -0.47333091 5.81172079 9.03062332 -0.49812610 3.97958609 -1.13867191 0.47411524 1.42815479 4.91226539 -7.55976576 -2.56172937 -14.64550069 6.66025254 -2.42102612 -3.96544978 -1.05829644 0.70971743 -0.34946949 -0.19338400 -0.29691681 -0.22169781 -0.35699817 1.27383087 -2.08722142 -0.23229518 -0.98005647 -0.76895895 4.78797270 0.87887279 0.24315726 -0.91727830 0.07923872 -0.22805354 -0.17670003 -1.16965324 0.78964821 0.94365198 -0.49967592 -1.05138833 -1.85445343 0.93537492 0.00279837 0.06276082 2.88521624 0.44811016 1.00000000 0.00000000 0.00000000 0.00000000 0.00000000 0.00000000 0.00000000 0.00000000 0.00000000 0.00000000 0.00000000 0.00000000 0.00000000 0.00000000 0.00000000 0.00000000 0.00000000 0.00000000 0.00000000 0.00000000 0.00000000 0.00000000 0.00000000 0.00000000 0.00000000 0.00000000 0.00000000 0.00000000 0.00000000 0.00000000 0.00000000 0.00000000 0.00000000 0.00000000 0.00000000 0.00000000 0.00000000 0.00000000 0.00000000 0.00000000 0.00000000 0.00000000 0.00000000
0.48698664 1.12420368 0.14466268 -1.87966706 3.11344978 1.29287116 -0.15318619 -2.49986156 -0.97371403 2.20140894 0.45709410 0.47777799 0.48666605 8.69247489 -0.51441977 0.39393179 0.36442225 -1.47919750 -0.09725001 -0.84627877 0.16361200 -0.93946131 0.02566123 -2.16003691 0.17356250 0.55207489 -0.05447118 0.21690901 -1.80076080 2.01532737 1.28425538 -0.67263126 -0.85740135 0.86462644 -3.57606681 1.53371513 0.52006845 1.24635078 0.63897525 -1.74335361 -0.04551021 -0.19722126 0.35287393 -0.09288847 -0.06880487 0.90485277 1.82670881 -1.05715993 -1.95129479 0.49338085 -0.34318171 1.07271051 -0.41317928 -0.43140555 -0.00431547 1.16719752 0.33878978 0.33631231 1.00000000 0.00000000 0.00000000 0.00000000 0.00000000 0.00000000 0.00000000 0.00000000 0.00000000 0.00000000 0.00000000 0.00000000 0.00000000 0.00000000 0.00000000 0.00000000 0.00000000 0.00000000 0.00000000 0.00000000 0.00000000 0.00000000 0.00000000 0.00000000 0.00000000 0.00000000 0.00000000 0.00000000 0.00000000 0.00000000 0.00000000 0.00000000 0.00000000 0.00000000 0.00000000 0.00000000 0.00000000 0.00000000 0.00000000 0.00000000 0.00000000 0.00000000
0.78976746 0.75841107 -0.97960564 -1.30207819 2.73536685 -1.08354652 1.36204262 2.13281680 0.67257870 -1.33437037 0.55611214 -5.51399485 1.64742146 24.54396201 8.11163951 -0.82417132 1.26034418 -0.59956163 -0.06404271 1.07466213 4.71948184 2.79091203 2.33846130 6.47445124 -3.59090447 1.81601863 1.06252130 0.50542970 -1.58760908 1.15555256 0.31051394 1.55379725 1.18319224 0.38292747 -0.81359872 0.90301839 -0.04558921 0.34528712 0.52345209 -3.10008095 -1.15437038 -0.35088419 1.92260796 0.56396459 -2.93169500 5.88043081 6.32097944 1.63345515 -0.98075621 1.68790800 0.64429227 10.82357712 -4.97065834 -1.84076481 0.03613794 -6.42131891 1.29233560 -3.33720373 0.37981574 1.00000000 0.00000000 0.00000000 0.00000000 0.00000000 0.00000000 0.00000000 0.00000000 0.00000000 0.00000000 0.00000000 0.00000000 0.00000000 0.00000000 0.00000000 0.00000000 0.00000000 0.00000000 0.00000000 0.00000000 0.00000000 0.00000000 0.00000000 0.00000000 0.00000000 0.00000000 0.00000000 0.00000000 0.00000000 0.00000000 0.00000000 0.00000000 0.00000000 0.00000000 0.00000000 0.00000000 0.00000000 0.00000000 0.00000000 0.00000000 0.00000000
0.10942718 1.33329177 -0.14643395 -2.19365811 3.76626751 5.58615318 -2.78739020 -15.16463994 -5.84775461 13.28456243 -0.54016042 -2.13479233 1.97212177 18.06669858 2.43643776 -0.49681734 -0.83520383 1.05842648 0.87955467 0.38058303 2.15459322 5.16936501 2.46946575 12.80765061 -5.65423143 1.68330125 7.66627138 1.49976593 -0.51902706 -0.05452547 -0.54358770 -0.06897446 -0.19355573 0.57410387 -1.43319326 3.50099962 1.68815544 1.46195286 0.98130317 0.63288650 -0.89230241 0.12740821 2.35632261 -0.33325781 -0.74669894 0.65113032 1.19537039 -0.18493590 0.29074663 0.59299315 2.14120441 5.66400252 -2.73898077 -0.56094028 -0.43288387 -2.07461843 -0.37470545 -0.57804479 4.01898175 1.62509525 1.00000000 0.00000000 0.00000000 0.00000000 0.00000000 0.00000000 0.00000000 0.00000000 0.00000000 0.00000000 0.00000000 0.00000000 0.00000000 0.00000000 0.00000000 0.00000000 0.00000000 0.00000000 0.00000000 0.00000000 0.00000000 0.00000000 0.00000000 0.00000000 0.00000000 0.00000000 0.00000000 0.00000000 0.00000000 0.00000000 0.00000000 0.00000000 0.00000000 0.00000000 0.00000000 0.00000000 0.00000000 0.00000000 0.00000000 0.00000000
1.18200774 0.19089693 0.22137211 0.53046454 -0.49224235 -3.02533764 1.65060620 14.29015444 5.16926847 -13.81383032 -0.45609827 33.66029095 -10.92056535 -122.28269032 -31.95686821 3.52352271 -2.40128938 1.61164689 0.24312816 -1.06874480 -8.93604287 2.68017312 -0.60513027 1.76237818 -0.61125210 0.55418804 0.92281345 0.27661171 -2.67765330 2.63504473 1.03369385 -1.24928189 -0.36967879 -0.76149464 -1.21694771 0.09155630 1.89906632 0.06493847 -0.21624496 5.08033231 0.21164546 0.29286359 1.21544272 -0.60431758 -0.23974667 -2.11173790 -2.53253228 -0.40380405 0.00717435 -0.54916776 -3.33395330 -1.95746302 0.95818171 -0.13400259 0.07673374 -2.10471776 0.60633833 -1.01252039 -5.98177286 -1.84274151 -2.58010759 1.00000000 0.00000000 0.00000000 0.00000000 0.00000000 0.00000000 0.00000000 0.00000000 0.00000000 0.00000000 0.00000000 0.00000000 0.00000000 0.00000000 0.00000000 0.00000000 0.00000000 0.00000000 0.00000000 0.00000000 0.00000000 0.00000000 0.00000000 0.00000000 0.00000000 0.00000000 0.00000000 0.00000000 0.00000000 0.00000000 0.00000000 0.00000000 0.00000000 0.00000000 0.00000000 0.00000000 0.00000000 0.00000000 0.00000000
1.22465467 -0.13126328 -0.23537685 2.00766243 -2.40457032 -2.45507137 0.84738006 7.81803391 2.95083437 -4.34533451 0.02523964 -0.55174040 -0.29788767 -21.03145534 -5.95774646 0.58225528 -0.77996900 1.01580434 0.01082390 0.11905682 -0.68571068 -2.99346332 -1.32112167 -6.91961450 2.96303811 -1.02999708 -4.39271742 -0.85962954 3.34386865 -2.42895703 -1.44432351 2.14365678 1.61828785 0.02149155 1.19883852 0.66206494 -2.75933097 0.24040149 0.75942965 -11.59015325 -2.28147625 -0.57989483 1.54324289 1.09538489 -1.89572207 4.11818851 4.40069980 1.90590737 -0.93036394 1.03709204 0.74237989 6.48177018 -3.01920254 -0.93725776 0.66455558 -9.23022724 0.93518487 -4.71195558 -3.14646485 0.22847557 -1.31231331 0.89029019 1.00000000 0.00000000 0.00000000 0.00000000 0.00000000 0.00000000 0.00000000 0.00000000 0.00000000 0.00000000 0.00000000 0.00000000 0.00000000 0.00000000 0.00000000 0.00000000 0.00000000 0.00000000 0.00000000 0.00000000 0.00000000 0.00000000 0.00000000 0.00000000 0.00000000 0.00000000 0.00000000 0.00000000 0.00000000 0.00000000 0.00000000 0.00000000 0.00000000 0.00000000 0.00000000 0.00000000 0.00000000 0.00000000
0.36378776 -0.13212467 0.62885191 2.09519534 -2.70504018 -3.24659092 1.52667034 4.99479734 1.76605679 -2.88616783 0.31868974 -4.96823837 1.09546838 13.07800231 3.50531310 -0.16144151 0.93723550 -0.87411493 -0.44940182 -0.20951384 -1.29170043 -0.83961990 -0.63369005 -2.58538605 1.38043801 -0.53456760 -3.68577313 -0.77142496 1.36250841 -0.86846848 -0.29245887 0.88680012 0.87323680 -0.85765635 3.33337577 -3.62601138 -3.22634176 -1.71634988 -0.17635293 -7.16080677 -0.53047507 -0.55811997 -0.28984482 0.09361802 -0.29643894 2.07317441 2.88792801 0.03302337 -0.28833583 0.70733497 0.62230699 3.53174621 -1.28200957 -0.56743726 -0.27826664 2.42493862 -0.21609875 1.25912535 8.49812397 2.88310623 2.83379623 -0.50419753 0.48538456 1.00000000 0.00000000 0.00000000 0.00000000 0.00000000 0.00000000 0.00000000 0.00000000 0.00000000 0.00000000 0.00000000 0.00000000 0.00000000 0.00000000 0.00000000 0.00000000 0.00000000 0.00000000 0.00000000 0.00000000 0.00000000 0.00000000 0.00000000 0.00000000 0.00000000 0.00000000 0.00000000 0.00000000 0.00000000 0.00000000 0.00000000 0.00000000 0.00000000 0.00000000 0.00000000 0.00000000 0.00000000
0.12934281 0.85030204 -0.62999500 -1.04827005 2.35614391 1.40644879 -0.12265184 -7.60756133 -2.93386285 7.36835754 0.41701794 -14.07443463 4.97309447 56.44432734 12.57114479 -1.59735456 -0.21676443 0.31400680 0.16417993 -0.02825246 2.29798494 -0.48699759 0.21808016 1.42914283 -0.46022932 -0.13102955 2.49195714 0.39112589 1.15679291 -1.33050473 -0.96181038 1.37630189 1.08096009 -0.16874570 -0.65456137 4.17000301 2.39723670 1.38094575 1.16972946 0.14212665 -1.66535142 0.07561426 3.49319229 0.45895052 -2.68648428 3.09179676 4.43512203 -1.13708777 -2.97126370 1.45460837 2.18188953 2.91283685 -2.00325492 0.09307601 0.42193712 -8.15598105 0.45263099 -3.80670247 -3.90194894 -0.76412245 -1.44748891 0.07412083 -1.20596605 -5.58234382 1.00000000 0.00000000 0.00000000 0.00000000 0.00000000 0.00000000 0.00000000 0.00000000 0.00000000 0.00000000 0.00000000 0.00000000 0.00000000 0.00000000 0.00000000 0.00000000 0.00000000 0.00000000 0.00000000 0.00000000 0.00000000 0.00000000 0.00000000 0.00000000 0.00000000 0.00000000 0.00000000 0.00000000 0.00000000 0.00000000 0.00000000 0.00000000 0.00000000 0.00000000 0.00000000 0.00000000
1.03294210 0.26733420 0.54193780 1.04518394 -1.09830264 2.22014507 -2.06866629 -4.11032370 -1.39054490 5.44807316 -0.36536140 -4.64510752 1.77678987 -2.97155602 -4.16521155 0.43492160 -1.07606093 0.22116627 -0.13664674 -0.98459396 -4.41639926 -1.08126903 -1.23362532 -1.94421733 1.05445350 -0.92134953 -2.27680775 -0.38168864 3.20560396 -1.91905412 -0.72671096 0.83449809 0.62785424 -0.26939963 0.38317252 0.03241587 -1.19370992 -0.08261117 0.47438222 -5.74455548 -1.16431925 0.00033297 0.02357370 0.84242991 -0.77930384 0.25300493 -0.11730825 -0.07515037 -0.47023480 0.09523830 -0.56069559 -0.23247315 0.00486476 -0.11446595 0.14921072 1.48141593 0.19905162 0.53128116 6.72819059 2.77382814 2.22931445 -0.19643232 0.68837517 1.38834065 -1.48598513 1.00000000 0.00000000 0.00000000 0.00000000 0.00000000 0.00000000 0.00000000 0.00000000 0.00000000 0.00000000 0.00000000 0.00000000 0.00000000 0.00000000 0.00000000 0.00000000 0.00000000 0.00000000 0.00000000 0.00000000 0.00000000 0.00000000 0.00000000 0.00000000 0.00000000 0.00000000 0.00000000 0.00000000 0.00000000 0.00000000 0.00000000 0.00000000 0.00000000 0.00000000 0.00000000
0.40978046 -0.01614544 1.51739437 0.51979301 -1.23169230 0.54073506 -0.93150650 -1.62789565 -0.65461441 3.82920128 0.09172190 -9.26661556 3.11442065 21.20086922 4.61449135 -0.22100479 1.12405342 -1.21118009 -0.30651216 -0.12021966 0.96708715 -2.68301221 -0.45526096 -5.81475593 1.73389424 0.29486737 -1.31747421 -0.00152746 -2.75379981 3.05163085 1.70212978 -1.65425280 -1.53257750 0.66199362 -4.19037435 0.75020690 1.64587838 1.12073085 -0.36175934 5.47599233 1.21432547 0.19500016 -1.51431956 -0.29000209 1.34023800 -1.93076846 -3.19906356 0.40912934 2.00787120 -0.85454988 1.80622222 -2.69311142 0.96977423 0.83089052 0.01673944 0.90442157 -0.07689459 0.05471777 -9.68519252 -4.11131167 -2.60686646 -0.26989295 -1.05232196 -6.16995237 -5.89818026 5.54042478 1.00000000 0.00000000 0.00000000 0.00000000 0.00000000 0.00000000 0.00000000 0.00000000 0.00000000 0.00000000 0.00000000 0.00000000 0.00000000 0.00000000 0.00000000 0.00000000 0.00000000 0.00000000 0.00000000 0.00000000 0.00000000 0.00000000 0.00000000 0.00000000 0.00000000 0.00000000 0.00000000 0.00000000 0.00000000 0.00000000 0.00000000 0.00000000 0.00000000 0.00000000
0.92260091 0.21520685 -0.17291833 1.74553799 -1.57481045 -0.11385356 -0.56654837 0.32523623 -0.18846686 1.05380682 -0.85933105 9.41254897 -2.92188501 -38.44267213 -12.72350858 1.30989186 -1.78156218 1.06659094 0.90789634 -0.05919438 1.55026820 5.66512459 2.71674742 13.29631109 -5.81733801 2.09648114 2.14628138 0.65265146 0.22814217 0.00717478 0.31407204 -0.80818058 -1.07340507 0.57774425 -0.34421834 -1.23737348 -1.32708426 -0.31787129 -0.28481513 -3.51835220 0.36610765 -0.15454182 -2.20724950 0.18892897 2.14156595 -3.52049672 -3.89712953 -0.55834284 0.90784256 -1.08181355 0.56434393 -7.34298235 3.42765477 1.42967277 -0.14500963 3.90511267 -1.21082448 2.19503434 -0.39589327 -1.01082859 -0.34039558 -0.31662887 -1.49560803 -12.24561136 4.07761826 -1.05233197 0.12149708 1.00000000 0.00000000 0.00000000 0.00000000 0.00000000 0.00000000 0.00000000 0.00000000 0.00000000 0.00000000 0.00000000 0.00000000 0.00000000 0.00000000 0.00000000 0.00000000 0.00000000 0.00000000 0.00000000 0.00000000 0.00000000 0.00000000 0.00000000 0.00000000 0.00000000 0.00000000 0.00000000 0.00000000 0.00000000 0.00000000 0.00000000 0.00000000 0.00000000
1.11507966 0.10057866 -1.20421834 0.86381904 -0.32806629 -0.28245221 0.14763395 1.69623509 0.55606966 0.05026801 -0.19569233 0.89201923 -0.36069476 -7.94799530 2.09081120 -0.49085466 0.39416290 1.99353601 1.46486142 2.02024021 8.46121324 2.60524536 2.21853067 8.72867665 -3.52223639 0.84284270 6.49473391 1.06943627 0.22809560 -1.15015883 -1.18596365 0.95395465 0.59106903 -0.26116122 -1.74130489 3.81777088 2.50208460 1.36899172 0.69867205 1.23688437 -0.80325611 0.31496293 1.63904554 0.37996884 -0.77046703 -0.86195953 -0.02496657 -1.30127185 -2.20976316 -0.09730543 -1.50484294 -2.47042174 0.93649905 0.01440997 0.55508783 -0.58842384 0.96109334 -0.73943185 -4.61455494 -1.44624043 -1.65180515 0.40561264 0.16495325 2.43300543 -3.68021864 2.37523318 0.04837276 -0.25914294 1.00000000 0.00000000 0.00000000 0.00000000 0.00000000 0.00000000 0.00000000 0.00000000 0.00000000 0.00000000 0.00000000 0.00000000 0.00000000 0.00000000 0.00000000 0.00000000 0.00000000 0.00000000 0.00000000 0.00000000 0.00000000 0.00000000 0.00000000 0.00000000 0.00000000 0.00000000 0.00000000 0.00000000 0.00000000 0.00000000 0.00000000 0.00000000
0.27753210 0.23439162 0.08736419 0.35839962 -0.04504090 -1.93447895 1.61085782 -0.43845023 -0.39776242 0.76178074 0.21106361 -3.36357687 1.12270740 18.66650588 3.76423423 -0.37545030 0.12641689 -1.26786669 -0.21539353 -0.12893110 1.28126059 1.93100188 1.29821335 4.66265331 -2.45810839 1.13703846 0.06354493 0.25054271 -1.56851619 1.45074666 1.08952866 -0.62938821 -0.40314660 0.55531779 -0.49572802 -0.67763905 0.19350439 -0.02255067 -0.35643711 3.74089238 0.91327956 -0.02083469 -0.84213197 -0.02936251 0.12123007 1.46244008 1.53508487 0.27364127 0.64529053 0.34675720 2.23230663 2.06528754 -1.21952706 -0.02310260 0.42978050 -4.80146829 0.43568457 -2.79812416 -5.85813068 -1.14767627 -1.26919886 0.42107833 1.54705945 16.57059439 -2.16467610 -1.42643266 -0.41659640 -1.34294795 -5.52036449 1.00000000 0.00000000 0.00000000 0.00000000 0.00000000 0.00000000 0.00000000 0.00000000 0.00000000 0.00000000 0.00000000 0.00000000 0.00000000 0.00000000 0.00000000 0.00000000 0.00000000 0.00000000 0.00000000 0.00000000 0.00000000 0.00000000 0.00000000 0.00000000 0.00000000 0.00000000 0.00000000 0.00000000 0.00000000 0.00000000 0.00000000
0.47043431 0.60594721 0.12785380 -0.57584769 1.00793504 -1.28123194 1.04704004 2.06672386 0.78681374 -0.66018061 1.03336878 -12.49806400 3.88632829 43.92035708 9.48978237 -0.68098753 1.26814149 -2.37307811 -1.28981547 -0.82787659 -1.27194839 -2.63967243 -0.82783376 -6.29524365 2.09825638 -0.00956958 -3.31451086 -0.43504418 -0.59505346 1.08831203 0.53647590 -0.32782582 0.09758103 -0.40379832 -1.06736435 1.23175704 1.60773784 0.53765877 0.26841023 2.96430073 -0.40270267 0.07287163 1.81422273 0.19207775 -1.28644982 1.56462849 2.43650395 -0.20402725 -1.20898807 0.78029920 0.04792142 1.45421461 -0.50982071 -0.12718443 0.14256234 -0.99710531 -0.46500057 -0.06816694 5.31976017 2.06019292 1.69687295 -0.13046014 0.34444544 3.63403297 3.08748777 -3.06494632 -0.59721518 0.58458809 11.20457243 -1.54872610 1.00000000 0.00000000 0.00000000 0.00000000 0.00000000 0.00000000 0.00000000 0.00000000 0.00000000 0.00000000 0.00000000 0.00000000 0.00000000 0.00000000 0.00000000 0.00000000 0.00000000 0.00000000 0.00000000 0.00000000 0.00000000 0.00000000 0.00000000 0.00000000 0.00000000 0.00000000 0.00000000 0.00000000 0.00000000 0.00000000
0.36171618 -0.11439256 1.47676666 0.87201566 -1.71669427 -1.66071614 0.68639770 5.89742809 2.18973141 -4.96007333 -0.41342102 11.61519721 -3.87047945 -59.83677917 -13.76459239 1.51851637 -0.48305591 1.36805411 0.07024751 0.33950586 -3.45936096 -2.99213971 -1.97763732 -10.43828325 4.31567665 -0.98172334 -1.82137565 -0.41805312 -2.59770793 2.30707377 1.28177057 -1.48764380 -0.75877846 -0.16949674 -0.22613163 -2.18336172 1.00732881 -0.66373683 -0.99587502 8.87012827 2.20750574 0.46382354 -2.13388476 -0.88378806 1.66392090 -1.71380402 -2.44756481 -0.75880308 1.30889293 -0.85575996 -0.13592431 -3.44125090 1.38886989 0.47170836 0.17717371 2.46774006 0.31424418 0.69456128 -8.97783515 -3.73630192 -2.49983775 0.16538039 0.21882962 5.59253551 -1.63194495 0.12344162 0.27176187 -0.93128754 -10.71349937 2.35416497 0.31193373 1.00000000 0.00000000 0.00000000 0.00000000 0.00000000 0.00000000 0.00000000 0.00000000 0.00000000 0.00000000 0.00000000 0.00000000 0.00000000 0.00000000 0.00000000 0.00000000 0.00000000 0.00000000 0.00000000 0.00000000 0.00000000 0.00000000 0.00000000 0.00000000 0.00000000 0.00000000 0.00000000 0.00000000 0.00000000
0.90240206 0.10911828 -1.13343482 0.12481256 0.84223221 -2.45318672 2.10829588 2.15179016 0.45258580 -0.69080492 0.70856947 -2.56950771 1.04211496 27.25914122 4.66801366 -0.56360414 -0.43517453 -1.04253207 -0.20755411 0.06663918 3.99981992 7.09470535 4.21905887 17.20701563 -8.31371713 3.40879496 4.33711133 1.22816977 0.60264704 -0.46309853 -0.57863096 1.31271821 0.80968926 -0.72548288 -3.24509062 5.09826926 1.14170174 2.18109873 1.63331862 -8.77174009 -2.83259237 -0.57828212 4.49172748 0.55131682 -2.90687919 4.64468802 6.42641043 0.68306390 -2.80358229 1.87552633 -0.32107407 11.18601398 -5.02051836 -1.92350009 0.05170176 -8.51666089 1.20735789 -4.12950748 4.99950764 3.33344353 1.25152703 0.65889897 1.83112780 14.78294047 -1.41425900 -1.50884018 -1.27407769 0.46141762 21.77102231 -3.99788469 0.50236689 -1.25264167 1.00000000 0.00000000 0.00000000 0.00000000 0.00000000 0.00000000 0.00000000 0.00000000 0.00000000 0.00000000 0.00000000 0.00000000 0.00000000 0.00000000 0.00000000 0.00000000 0.00000000 0.00000000 0.00000000 0.00000000 0.00000000 0.00000000 0.00000000 0.00000000 0.00000000 0.00000000 0.00000000 0.00000000
0.33138526 -0.13679852 0.49781069 1.34373585 -1.54975506 -1.94580570 1.19987683 -0.78705681 -0.49252280 3.68635430 0.44173950 -11.82435013 4.00254204 34.44634734 5.25657062 -0.63082177 -0.64964547 -1.20604927 -0.80314380 -0.77558102 -1.74082205 2.57179430 1.12216205 4.81887808 -2.73125519 1.37531066 1.17221992 0.53215357 -1.15134482 1.31709965 0.44570795 1.13578840 0.52748512 0.63133965 -5.03742430 4.42008646 -1.46247699 2.96593264 2.00570750 -13.09695630 -2.24470802 -0.73967547 1.63291583 1.03731506 -1.09354017 2.50358249 3.35007269 -0.19569727 -2.64977705 0.71416160 1.81868260 0.49163018 -0.67383041 0.22559834 1.07481031 -8.45111086 0.82035546 -4.42577025 -15.99606798 -5.65217913 -5.73141822 0.89723927 -1.06663648 -5.91570050 -3.14385067 3.28908280 0.52493286 -0.20683469 1.36461406 0.41283987 0.34235538 0.86006074 0.20643933 1.00000000 0.00000000 0.00000000 0.00000000 0.00000000 0.00000000 0.00000000 0.00000000 0.00000000 0.00000000 0.00000000 0.00000000 0.00000000 0.00000000 0.00000000 0.00000000 0.00000000 0.00000000 0.00000000 0.00000000 0.00000000 0.00000000 0.00000000 0.00000000 0.00000000 0.00000000 0.00000000
0.58502256 -0.06118587 0.33913509 2.24471066 -2.82842739 -0.43294565 -0.43478083 0.51850205 0.12736884 1.19851335 -0.66069987 1.16977188 -0.57584931 -17.32550975 -1.67630819 0.09735862 0.32260410 0.49479880 0.43091930 0.77327150 2.59636309 0.54894510 0.52482838 2.46009859 -0.82790129 0.10792713 1.84054892 0.24256820 -0.35280674 0.03538093 -0.11962401 0.17812102 0.04611710 -0.60768599 -0.31226633 0.74212242 -0.34915795 0.31011723 0.55132026 -3.59228752 -0.20440019 -0.29077228 1.04888737 -1.17737315 1.13425097 -2.57778268 -1.31354709 -1.07544340 -0.41363655 -0.17763473 -3.83454930 0.92868999 0.14286594 -0.99320214 -0.89943079 7.03070517 0.11151893 3.63719842 -4.67337497 -3.58987604 -2.07374025 0.08835943 -0.82053560 -6.41652043 -10.76817318 9.82915417 1.48265044 -0.02652922 4.54844330 -0.37322962 0.11588282 0.40672161 0.48011083 -1.12626683 1.00000000 0.00000000 0.00000000 0.00000000 0.00000000 0.00000000 0.00000000 0.00000000 0.00000000 0.00000000 0.00000000 0.00000000 0.00000000 0.00000000 0.00000000 0.00000000 0.00000000 0.00000000 0.00000000 0.00000000 0.00000000 0.00000000 0.00000000 0.00000000 0.00000000 0.00000000
0.51513317 0.52883012 -0.58411348 0.77020647 -0.57858265 -3.93771837 3.02468943 5.33657205 1.94280964 -4.73417868 0.80341353 2.87041432 -0.75907681 1.84728479 0.97801785 -0.29339535 -0.35920807 0.24691593 0.43907034 0.72548032 3.17616158 9.52909820 4.38724455 21.45408750 -9.54366722 3.19678249 11.25327405 2.34624598 -4.60039666 2.87807264 0.73779042 0.62466937 0.40658299 0.40856530 -5.94803911 6.07654375 1.97269036 3.23784467 1.59229644 -3.41366613 -1.26015807 -0.20064278 2.52115011 0.32048475 -1.37267998 1.93517905 3.70766761 -0.13519693 -3.34642592 0.85946152 -2.32925858 4.70310195 -2.47580615 -1.32250336 0.61981732 -6.77171447 2.34070658 -4.07965703 -12.48577408 -4.05543949 -4.48811484 0.97849467 0.19719997 0.30621854 -8.44469953 6.54505066 0.68514910 -0.05757364 9.45569683 -1.29843549 0.43685682 -0.02158166 0.01229135 -0.69628633 -0.73036714 1.00000000 0.00000000 0.00000000 0.00000000 0.00000000 0.00000000 0.00000000 0.00000000 0.00000000 0.00000000 0.00000000 0.00000000 0.00000000 0.00000000 0.00000000 0.00000000 0.00000000 0.00000000 0.00000000 0.00000000 0.00000000 0.00000000 0.00000000 0.00000000 0.00000000
0.71943935 0.69518194 -1.53474380 -0.72218801 2.09687343 2.35098499 -1.03864593 -9.90295897 -3.85876367 10.85838479 0.33896104 -20.88985957 7.07224067 91.35174972 27.96322236 -3.13648471 3.02216400 -1.12278642 0.37960291 2.32715729 12.27195280 6.78848247 5.18675533 20.31714245 -9.35195517 3.10435418 12.31970125 2.38356742 -0.45026445 -0.93475731 -0.97091369 -0.13080243 -0.32583434 -0.30722635 -0.45009529 3.98054690 4.07818379 1.19631467 0.43958278 9.03745042 -0.12152951 0.79354024 2.41287691 -0.44828764 -0.68089349 0.79776141 1.35625652 -0.22413093 0.18078642 0.43768993 2.15703239 2.30213627 -0.97733069 0.06709745 0.00042476 -4.44162165 -0.73457656 -1.65821096 -4.44999688 -1.15841978 -1.50667188 0.60248940 0.65702386 8.17402278 -2.06425756 -0.02553861 -0.49862695 0.01362445 8.09914860 -1.49816681 0.12731287 -0.80944702 0.22119354 -0.45590610 0.76206084 24.05797683 1.00000000 0.00000000 0.00000000 0.00000000 0.00000000 0.00000000 0.00000000 0.00000000 0.00000000 0.00000000 0.00000000 0.00000000 0.00000000 0.00000000 0.00000000 0.00000000 0.00000000 0.00000000 0.00000000 0.00000000 0.00000000 0.00000000 0.00000000 0.00000000
0.09400517 0.44012486 -0.17870244 0.48399945 -0.23394217 -4.34736808 3.17146507 6.82607673 2.36728206 -6.23920535 0.76036314 2.03913704 -0.88925481 1.26995091 -0.22479040 0.05411157 -0.23181988 -1.59581059 -1.04344095 -0.36316510 0.38875972 -3.24034759 -0.70493168 -8.03182604 2.70121026 0.17381408 -4.36367954 -0.59972301 -2.06779150 1.94056892 1.72301780 -2.25771897 -2.02149144 0.72091025 -1.23621960 -0.37681797 5.02331540 -0.55269583 -1.67752099 18.49464143 3.07152498 0.92776980 -2.44505443 -0.58789995 1.08269662 -1.85885958 -3.44441924 0.68041523 2.40784633 -1.07074862 -1.13801771 -4.12581652 2.28574296 0.42280737 -0.67016148 9.12624906 -1.04871622 4.71205813 7.74353321 2.03391607 3.24395285 -0.92519661 0.24411139 -0.45254160 1.07213851 -0.55694737 0.03339598 0.13637828 -6.95252291 0.47448332 -0.89851654 -0.45065877 0.12894979 -0.22633567 -0.79444879 -21.72702676 -0.96052089 1.00000000 0.00000000 0.00000000 0.00000000 0.00000000 0.00000000 0.00000000 0.00000000 0.00000000 0.00000000 0.00000000 0.00000000 0.00000000 0.00000000 0.00000000 0.00000000 0.00000000 0.00000000 0.00000000 0.00000000 0.00000000 0.00000000 0.00000000
0.14752226 0.66966334 0.87926346 -0.72873040 0.79008472 -0.12475884 0.22850621 0.47205069 0.07398126 -1.32966118 -0.03148672 5.34606182 -1.66049961 -6.92780669 -1.44380264 0.30521645 0.48835403 -0.35921463 0.56592785 0.27184523 2.91840548 5.11453991 2.80243939 13.29143909 -5.93556351 2.12672265 4.10428050 0.90316690 1.82705587 -1.63930695 -0.52780005 -0.85840111 -0.46635144 -1.36071729 5.76114323 -6.10647831 0.06162872 -3.69609952 -1.74202076 8.60412664 1.23284794 0.24738958 0.10668158 -0.81103693 -0.46901993 2.12856565 2.89102956 1.11193213 2.54539884 0.79673366 1.28746029 5.48142633 -1.62746601 -0.67606585 -1.70476788 8.55806831 -1.98332368 5.35759634 20.38201810 6.65217127 7.22915108 -1.41046047 0.72126288 6.82430485 1.33665525 -1.98620672 -0.46829225 0.32935525 7.64780410 -1.19105101 0.60704315 -0.44920523 0.75206844 -1.39022750 2.07224056 22.40730124 0.94012888 -0.61841755 1.00000000 0.00000000 0.00000000 0.00000000 0.00000000 0.00000000 0.00000000 0.00000000 0.00000000 0.00000000 0.00000000 0.00000000 0.00000000 0.00000000 0.00000000 0.00000000 0.00000000 0.00000000 0.00000000 0.00000000 0.00000000 0.00000000
0.34874913 0.36417872 1.33233757 1.39721897 -2.24281709 -4.52815825 2.28784678 13.67178248 5.04907643 -12.13719034 -0.25693734 22.89391070 -7.70719632 -94.68874881 -26.57717446 2.94628768 -2.45547023 -0.20154271 -1.00232650 -1.92312831 -11.80476965 -0.51588768 -2.23200998 -5.40970238 2.53163406 -0.71609573 -5.92336001 -0.97966970 -0.75110761 1.44514345 0.92747419 0.11603533 -0.37565322 1.50094537 -5.35091316 3.24671551 0.05865663 2.25610766 0.97232354 -5.86521533 -0.76691921 -0.39845146 0.01064125 0.70035861 -0.70999135 1.26002532 1.12198802 0.82013286 -1.02529843 0.07748143 -1.20005169 1.46816901 -0.64460214 -0.66269186 0.23978449 -0.99067811 1.11797256 -1.00656712 -3.62694145 -1.34656960 -1.71335724 0.45512155 -0.09812148 -5.07622205 -4.15442989 4.21009386 0.55277447 0.33664085 3.51959317 -0.75981160 -0.22908789 -0.24424175 0.18842015 0.28497977 -0.20137546 -5.21358029 -0.21856567 0.10889486 0.11501634 1.00000000 0.00000000 0.00000000 0.00000000 0.00000000 0.00000000 0.00000000 0.00000000 0.00000000 0.00000000 0.00000000 0.00000000 0.00000000 0.00000000 0.00000000 0.00000000 0.00000000 0.00000000 0.00000000 0.00000000 0.00000000
1.30540270 -0.37200016 0.58399476 1.55967942 -2.60667662 -5.40282688 2.58004929 19.84711619 7.30404997 -17.57066771 0.16976434 22.57527400 -8.18980808 -83.45152825 -21.07286525 2.71176123 -0.32116549 -0.49100300 0.26660169 -1.22225708 -4.55073873 -1.45463765 -1.38180822 -3.76396761 1.94094024 -0.48222409 -6.53568085 -1.11514828 2.92072513 -1.09469620 -0.23522431 0.15616158 -0.20160590 -0.84300947 -3.53627316 1.67822518 -1.73225528 1.72253716 0.79233379 -7.63429568 -0.77405598 -0.66007211 0.45657569 0.45613177 0.41800804 -1.10086973 -0.18403588 0.26493575 -1.02428975 -0.09672268 -2.81701767 -1.19054355 0.71311068 -0.27289290 -0.00268903 0.62406723 0.83457036 -0.00447534 -4.92510237 -2.05607692 -1.74574967 0.54500981 0.56191716 5.57685239 -5.33545518 3.31482117 0.18197144 0.40682572 16.12471870 -2.03332967 1.24175066 0.37521878 -0.11556346 0.80617011 -0.08676577 -10.61103195 -0.42132044 1.05773204 -1.54970129 145.77454857 1.00000000 0.00000000 0.00000000 0.00000000 0.00000000 0.00000000 0.00000000 0.00000000 0.00000000 0.00000000 0.00000000 0.00000000 0.00000000 0.00000000 0.00000000 0.00000000 0.00000000 0.00000000 0.00000000 0.00000000
0.34204717 0.69269005 -0.37280883 -0.57323535 1.69284283 3.74905923 -2.12586348 -9.96770445 -3.74732472 10.45955027 -0.26171836 -13.26532438 4.76438158 37.05528366 10.58605072 -1.43234782 0.24904600 1.58420934 0.59995390 1.16137374 5.65247805 -5.91116772 -1.60799952 -12.12318144 5.24266136 -1.79812406 -1.40305075 -0.57985821 0.88616557 -1.24034203 -0.80725978 1.13754928 0.64059098 -0.05822105 -0.11407015 1.28297740 -0.18470031 0.66409092 0.53709065 -2.67448488 -0.36703144 -0.07296007 0.37471184 -0.00569042 0.46168595 -2.40408431 -2.38676944 -2.09173929 -2.27147821 -0.33814359 -1.92127716 -6.25254937 2.29229223 0.69542576 0.47489083 0.47259947 1.09033583 -0.50015994 -12.64405326 -5.17745087 -3.98253551 0.25680033 -0.66511609 2.37452683 -1.40984662 0.47852839 0.36238725 -1.19843116 -11.18409712 2.98164673 0.55833386 1.95349239 -0.00469134 0.17741972 -0.04418711 5.03557233 0.16730749 -0.24906818 0.64324576 126.04247410 0.83531159 1.00000000 0.00000000 0.00000000 0.00000000 0.00000000 0.00000000 0.00000000 0.00000000 0.00000000 0.00000000 0.00000000 0.00000000 0.00000000 0.00000000 0.00000000 0.00000000 0.00000000 0.00000000 0.00000000
0.29978302 1.26711979 -0.02888655 -1.85249182 3.25136489 1.10724631 -0.29694943 1.22224552 0.12931889 -2.63040966 -0.35832741 19.10402322 -5.79122947 -52.39422869 -16.79797884 1.99975350 -1.48608868 0.35195056 -0.11790413 -1.46508654 -8.99963159 4.15959177 -0.11170985 5.32727150 -1.67783873 0.63082602 -0.78919969 -0.16702110 0.66196554 -0.33873829 -0.05910977 -1.13567892 -1.22541685 -0.73729846 -1.88531609 1.03138683 3.96335234 0.50153743 -0.49328089 13.40990865 1.78072894 0.82367092 -0.86310992 -0.18522315 1.32233589 -4.89964601 -6.00020625 -1.95988699 -0.22883397 -1.24309569 -1.35588968 -10.00578378 3.75775338 1.59831326 0.92421616 -0.27855389 0.08146403 -0.45962301 -6.03014914 -2.06297422 -1.34992857 -0.17420066 -0.46101706 -1.09198332 2.94059810 -2.19187021 0.27466292 -0.32381090 -11.78217405 1.84793915 -0.27356522 0.04511132 0.06421960 -2.70447727 -1.22157118 10.87248640 0.29566861 -2.01055329 3.69815434 -172.37906694 -1.19057250 0.61257426 1.00000000 0.00000000 0.00000000 0.00000000 0.00000000 0.00000000 0.00000000 0.00000000 0.00000000 0.00000000 0.00000000 0.00000000 0.00000000 0.00000000 0.00000000 0.00000000 0.00000000 0.00000000
0.51457408 0.39073311 1.19343150 0.29067461 -1.06875492 -1.38426782 0.39672561 7.87650841 3.20820193 -6.43911131 -0.14138145 7.09981241 -2.68714772 -50.93594405 -13.97295230 1.72838440 -0.58851745 0.29741336 -0.01101984 -0.56988273 -3.82381000 -0.60013837 -1.00188638 -3.40288338 1.43542376 -0.49734265 -2.85868518 -0.37395942 -3.17980690 3.15583596 1.33846979 0.53730979 0.28288551 2.63384288 -3.48789478 0.60155343 -4.88553287 1.65433602 1.10053012 -15.44987135 -0.89791062 -0.95831455 -1.94957285 0.81730457 0.80839996 0.51654624 0.86788656 1.60792532 0.45321454 -0.44951947 -0.67670366 0.91295208 0.28472685 -0.50948163 -0.00604470 2.31680076 -0.06138036 1.12559843 4.59311801 1.51958815 1.01045498 0.18009777 0.34599848 -1.69604798 -1.99589075 2.01581206 0.08219173 0.29385224 4.73744440 -1.12202381 -0.38037085 -0.62859491 -0.03750763 0.62384445 0.61078978 -13.20959051 -0.46930909 0.85327690 -1.79997879 -128.06520077 -0.83585743 -1.14516740 2.00346343 1.00000000 0.00000000 0.00000000 0.00000000 0.00000000 0.00000000 0.00000000 0.00000000 0.00000000 0.00000000 0.00000000 0.00000000 0.00000000 0.00000000 0.00000000 0.00000000 0.00000000
0.26088738 0.03985320 0.09690505 1.81192619 -1.78480570 1.25420650 -1.37476593 -4.03869847 -1.61951497 6.84912021 -1.10687666 -3.97242681 1.37920233 -15.18028022 -3.20747039 -0.30320942 -2.02503145 1.71664334 -1.30535808 -0.00049415 -8.22431091 -0.75702632 -1.92801279 -5.55422177 2.67471619 -1.20220996 0.74141603 -0.15165291 -0.13188819 -0.52596246 -0.67973542 0.92577006 1.51110618 -0.88418250 7.10098289 -6.11628464 -3.61497052 -3.64994374 -0.76483506 -6.54276319 -0.77726431 -0.27889894 -0.11690193 0.02850054 -0.76622292 3.38617771 3.68643417 0.85441096 1.77495439 0.79231207 3.02142152 5.74950153 -1.85196832 -0.60665298 -0.89011450 6.14323815 -1.95375344 3.94019994 21.39273202 7.70013182 7.39739281 -1.03353477 1.66871036 6.25297451 3.85850481 -3.84191446 -0.71018128 -0.26631830 -5.18084827 0.69454708 -0.36693052 -0.16183482 0.30828496 -0.06373309 1.77050221 -0.97884431 0.02496294 0.75430861 -1.11016476 -18.14190706 -0.10117186 -0.58152353 1.80503208 0.93698475 1.00000000 0.00000000 0.00000000 0.00000000 0.00000000 0.00000000 0.00000000 0.00000000 0.00000000 0.00000000 0.00000000 0.00000000 0.00000000 0.00000000 0.00000000 0.00000000
0.05696196 0.88189839 -0.25568601 -0.27935536 1.02094930 -0.35624894 0.52252107 -1.97086329 -0.94538673 2.47339341 -0.13161338 -1.95512846 0.71742932 8.13040103 -0.37408369 0.08021746 -0.57145977 -0.71128010 -0.71144002 -0.87190011 -2.56322462 -2.00232496 -1.11623228 -5.28246107 2.26000127 -0.64358172 -3.36354767 -0.65594899 -0.22997271 0.24680783 0.57067292 -1.14683828 -0.75357315 0.84395882 -0.57624752 1.52637207 3.64034181 0.32164301 -0.56851367 12.46190515 1.75372050 0.83993180 -1.13871830 -0.45449055 0.27148104 1.11453594 -0.16036015 1.12102153 2.63772794 -0.11022255 2.83610479 2.59446994 -1.20501906 -0.01648118 -0.22973300 1.73056668 -0.93166169 1.05220061 2.98124876 0.91883970 1.55710460 -0.56072347 0.37148789 -1.20213546 0.28030274 -0.02401764 0.15012830 -0.21751586 -8.34940145 0.93182186 -0.82282566 -0.48504963 -0.48914218 0.10957502 -0.27131251 -21.33055911 -0.89829411 2.23791059 -2.39109741 -445.06114790 -2.93309236 -2.70024067 9.64385131 3.61019691 -14.19401499 1.00000000 0.00000000 0.00000000 0.00000000 0.00000000 0.00000000 0.00000000 0.00000000 0.00000000 0.00000000 0.00000000 0.00000000 0.00000000 0.00000000 0.00000000
0.26295514 0.58364813 -0.44289754 -0.04271292 0.73249688 1.20117284 -0.66969433 -6.31556030 -2.54646200 7.70346486 -0.19160807 -12.70726099 4.18778433 42.51508636 12.62486503 -1.52451719 0.88917266 -0.57423411 -0.12452509 0.60837906 4.21821362 -4.02538265 -0.79604677 -5.83544734 2.53496948 -1.05200422 -1.70585926 -0.45654835 2.62089288 -2.20681350 -0.96268225 0.67049804 -0.27138782 0.78400957 -0.79491249 1.22920818 0.66974249 0.33094226 0.17740045 -0.33370828 -0.33497787 0.04374363 0.14539381 0.40892925 -1.39533130 3.28258761 2.65519238 1.91249061 1.26701757 0.34916691 1.15916284 4.74886038 -1.73171112 -0.80994527 -0.38246382 1.39568663 -0.17414870 0.79229149 8.81467871 3.73233633 3.03779270 -0.17636786 1.33062454 10.75221481 -1.45924962 -0.74315895 -0.76084130 -0.62854895 0.22085732 -0.76069908 -0.94176550 -1.17090897 -0.05115642 1.28667490 0.78378602 -21.14124977 -0.78936140 2.03683097 -2.82653453 -196.91920067 -1.27983636 -1.89529491 5.66406943 2.55821814 -12.41254376 1.20059211 1.00000000 0.00000000 0.00000000 0.00000000 0.00000000 0.00000000 0.00000000 0.00000000 0.00000000 0.00000000 0.00000000 0.00000000 0.00000000 0.00000000
0.32149395 0.22330155 0.86440230 -0.34370929 0.47000040 -2.52576114 1.62228519 9.50206114 3.37839884 -8.18705227 0.04507167 14.75900626 -4.85234075 -63.52494978 -20.17028511 2.28345873 -2.29418208 -0.72378926 -2.17562198 -2.72344845 -16.64629978 -4.48869031 -4.51186420 -17.55149546 7.42939164 -1.56223925 -8.36375516 -1.47864193 -3.56233148 4.10207665 1.82764084 -0.78297712 -0.55107588 0.93201578 -6.70937481 3.59572613 2.02478392 2.68895409 0.72521499 1.45552438 -0.37588210 -0.06473869 1.63516962 -0.16922931 -1.86977350 3.20639633 1.19309649 2.73859139 1.57341102 0.45181911 -0.00662947 6.86600706 -3.22138267 -0.93298017 -0.18750936 -7.61304671 0.13550111 -3.17021944 -3.02665659 -0.52093326 -1.69717094 0.66189762 -0.59982073 -5.35591648 1.22047125 -0.09500643 -0.29528264 0.55942450 8.40345736 -1.91334930 -0.34670307 -0.66003047 0.60618668 2.33861444 0.74610803 -35.44845782 -1.34124693 2.58673565 -3.77509275 -156.42689175 -1.00898653 -1.95854290 1.26124910 1.00554474 -5.41343478 0.52824752 0.47214280 1.00000000 0.00000000 0.00000000 0.00000000 0.00000000 0.00000000 0.00000000 0.00000000 0.00000000 0.00000000 0.00000000 0.00000000 0.00000000
0.45786854 0.80418574 -0.69134121 -0.46654500 1.14184362 0.85494283 -0.34116578 -4.00682490 -1.51487156 3.47320126 0.42547170 -14.66143649 4.39916450 65.67989187 18.73475718 -1.75323521 2.65609859 -1.67127156 0.05262790 0.65416458 7.09045315 -2.03827778 0.55761805 -0.22198153 0.14984198 0.02921866 0.16921071 -0.02822960 1.56531108 -1.56162625 -0.60118397 -0.22467057 -0.51399373 -0.67032460 -0.10612571 1.97758978 4.29453094 0.21846849 -0.48499659 12.27920519 0.98264150 0.70911101 0.54357596 -0.04286336 -0.41836262 -0.39512929 -1.11488859 -0.23456396 -0.00430016 -0.16032262 0.39613166 -3.99974764 1.36631367 0.88806685 0.75439424 -3.40625767 0.20615163 -1.95784058 -9.94805377 -3.29825773 -2.98498390 -0.00052251 -1.48579827 -9.06217533 8.37190804 -5.25275468 -0.15840790 0.70462189 -12.01095671 1.87110554 -0.27672409 0.22476799 -0.13652918 -1.33280405 -2.06436637 -11.72638724 -0.61640536 -0.62770951 1.91917880 -190.61725111 -1.30029790 0.34457658 1.80519156 0.25431489 -3.51141050 0.22816351 -0.05344460 0.21246874 1.00000000 0.00000000 0.00000000 0.00000000 0.00000000 0.00000000 0.00000000 0.00000000 0.00000000 0.00000000 0.00000000 0.00000000
1.22314293 -0.04423491 0.04405075 1.61505180 -1.98179413 -2.56538440 1.07263813 8.33273735 2.93574921 -6.41322542 -0.13811001 9.37299529 -3.41644184 -38.45134924 -8.93651902 1.22769906 0.29385050 0.03930898 0.82750092 -0.07719989 2.12532625 -3.92775480 -1.32609718 -6.61603278 3.18762639 -1.27393150 -5.23421838 -1.13738155 5.13768619 -3.60814575 -1.24282012 -0.16391487 -0.26824199 -0.94489476 1.53013702 -1.43936289 0.25564675 -0.90706592 -0.41438660 2.67780844 0.31259100 0.09633996 0.38270399 -0.36502649 -0.13756727 0.49517416 0.88471705 0.77888292 1.29072215 0.09927769 -0.82681580 2.29823789 -0.55288668 -0.52008295 -0.34424450 0.28785344 -0.11030421 0.31185931 0.34280079 0.44293092 0.10070938 0.56234155 1.53210466 14.86928292 -3.37800661 0.02835110 -0.35360975 -0.82236128 1.59597604 -0.03965896 0.28527578 0.07299435 0.03324323 0.41861887 0.70944176 2.24910718 0.15062149 0.40761382 -1.14402418 52.38389715 0.36609559 -0.34227576 2.61068502 0.87252733 -13.45015156 1.26037072 0.97401366 0.05069581 -0.73743860 1.00000000 0.00000000 0.00000000 0.00000000 0.00000000 0.00000000 0.00000000 0.00000000 0.00000000 0.00000000 0.00000000
0.63558671 0.53576357 -0.51752193 0.28962452 0.30835861 -2.47748620 1.95787615 1.36970761 0.52645744 -1.09597111 0.95170147 -16.14755158 4.64253762 64.99657347 18.48364862 -1.76149975 2.55606941 -1.70266367 0.59540922 1.12293062 10.31587415 -0.34655287 1.86322194 4.48367538 -2.27094821 0.81963836 1.31912204 0.43865160 1.47901321 -1.13972788 -0.15324981 0.51481094 -0.38126901 0.06420351 -3.23478310 2.57743659 1.06046194 1.64685711 0.15997619 1.98752687 0.47199141 0.33325271 -1.82892480 1.18093080 0.59182249 -2.15338481 -2.83499856 -1.12679646 -2.19348306 -0.85099472 -1.26628396 -10.29969396 3.77499304 1.49298265 1.61176279 -2.69222894 1.22638816 -2.46170988 -9.21989076 -2.67094014 -2.43710209 0.24325903 0.26575359 1.79200883 -2.37568413 1.41558606 0.25364634 -0.31222104 -3.25529658 0.51310432 -0.12559092 -0.15295305 -0.02279170 -1.05924040 -0.14384482 21.58247690 0.84343416 -1.84477419 2.55491744 14.62932886 0.07122904 0.84334209 -1.35138825 -0.73359693 8.65990961 -0.76910133 -0.51348918 -0.78132561 1.59535522 -7.41984386 1.00000000 0.00000000 0.00000000 0.00000000 0.00000000 0.00000000 0.00000000 0.00000000 0.00000000 0.00000000
0.28087766 -0.06552490 0.70079129 0.69302543 -1.43294420 -3.30221316 2.24091761 3.83398782 1.32464489 -2.47959144 0.68971601 -6.73309987 1.98065930 29.38960664 11.01730987 -1.01645871 2.19094241 -1.37463148 -0.06341312 0.81485999 5.18037685 -1.42592130 0.47822761 -1.36545073 0.20492826 0.21413117 1.44341882 0.20579854 0.16157663 -0.13555768 -0.24798955 -0.02814199 -0.01385924 -0.69822351 1.49160433 -1.48794393 -1.71271707 -0.69780921 0.16058592 -4.64769059 -0.62885329 -0.45512402 1.27137663 -0.56395193 0.09605496 0.00984558 0.55113615 0.32628193 1.09988753 0.19800438 -0.36025387 2.35073867 -0.53611717 -0.34418083 -0.72572968 1.68328616 -0.63765405 1.34893155 0.25842070 -0.34352179 0.14431314 0.13947870 0.44427684 12.56391120 -1.25158892 -1.25982649 -0.58863153 -0.72453130 6.89549174 -0.72402212 0.75220186 0.49799598 0.62879787 0.73886866 0.38487740 -4.74169093 -0.17594298 0.43673119 -0.60419875 147.47112100 0.99908316 0.21885129 -2.00635294 -0.62383730 3.90286845 -0.14580779 0.31880334 0.65739742 -0.61077135 3.72367903 -0.58623618 1.00000000 0.00000000 0.00000000 0.00000000 0.00000000 0.00000000 0.00000000 0.00000000 0.00000000
0.15721564 1.30569510 -0.85856196 -0.23562734 1.11713531 0.83013276 -0.00618230 -7.00044609 -2.66466313 6.14602328 -0.12576654 -9.27458234 3.19707606 40.59889179 12.41296866 -1.36917387 1.46425804 0.08498420 0.57920734 0.92011407 3.01641831 5.62673115 2.41957255 13.80735580 -5.39169700 1.11741505 7.26598101 1.19187783 -2.38532978 0.92312860 -0.44365025 1.07179568 1.34696274 -0.06525282 2.38289863 -0.06707601 -2.57322528 -0.30693447 0.82930823 -9.51783298 -1.69442652 -0.57405394 1.97094682 -0.09573238 -0.51032082 0.80469049 1.95204345 -0.45049631 -1.06284460 0.84281179 1.33378702 2.90426208 -1.25562295 -0.08411056 -0.24012954 -2.03920640 -1.08143223 0.02930453 3.29942133 0.86665949 0.87703095 -0.46866862 -1.26532210 -10.59555016 2.95062521 -0.38249130 0.06073408 1.32879269 10.09959658 -1.83231440 0.31563582 -0.22451068 0.05807378 -0.28947535 -0.43184293 4.06299548 0.18562288 -1.40763005 0.91040271 78.85460910 0.50265003 0.89516940 -2.79196137 -1.33723904 -0.40004767 -0.10431449 -0.24655776 -0.59524523 0.57372718 -7.64044640 1.27884565 -3.46636841 1.00000000 0.00000000 0.00000000 0.00000000 0.00000000 0.00000000 0.00000000 0.00000000
0.86267020 -0.24928157 0.26237698 1.44740844 -1.41435644 -2.92249382 1.33508611 9.63080288 3.23355636 -7.28859965 -0.36758096 20.52129759 -6.60023504 -80.81383544 -26.94394497 3.01788734 -3.37028140 -0.16793417 -1.18512487 -2.99126075 -14.52001377 -1.05166319 -2.82894901 -7.82955747 3.52061108 -0.84268350 -7.85879338 -1.25315192 -1.96193507 2.79624686 1.52410277 0.13824654 0.19882049 1.31569859 -3.66142638 2.97287349 -1.81481392 2.28446535 1.57716171 -10.76843416 -1.47700326 -0.91907762 1.13397285 0.28234393 -0.55148895 0.53329255 -0.27049617 0.63008633 0.43150400 0.05787822 1.23544736 1.42429819 -1.13776693 0.16236801 0.51455983 -8.16951772 0.81260881 -4.18314220 -16.02986425 -5.25205512 -5.14693293 0.86065666 -0.24433309 3.94929427 -0.86148147 -0.26280008 -0.06255813 -0.50297744 -1.77218149 0.64004793 0.15063910 0.34194684 -0.02029526 0.14300692 -0.58540820 -15.56883224 -0.71688462 2.30059794 -1.84623429 -227.69447936 -1.48657829 -1.47854108 4.11255328 1.74778424 -2.97658803 0.20922154 -0.06517110 1.11810247 -0.25002820 5.09110739 -0.84102900 2.31401123 -0.57997993 1.00000000 0.00000000 0.00000000 0.00000000 0.00000000 0.00000000 0.00000000
0.99481586 -0.00353311 -1.22231072 0.18932022 0.92994531 0.01130730 0.24830487 -1.11812716 -0.64747388 3.47770312 0.21526142 -3.66254543 1.60015847 17.25373411 2.74130870 -0.44030036 -0.61002575 -0.01600586 0.31823978 0.09614635 3.40393214 7.52735050 3.97031122 18.68580622 -8.58170204 3.13217437 10.22918624 2.22152917 -3.72755700 2.54560023 0.48399436 0.95196289 0.85698040 -0.28655469 -4.18787497 5.78515789 0.61842688 2.75735775 2.05158251 -10.59385954 -2.87034743 -0.58132006 4.22125801 0.55343610 -1.95971210 1.67132285 3.32305132 -1.22443419 -4.05341540 1.19925887 -0.64142098 3.79432405 -2.26639560 -0.67244516 0.75304977 -9.10684496 1.53001492 -4.73925531 -10.58864456 -3.25287899 -3.96044836 0.88527257 -0.25909846 0.09613490 -2.09688228 1.47772778 -0.09400066 0.04455294 8.11102248 -1.30534057 0.26915616 -0.05006719 0.19307375 -0.06651532 -0.68249303 -23.07084338 -0.97195424 1.30716759 -1.55661380 -46.59430795 -0.29171871 -0.43899884 0.22435058 0.37935837 9.19492674 -0.81729507 -0.60198824 0.41248361 0.33131003 2.59780088 -0.58284673 1.43321810 -0.32723678 -1.13121157 1.00000000 0.00000000 0.00000000 0.00000000 0.00000000 0.00000000
0.37107944 0.75235904 -0.89021150 0.08604974 0.57352770 0.03854251 0.30208740 -2.51445312 -1.04427323 1.40417601 -0.30620061 -3.35637424 0.80852028 14.39282188 5.34738947 -0.85351416 -0.03218970 0.65458153 0.60399687 0.76148833 3.04077369 3.50918567 1.70535406 10.72081681 -3.95850146 0.65871155 2.85267325 0.43404993 3.31794847 -3.01533344 -1.47293574 0.18964421 0.25640317 -1.23389734 4.31301930 -3.91326962 -0.75439203 -2.56376048 -1.15858677 2.71352160 0.30552428 0.25944468 -0.68122826 0.21123486 -0.22055299 0.20273846 0.21924625 0.29788912 1.29088023 0.15639220 1.07813187 -0.27443637 0.25103857 0.28778219 -0.61153207 5.16133426 -1.44715411 3.18626978 19.58072175 7.22835981 6.46773104 -0.95663025 0.32776227 -3.15965175 7.40406677 -5.00384689 -0.62838076 0.91077587 1.25056333 0.02310755 0.55332948 0.22881891 -0.06134375 -0.16740915 0.53288634 7.95082282 0.37297005 -1.52899074 1.38605994 106.92788868 0.69982224 0.62494687 -1.14561599 -0.60857031 -6.43181965 0.84847289 1.12185978 -0.43633960 -0.19289139 2.37511043 -0.32135905 2.96759563 -0.81658522 -1.51813423 2.72444354 1.00000000 0.00000000 0.00000000 0.00000000 0.00000000
0.13047456 0.82947283 -0.41457584 -0.65385312 1.49400071 1.27713625 -0.59764348 -3.36412219 -1.52219401 3.45344369 -0.70203674 6.35396379 -1.68155524 -20.79047737 -4.16054847 0.26679499 -0.56518154 0.23850294 -0.38283260 0.17860227 -1.82805691 0.42576731 -0.03477233 -0.24934070 -0.11859542 0.34920661 2.58387917 0.45605121 -2.35036977 1.52233398 0.80235101 -1.73423018 -1.23135796 0.24543057 -0.56984143 0.32212474 4.70993233 -0.39763524 -0.96321123 15.01234019 1.63745633 0.82429572 0.30746671 -1.13379300 -0.34138167 1.73184486 1.32717369 0.58075013 1.95037707 0.27905611 2.69371308 3.08197336 -1.27049174 -0.08086791 -0.51639716 0.08664283 -0.65240916 0.32242069 -2.55098745 -0.96670700 -0.27456814 -0.24821956 0.08327594 0.11111920 0.07922861 -0.09586706 0.11911545 0.62759894 0.90151095 -0.47853181 -0.06919828 -0.58334074 0.39634203 -1.24797483 -0.40469970 6.93823147 0.19169288 0.77168827 0.32714324 -122.01129653 -0.81373879 -0.40312525 -0.12938977 -0.23398638 8.43311912 -1.06932306 -1.48793877 0.37770847 -0.55826379 3.16778447 -0.46877388 -1.12293483 0.39023623 2.75505007 -3.32633835 -5.29920834 1.00000000 0.00000000 0.00000000 0.00000000
0.84555326 0.93683971 -1.05326112 -0.24346205 1.16742615 -0.79011610 0.67825189 1.43796618 0.62369585 -1.95886995 0.40885930 -9.34294224 2.39695388 35.58372636 10.32605530 -0.99764249 1.37093346 -0.38995343 0.51459030 0.32123371 4.51225708 0.56139028 0.88722965 5.55501186 -1.76474373 -0.08495178 -1.03851529 -0.24952837 4.29898912 -3.29788245 -1.55483039 0.62840116 0.37382522 -1.19520521 1.73603050 -0.97962300 -0.24382415 -0.69534900 -0.57979438 1.84196059 -0.24262962 0.23715925 -0.32486409 0.98600554 -1.26308113 2.02567733 0.82232903 2.54403658 1.60101404 -0.08183061 1.11757561 0.38635009 -0.17900413 0.22476737 0.26953020 -2.51975111 -0.07275258 -1.36472291 7.56779445 4.21978076 3.13170130 -0.16675174 1.29104624 4.96207568 5.07944962 -4.78402060 -0.72386043 0.60392405 1.26955365 -0.44142250 0.21546425 -0.22405084 -0.38284047 0.48348604 -1.67605164 -24.01473048 -1.02512409 0.75739880 -0.69009326 2.05242481 0.02452603 -0.26445464 2.01972396 0.40639309 -8.15880615 0.62798777 0.18264695 0.19227067 -0.52775971 -0.93664384 0.29915853 -3.37236179 1.09595303 -0.08340136 -0.26575847 1.92507060 0.54182358 1.00000000 0.00000000 0.00000000
0.81788536 -0.25513748 0.88717966 2.39915519 -3.50083402 -5.46152355 2.79780421 15.12697874 5.46295723 -12.85987429 -0.14286924 20.68959619 -7.24380106 -80.28171751 -21.62607433 2.42839797 -1.79743100 -0.07715081 -0.64228485 -1.18652178 -6.90537458 -1.01165297 -1.56516090 -5.23063064 2.21250690 -0.33030426 -3.51024011 -0.56423223 -1.39604011 1.67508253 0.95268905 -0.63288241 -0.15162463 0.02213149 -0.71430573 -1.22602894 -0.98906041 -0.15843765 -0.13216567 -2.60547697 0.16578076 -0.09444659 -1.14684659 0.15602390 0.64227882 -1.36291346 -0.52660798 -1.38405095 -1.25271842 -0.14576106 -1.40281672 -3.26089533 1.90464635 0.26315883 -0.51516257 7.15252813 -0.98457886 4.05279408 15.97778025 5.02975804 4.72321890 -0.83439265 -0.67081969 -7.63174086 1.97015718 0.05440931 -0.40974741 1.13723218 17.42227636 -3.22122713 0.39147372 -0.35231205 -0.58210494 4.06184319 0.57896320 0.55340989 0.22624495 1.12022197 -3.38301289 539.99918003 3.63339100 0.82341122 -12.92030791 -4.33903971 30.28746596 -2.62952165 -1.59755688 -1.06721088 -0.93021112 3.02527424 -0.54662619 6.82960887 -1.66377858 1.88868209 0.11820974 -9.59287611 0.33702806 -2.07761570 1.00000000 0.00000000
0.20275470 0.03572925 -0.17526922 0.42478680 0.03044616 0.08105817 -0.12539687 -1.68433243 -1.02943036 4.36898311 -0.14650011 -0.32421893 0.46905005 4.56050050 0.11042671 0.01110685 -0.20286930 -0.30672576 -0.86714790 -0.96389810 -5.79909633 -0.67974443 -1.33198061 -4.14843092 2.03410596 -0.59998953 -1.26115835 -0.38525716 -0.52495721 0.36646688 -0.15140358 0.35577512 0.05643363 -0.20478629 -2.76481014 3.37074237 1.71626041 1.71506613 0.99188775 -0.25413353 -0.53694829 -0.03431333 1.57190082 -0.31304784 -0.49113446 0.65174438 0.90870074 -0.16894097 -0.15917755 0.19473799 1.00434592 2.83705758 -1.53412360 -0.34320804 0.20933818 -3.72364811 0.65186992 -1.97002086 -10.76088491 -4.07855017 -3.78197676 0.51461628 -0.63053047 -1.42328880 -3.80039130 3.14702626 0.69430973 -0.47638251 -3.80319709 0.96218404 0.03282876 0.41985727 0.19626157 -1.55178868 -0.65935898 5.14365301 0.10768957 -1.03612717 2.12770238 -97.45147128 -0.67165953 0.28732635 4.29234148 1.23893547 -17.59919524 1.63401918 1.24203506 0.17940147 -0.73487502 1.97676424 -0.13009521 -1.85864507 0.42518260 -0.41741104 -0.20420687 2.28550520 -0.03571047 0.38619780 -0.46877972 1.00000000
