75.38011799 32.52184429 57.85176570 7.68650200 3.29104244 20.41179613 90.16040241 51.11654487 56.65804382 7.61077227 79.47701209 22.41613649 70.88026988 12.86549053 30.19654629 99.40583823 83.59471772 24.27394090 92.28311515 11.10205533 20.79148828 28.26252809 79.23137831 11.46493142 44.00281399 72.76902414 76.55461835 23.70376337 5.75020152 28.38470268 37.49143264 31.43310943 15.93097618 3.06744212 94.11514914 21.97689998 58.99954550 52.30065600 25.44452783 56.25121472 84.47486780 30.19559704 94.71431017 94.20818797 92.26266552 97.62378767 22.31621321 77.18225176 84.58093616 27.60585696 34.92846595 59.94446070 34.52158897 36.10668868 69.75917623 9.02955283 23.22026247 38.08932768 8.34926276 72.04075509 94.88479531 55.69145143 64.05390146 31.23809988 55.51130802 39.29154773 42.39824803 60.87720582 79.09203364 66.71270643 68.17300371 84.37291364 31.62127797 88.04349888 47.75891488 90.98777185 72.25726918 93.51453416 14.09457407 93.47464136 36.34582389 84.26806688 18.43559583 16.46516476 29.81516754 43.31757413 28.54738675 58.16752798 74.93676919 15.40912743 87.17286956 75.88526508 15.03663385 59.04165363 67.70040180 70.09794110 64.40764239 20.36111761 60.05750409 93.60209796
41.69082994 82.67552266 69.71919931 75.07872141 9.41661126 20.96987207 39.14317303 21.47284273 96.75314075 80.51700769 31.01727362 52.38231604 52.87063706 31.64348661 16.69961028 83.02532789 70.63153409 54.86153062 61.80932586 31.35320031 68.35883108 83.26668898 9.78657157 33.76821464 63.51910688 7.72840199 69.82975889 91.00829594 30.38354330 55.45881885 22.34616130 9.59595102 58.27684518 78.65470386 76.76966848 78.87617272 56.58070038 24.17992897 40.20325545 76.67883929 59.32215914 6.05954383 30.75080828 94.35559057 52.87285407 54.32086187 45.50999691 38.88611790 38.11623666 82.09928649 18.12327853 3.82882214 98.73513598 45.95562395 53.67492857 45.18388414 57.38324258 48.34731662 83.12597992 55.91053183 17.92906256 27.78843933 40.76580278 45.45513719 22.00675640 88.86060496 41.82010875 74.50640005 28.62682860 26.78550117 55.93453707 6.17816535 44.63199840 85.66715129 58.84133827 75.04576499 62.62719793 88.87174826 25.40034660 28.89422024 60.39807072 52.16415040 4.12067264 43.36078593 74.92630467 12.26444780 64.00831611 94.74400061 35.99898756 18.15329805 61.47738920 32.21825638 10.32808543 74.02406616 60.14874205 2.15227315 15.28150613 89.96596864 39.47813037 97.16464347
9.10192654 22.24050266 59.67611060 18.62355644 87.88950517 47.26547517 68.83427838 24.81621253 15.93225596 8.37616650 6.33825314 80.04975519 83.22344670 90.92744061 20.46769693 62.15769551 52.37349813 79.62633002 48.83092186 16.67709935 24.03043342 6.12342646 79.90886971 64.24022347 55.72866256 47.36839739 40.02010901 94.06116447 21.63504608 96.82371502 55.56087367 84.12868619 3.34703752 40.56418859 53.88512479 69.05810217 80.65045792 90.20285731 71.13150484 30.05360944 14.16294612 72.66387933 32.45379471 75.34233206 34.42860374 85.66553039 53.96881141 14.54632641 83.54514405 64.84128373 19.97462979 82.71389306 66.60346180 59.89305464 66.51842982 75.46455644 63.03428796 29.96210108 69.37286034 7.26180354 50.57288355 50.71474794 21.62020138 92.47131083 7.15984614 85.47917985 70.82874341 80.47324210 90.58407532 39.20533708 77.11696149 77.88134413 86.34752160 61.15835601 98.08299287 16.35992913 85.88502784 43.59507626 72.56521991 93.41319521 28.88764055 38.78402463 76.43301288 32.49196597 23.60464492 63.33082768 87.20907606 15.96010692 22.95682503 45.70555471 61.16268355 28.79765673 36.54213316 49.79787429 64.03421888 18.01830219 91.43885987 89.80163486 37.77669886 77.56907181
96.32543323 84.16951962 48.39265282 98.35466361 70.06746281 70.14514353 89.76552612 51.49722625 8.58766944 8.26694799 13.88175575 48.27179310 3.34034378 70.32051669 21.80509727 14.90134266 73.52598222 78.52743171 95.92109941 73.31217112 99.83198324 46.96037830 98.63887351 17.33404130 56.33615332 24.12116040 97.07785540 49.46113548 64.96403229 16.98333585 34.67870455 82.12559858 68.28740426 72.43965069 37.79473554 42.95415217 2.36066531 45.72044982 18.46299978 4.18350606 5.59040713 65.25724485 94.66441142 10.04955941 53.01400569 46.07591650 39.97019798 18.15202084 36.27545070 62.91925245 71.66061687 54.06448450 1.62789103 43.82630222 62.39472986 5.20594125 59.18556590 29.63528067 36.87528333 91.54703936 57.90515474 62.65034111 6.04407411 48.03713175 32.41208882 84.46836722 67.15893713 52.61101281 41.49217061 49.54322776 97.28878814 57.21887640 89.56823278 34.95360240 90.87995581 66.19759833 4.05897102 98.24648080 71.18995239 43.29846196 12.60678231 1.43223828 19.07165804 45.05899636 68.52029875 76.10824130 97.77935455 93.16450004 75.40397437 70.34739285 50.19414606 88.30460626 28.92738652 29.07149448 80.14840859 97.10269067 34.56113450 12.16443473 20.02947445 93.72235457
19.79384334 99.77030207 69.03173502 94.70090365 99.27899013 80.96076368 6.39534518 82.34039533 26.91579652 47.35285772 24.85497139 12.74891000 18.42947075 61.88599288 48.73233273 88.55140932 90.65546138 41.71497047 62.75335447 75.10790563 22.73853496 56.47392396 36.26798638 62.71718410 29.37103644 37.42514298 54.54093348 6.57771873 20.86015953 74.82306587 25.06313432 94.30017380 14.39441502 87.03246667 23.98326804 49.93506471 93.99093086 97.93402008 24.32473951 9.27802621 3.17758205 96.02951333 62.03992113 52.00806440 69.73748279 95.45389071 97.55537157 54.41864162 42.17226749 56.61530302 76.58850547 41.68659940 91.91840518 11.34045479 91.83387712 65.96134505 20.19436316 3.66918743 65.13387917 1.98160032 48.45316256 70.42788051 61.86425774 26.64047821 51.15267586 56.02075364 1.36966484 74.28141927 37.55758504 78.21170934 5.45458267 18.97098573 24.92225456 59.60227598 90.04172601 41.50025824 11.63572766 35.40328143 96.67854645 64.65037152 76.90276063 22.60397809 1.49623467 71.37077854 8.99143111 94.86830442 48.51127442 95.95273973 86.86673661 62.54087693 53.67753217 81.10068944 2.21217043 54.08538399 51.21274478 2.08223539 8.89987771 26.13282627 57.74171992 12.07539309
50.40212252 96.03145910 18.00399354 24.12305095 3.41144114 59.54550399 14.66507648 31.62345041 4.48937836 92.84298520 74.02087577 26.65846106 41.51687668 42.42764062 20.69716959 27.56268933 14.24268384 63.04563891 37.01960213 61.92676042 25.75644844 9.79121194 54.51479119 18.84102121 73.13003490 32.80370849 30.04278835 17.09231428 16.55064279 86.54724792 85.59094472 7.21193231 53.48073622 24.68320398 69.60704287 82.24511625 75.43948210 43.98822024 11.21009778 17.31445223 71.37453864 35.77108202 40.66108010 77.23729331 12.23981629 12.30010956 12.45304672 25.91896042 78.83616441 8.18468436 94.29761394 8.18709618 60.47238072 76.86169743 42.21741742 14.40144589 21.40255566 91.58416258 42.08535766 52.33117885 97.69594716 37.37994701 55.81512108 93.79132380 78.09964589 98.60446049 36.01469048 27.20451733 62.24189048 8.99335145 16.15474147 69.97191670 63.97780898 59.31474228 48.60515683 19.75340870 72.08086592 60.67909880 78.46294180 72.58557390 12.17761511 87.29807769 1.52987058 79.17975293 54.80415119 51.46615639 47.10974205 37.61395944 53.16920684 11.55417217 27.56859276 23.60966902 45.35863572 97.81404681 38.16509860 59.65701337 14.48450282 48.97896206 64.35217645 7.82171703
19.64332393 64.90645658 16.36116508 80.36765957 45.39120323 59.91162811 45.99024140 11.54609376 9.84415681 56.42018861 52.08385250 19.91194310 75.44509160 43.96176535 22.19749481 12.20527461 16.68757353 62.65986421 47.43238075 64.91623366 88.52801737 31.36788268 12.60160969 15.32983836 38.02580806 30.63625987 2.33182729 6.65781131 62.57237865 96.78295594 24.66264982 33.46494629 50.77860769 44.15996102 48.98040135 57.06407081 2.09422041 35.39061822 16.97810879 80.50821565 25.66897157 65.06431534 87.41101463 15.52575443 58.71365842 87.05822620 96.26281162 78.83505903 21.61824334 75.59093594 90.08732897 2.66267362 63.13451407 68.84674270 60.95751389 63.23321113 52.90721235 67.56698131 68.55390564 42.88938394 88.26954087 22.08692868 87.30688883 72.74198255 91.89953222 38.36360386 52.61818518 90.73417866 83.96920845 68.48246120 93.26307472 41.22950915 53.37772598 58.60638011 95.14796373 71.45075757 96.15450248 7.62507035 71.96598803 2.63641150 24.19545626 10.28519714 74.71369634 83.79224494 23.56381838 71.64235193 14.35163919 16.78953416 70.30773701 48.01266990 39.01528713 62.65300524 64.63146967 42.16397365 84.19824403 20.37273043 26.47153054 26.24868640 72.71147690 11.30051225
6.67292393 29.30513231 21.14565316 23.58405067 61.11486449 77.25890774 52.25901242 65.01899841 89.23880713 72.95896079 96.02548126 91.11140767 60.24881832 18.09264082 99.69175380 40.98853587 30.59902602 36.25867811 18.63788113 92.47857690 79.14220974 97.16481062 63.92522990 74.88455569 8.32928237 44.21550478 82.51563261 53.08577997 2.50819822 23.15717725 17.51794473 79.19314920 23.21358547 59.80510357 73.45898458 9.35937354 11.13555627 27.37359036 37.95502164 94.21373757 1.60821047 92.19597365 30.72810411 12.92692427 32.70664917 23.39203800 68.68708405 30.15725144 34.83456622 75.44760051 34.99630332 2.49666993 52.28694121 29.52321929 1.67804776 4.94603919 97.14673172 73.34335053 57.60334463 61.24868541 87.95853467 21.01187520 11.41027706 94.72216386 66.07901205 93.99206745 8.10855157 74.30170037 8.62800779 1.37121806 45.49989552 40.31882490 70.43803535 96.84750571 48.84540046 84.56607946 11.95189206 71.14610316 66.14497205 38.70361617 57.74021038 73.59074340 35.06154595 47.29961969 52.62837953 58.56070028 25.75428660 75.97555723 12.47643127 88.91786162 21.78557450 56.15978709 50.32477995 96.21411615 84.95963557 80.23891453 50.34445235 91.59451203 8.54410007 38.54910842
60.62249804 7.01392210 30.65415874 94.41161409 46.79461196 39.60422420 55.49083981 75.18475515 72.36543100 78.95888951 53.35486554 13.56765969 63.70590442 92.65943024 37.49897352 34.81145882 34.46497238 15.25930877 97.33170918 46.36368604 60.02561086 1.93504589 17.21079859 6.77303535 29.10129362 29.28436634 16.46282286 58.63767769 56.77502340 96.73038885 96.80639530 85.84817660 87.68346243 22.90446971 89.40556743 84.17568673 25.34472612 64.32805979 12.53334374 18.09198431 43.18831570 65.36332544 30.69734160 3.59845592 80.07144747 52.97269674 15.49102241 18.50877571 21.94972799 75.14926414 84.54539335 25.36802918 89.66538441 94.95040114 88.28526905 2.71073990 22.30333290 47.36324677 9.67079793 9.97183935 80.71767044 74.18888499 29.68230008 64.86638197 24.86169949 6.83446076 56.38777576 47.38604314 12.81927829 76.38352973 55.33763230 60.09366619 20.88430526 95.23393900 83.99741439 53.41648942 15.02773860 46.06187999 76.89440425 40.15181668 89.94739510 31.14536012 36.41582245 17.39423946 7.01568247 72.37961434 38.07815865 18.86980426 25.81945443 82.60804535 11.34874129 38.31939822 84.66310431 17.25264756 70.63708266 63.11842136 16.07843787 89.26346132 87.23119472 82.34800115
59.36320289 23.45661963 20.12885747 27.87945439 45.75136248 39.87757408 36.01066041 55.44610612 14.68201943 46.50246910 7.64129064 34.44721726 98.66508833 19.81418652 69.17086915 72.69746819 5.65868083 83.78827254 18.35261752 78.22377282 4.63245098 16.78354023 19.68692973 20.33754407 32.73235285 26.77732030 54.55260407 13.48157086 85.60299536 89.13795608 67.91863383 93.45015567 92.62127708 64.50340711 45.35413346 67.02257228 51.97638068 99.06201583 94.82982446 13.08572373 98.72451730 31.51214051 3.31890659 99.93534389 92.93565960 39.42378328 40.90060056 94.73373490 95.42175386 82.36926895 59.26128546 42.56694505 32.69150765 37.00668646 14.58824740 27.72821541 88.01941391 30.33485305 93.57677250 17.18480079 5.53033686 81.41065574 97.05636085 88.84145712 19.81421902 44.29296024 17.52141422 48.92712031 49.82555847 51.17197662 61.83360515 58.70632954 52.97613973 19.57830556 72.21822981 28.64541771 66.55715785 69.35849764 5.74606925 34.93455292 72.88602645 34.21764227 50.63111998 56.73734671 81.70198195 71.17213128 61.66176220 97.12273758 91.68599850 89.57165967 39.99948786 55.89984879 8.64233306 68.39911275 19.53438561 7.86623701 71.26335380 38.07390331 27.29279319 2.42354461
3.52609244 1.03472223 32.21556911 9.08974283 34.47406212 74.68759096 85.58513116 11.75931096 6.60702761 59.17934811 3.76350807 44.04913895 3.96433677 6.29077719 64.17441213 54.66489659 12.16818015 9.35879640 2.74744363 93.33330958 77.27193401 26.46672270 64.32717364 69.53003137 45.20475442 29.48574835 29.68977778 75.45821753 41.65884424 67.03824661 98.05201766 22.97678130 81.44531784 30.86237686 58.86616961 64.92052796 69.51216689 51.50173977 62.48438867 81.31219751 82.36613820 85.55123469 1.91492524 84.17642155 14.38960910 58.06497228 24.57844487 16.30808434 34.21902253 92.32583462 35.53372864 72.53777033 32.05030747 14.29663907 98.86303651 13.77371949 92.93214571 99.60190367 96.24917113 95.20966993 59.49253539 76.22444020 70.01366399 71.59721898 67.86504107 59.55011704 44.11164420 41.81239777 80.47193980 99.60665894 91.84584350 78.50534353 41.43670605 72.10370206 43.18269074 48.52566068 14.69488682 99.01371758 13.27444397 37.51736943 20.13141479 57.76504227 87.51497342 88.15992964 36.35492393 33.50064858 79.60777162 46.47246591 41.36877829 76.72641843 86.67629693 97.72743126 69.95276049 72.37409697 66.00007359 34.97883392 97.51308229 4.37132215 70.87266689 9.66523234
67.85345789 26.97571718 24.01025158 71.58101139 76.45355148 40.74547773 79.39866864 59.87638962 39.61895612 6.95394622 26.49858420 12.08541150 40.59871860 61.04842930 59.92222854 2.98979245 87.07306219 37.06155886 76.70555786 52.10993985 25.82997397 44.59581234 43.80828608 53.40740758 34.85787984 20.21912398 28.76017860 51.71458180 8.54580160 19.50877412 84.55581344 35.66502691 19.04919704 74.89875746 26.35930817 16.96151383 44.59002476 49.78341065 89.58295566 38.90478839 12.95085535 94.49334085 53.99651246 44.39199705 85.55183567 77.81589880 97.95510695 81.77626627 71.00825413 91.16604591 5.02159713 62.83239408 37.83440595 6.41143069 51.42746922 46.96556606 75.16303471 81.02823080 38.75529311 27.86616800 30.81022504 42.87163745 16.01043358 22.19456302 66.98077537 28.20616583 8.91849048 98.53979071 47.75698477 91.15420835 3.53178096 13.88145009 12.79763561 98.37045131 35.54718780 26.52919529 22.43494779 76.50460040 34.77171023 21.30408874 19.84614521 53.95358592 88.54103453 92.75681830 41.83983865 54.32159851 95.59090487 92.84387331 22.18468121 77.37205744 67.83731375 85.20602765 29.51497138 64.78591684 16.94506541 10.50043939 1.70765748 56.84186927 50.24105206 15.72113544
30.42148650 60.36990698 79.79367240 81.47983359 59.50033014 59.88787385 99.49101501 26.36734593 30.47836315 58.39556600 72.77117681 63.02756793 65.27069891 42.75625365 24.48744004 72.10972276 88.62406004 51.19232142 68.31541756 54.81039881 57.41729430 98.24352513 24.24572671 64.24445432 78.58680186 53.96775778 95.62121675 9.11568294 11.26837929 12.63359853 26.83557255 68.85425673 94.42913601 30.51915546 89.44687890 91.43491876 65.77828415 20.96279186 78.76769289 24.11696217 17.24569368 73.58829972 81.44138225 65.65425274 95.35752240 26.66892802 72.06259742 1.81020954 6.58078479 3.51443687 66.75648660 78.20577464 27.79034911 55.64200496 82.55326777 9.92187182 35.21673003 29.42990191 77.71544486 96.94701802 52.60174862 3.16439131 57.14436632 52.80126463 81.98845329 93.03778681 33.58495645 71.83812620 11.88888244 40.20926227 11.54961243 11.33497049 2.84570593 61.97962610 9.25221638 30.63944744 67.26226108 75.02110615 48.19432883 92.98543538 27.13582329 75.09449758 25.78860106 21.37818106 70.07293518 5.63630262 47.62397488 38.55361225 96.41367544 34.73379098 73.23593426 45.17510612 77.69784820 67.87657732 60.14611807 87.02072384 63.75284671 37.30119167 4.42570436 91.69861185
36.06487537 11.58914972 40.92019071 79.85308527 86.11207066 20.17863985 34.19987992 62.66853943 16.97602071 74.44637964 33.91928012 23.36001078 59.92884634 70.27712177 46.96331705 11.14101893 32.58141673 55.53075789 30.98841219 60.15240730 4.46727215 45.70902566 30.68845072 16.98326769 68.84954705 33.08851606 4.31087041 8.30066658 38.18663941 24.06166029 71.86458881 86.12560066 6.53437091 30.88062927 29.04607564 39.31660763 38.06206494 58.98860737 87.51635893 46.45782015 93.53109507 90.65587949 32.35571463 20.48762903 40.45564398 23.62564798 39.41328019 65.52484140 3.61858102 53.22233765 84.62543919 60.82931016 92.01746696 26.01663897 80.25485127 97.93751097 36.66807746 31.71352066 60.04050746 24.06306273 61.27873349 99.49042637 77.39390600 12.36796460 53.07169130 87.58646481 39.34282186 64.45865794 27.71846203 69.36014569 60.81059195 89.36202798 38.07558238 10.61443445 33.82920365 80.06918732 91.98983662 69.68294294 37.50407519 8.82123174 53.42574133 68.55631021 1.94732409 10.78916063 92.66598013 15.51550686 65.73002719 47.94955942 26.92203395 18.89889085 7.15290235 63.46729271 28.48694976 86.16613719 66.27091202 38.57822369 37.97226478 45.27709257 32.53991095 82.25550976
16.84865404 95.82050391 81.25871624 90.85708628 79.91930866 53.01117681 26.46820886 72.31718162 57.99151681 74.01670858 49.44079350 54.59349453 20.69399927 1.30139747 22.51934559 49.97477230 6.06589530 38.95756686 71.35040483 15.40193801 61.90233369 86.56139239 91.17399843 84.69688169 60.58975667 55.65076431 86.35798698 10.40153603 78.01170682 72.12399136 61.70152664 28.78029081 48.68066837 44.64108436 65.40632750 60.66707057 53.10964361 75.84613804 24.43537966 67.58269844 93.68962739 26.17386261 75.21917660 46.56273894 25.69684695 8.77034941 11.74677919 49.03042762 38.66083727 95.59206188 77.78365479 88.39365757 72.79629573 70.78142725 12.23879282 49.61718899 93.95389345 88.71740065 67.79102926 68.55874398 79.60819626 45.65969758 26.12178574 75.61715702 53.17421587 45.30169777 58.37763581 61.44453742 89.57982171 31.79302494 78.09467872 87.41596022 79.71908905 83.77639267 84.77281903 95.89426103 54.08506893 98.72036833 59.95906355 42.97177671 27.30995539 60.97793444 35.71911978 64.77150209 71.28879909 14.26776128 46.42262610 17.34538982 89.79331656 4.89650699 67.65966838 3.15004474 81.13405957 78.80551345 51.97331084 93.21247571 39.31552936 61.72717490 86.84710325 43.99315163
84.66694410 33.81474071 53.62681493 88.87367871 63.38752862 59.23957705 7.61976232 86.85760731 14.95285659 97.97955973 19.11950045 34.57273710 79.38516467 51.04855927 74.22315259 49.20556622 20.67450642 72.87174607 34.61670323 45.29659722 23.52245166 90.05714098 89.77624139 67.11873419 78.45846134 41.72562116 96.84967749 8.21681447 20.54182123 93.58926288 71.89595856 80.87024874 28.89083050 93.63427054 63.12062238 99.59361588 15.89670606 59.40735304 53.84315431 14.24397211 98.28481252 86.39301129 70.27123213 47.04320791 69.69142923 61.80560551 88.76311048 11.62498557 69.96407735 11.41384084 53.47384232 99.16765371 43.43992057 58.57796563 12.95577594 84.59791030 51.66401836 35.99184238 73.23987164 40.28476203 85.29969612 50.19258113 29.67755686 93.43578618 50.26957226 42.88706998 12.76870706 54.74787880 48.30845863 56.57117498 45.71361394 12.76786839 28.29313930 69.67662375 50.94975405 98.98275832 65.15234597 32.93940550 32.18073412 4.10927073 83.98088138 92.85162317 47.52726186 29.40675317 68.40469862 65.55041385 2.89554480 28.90458655 5.05681814 63.72487683 78.51791436 21.87318516 73.07819377 8.41120653 50.88155804 59.52623061 30.01786821 45.83219114 14.46323535 22.16368841
48.49265669 17.62014269 30.80398357 6.49802262 43.45831485 35.91346561 21.48944518 58.51126314 25.12220915 25.03953568 24.44515708 65.78303873 86.14214007 53.58779880 56.02120003 6.49569387 10.80961443 35.55060056 82.56412567 11.66935719 97.71751778 93.49240991 63.31592173 38.13586745 3.02750344 37.00619140 5.59739338 15.31262449 51.56758715 19.89627354 47.88498124 84.57324465 65.77043348 70.73110519 20.05387280 55.48375214 6.72596608 47.77713957 87.83914027 47.97619898 69.16362649 75.63901279 13.72545576 98.92555694 38.11440587 49.00597154 63.56603599 45.80327250 50.14974506 55.78166222 56.50451976 29.66872250 60.16923347 41.47177112 41.18736568 36.41394963 6.26797829 89.08460755 76.41102854 36.57219189 30.98546514 60.20592734 83.69546054 20.79760282 92.88709679 1.62891954 85.27281081 87.56685343 91.59385415 73.55562936 42.21373328 24.52916659 70.48815119 36.49215514 95.10922631 22.68200530 22.23503257 4.57876429 74.60602115 17.79848458 42.40584786 35.05657675 9.88957154 69.33097820 87.52907436 75.81229059 55.24887172 34.55348765 73.32975721 81.18436691 14.21196084 3.82039417 37.06550778 18.67560330 26.06987937 46.86235340 83.80644404 76.55800133 61.67525069 41.12691568
6.41807990 26.09564325 21.60919280 39.77945616 69.00652296 26.00057394 69.06519605 15.57288900 66.29997680 24.51044265 74.23944829 94.53465820 36.90952782 18.21830875 26.96850991 56.88710099 81.71179827 32.64297958 11.87201195 19.48882868 53.50087080 89.30444180 58.87306857 61.74931006 14.08500775 83.17220290 8.94183636 33.11663841 88.54418566 47.67759112 63.88710086 27.60810036 89.93805182 18.61354260 25.18750260 43.09710331 26.35963105 16.75226936 75.47338187 32.47444496 66.86594129 38.29228873 67.63617359 12.20740650 64.12899611 86.47081376 74.79263085 38.32021793 92.02752636 19.27476350 57.76572211 28.00099274 33.55328895 58.89416674 63.47426248 30.00815268 73.45672708 92.56047566 78.22011475 63.82930444 37.58955270 16.17290162 18.90782027 39.35088571 85.71187104 9.87386313 68.28747066 17.61170482 24.71127448 83.84118416 97.08429816 87.85241171 99.58476769 46.57397120 83.23899987 82.78860619 9.24462583 73.70791156 32.68820587 27.24003562 23.55624132 44.85844368 63.72334680 90.95849587 14.13327739 55.41049673 47.68370251 31.23161086 3.19548436 19.00395891 83.61774912 13.86361837 19.18060579 58.52436183 17.89196412 23.18400268 90.62012628 85.30821584 79.45758216 37.20494418
44.69319911 58.44983985 77.69589542 17.98030935 80.03846949 26.22712368 10.84590947 28.51898065 60.17192833 68.40865727 39.90581613 51.03988519 77.77369906 82.76873733 61.52535824 34.46565390 38.28819178 23.01676554 21.71423404 36.00219349 97.71776639 81.41583786 1.64931069 70.73826878 96.13558551 3.55641081 63.38424771 99.71227154 27.40264567 53.39892029 11.23622037 50.83068822 1.75477617 7.86896646 91.96907041 22.18426121 75.59051247 4.46668463 74.91848031 36.76253995 51.89135740 35.94751287 64.24586983 16.42277648 14.57938392 82.54266789 9.30237699 23.17220900 64.84135765 96.79820135 87.87064885 36.72681836 67.36589509 68.21042335 1.07435718 16.12738106 25.04741307 98.66164738 5.21976587 34.37787403 1.88715486 56.67278222 53.01721940 66.23857378 94.32804833 11.04461312 57.92247276 70.93946733 29.07437170 11.69735291 7.40204034 56.80004713 76.77984395 78.93163858 2.32956103 47.07176685 67.80674827 61.52813581 38.10014241 37.13295366 50.18275529 78.48551053 1.08002354 49.53179325 14.84209036 89.46950443 31.52705477 50.91403151 9.21418227 62.02721961 19.57686221 38.85932895 85.61681503 89.55040337 1.45410071 82.21053232 1.53806413 94.82902178 81.88135144 7.81274402
27.55975408 23.88927858 79.51663314 71.92717091 65.73647337 27.49803653 4.21374870 63.67602556 24.43734557 17.31804109 73.83661040 44.01671296 39.46276505 83.72012491 58.93802906 92.31932629 9.79102996 62.94078153 75.25992112 9.66256886 86.35483873 1.89950100 13.31684374 71.72189910 79.05142466 64.48094684 37.62904961 90.37560717 63.14548557 85.92037794 45.58653734 25.36697035 22.20237324 35.87727029 13.40873796 75.98668322 96.95162486 42.41295858 15.82371331 96.10201053 28.90942668 69.60928034 54.55156955 5.01521748 62.13849227 1.39665193 22.84251345 47.89568592 76.30017545 50.57128986 69.21224348 29.83832143 98.62423251 27.18155354 70.95971365 62.19537910 26.67828718 64.65731124 89.44950734 60.53012773 55.26020639 80.91528176 40.86784055 81.55737508 20.12663907 11.79465765 69.49384787 92.95335634 95.79440797 70.66444419 28.95975098 79.31522173 53.24735995 79.91848187 15.91112202 34.75889648 65.75889767 81.77899388 77.25315579 24.24637543 29.63720717 25.70035733 10.79719575 78.90523275 30.34098340 37.53337507 54.91357265 59.54475905 94.87039385 87.98404793 59.33249564 70.30197149 79.93629700 47.64719616 56.82590369 37.05769512 35.24083586 42.27261559 8.66787304 9.47563659
87.62614870 85.44884960 66.94830572 56.08213666 42.42556376 84.22202621 19.73170658 15.77991500 11.31841242 7.02029577 53.38944859 49.77998652 39.06976245 82.95094157 82.16302777 1.21663175 26.02271894 78.14104682 26.70077305 39.46683548 89.22943764 57.67955806 96.10042563 97.18781080 54.83106466 48.38935393 10.17439896 9.88795916 96.39829492 2.78562163 29.70740983 41.43513371 31.10497478 4.19185655 8.70410275 37.30051541 30.34744147 5.09796475 60.03840526 55.61423637 84.62191065 32.47157283 93.35080878 78.56615308 31.47050039 67.60941731 87.49086465 85.29632086 98.20842205 36.52950503 21.67857547 98.58455032 31.95479514 51.36310581 14.12625599 66.21591002 66.92156062 21.77600601 8.62126465 52.80539766 26.68075312 51.60918126 60.61909246 31.09076823 39.63010471 85.44241099 59.66813336 75.55929209 88.99741217 84.96585856 8.91265423 46.45973138 3.27759097 8.05355035 29.24481356 11.91568535 1.48484966 92.11183203 88.40744585 39.61096985 77.43129625 68.51507091 33.39931457 29.61979338 35.60167505 20.31352497 19.80715023 67.16623502 76.96709418 83.13947007 4.57176085 18.14092433 53.51176414 97.46190294 9.93393283 12.58981211 77.23128440 76.27808495 74.57602046 54.27983305
55.86202457 80.73648841 7.31037278 17.35429773 95.74330756 39.99715917 39.09485002 16.65611130 15.35246866 20.97396828 88.86517491 74.77874607 62.41850339 16.68175491 93.84098282 44.13808585 3.20183183 79.44825834 2.97420733 74.12551877 54.52438052 51.38277640 18.43319043 7.34205088 51.82902995 20.24984778 9.42324061 43.79066411 21.30790938 70.25502848 35.54212218 45.45136451 2.73004565 58.78497949 13.08833400 88.02903141 30.23907615 76.58545449 55.11045145 27.50915534 61.92994434 42.23920324 54.63345396 90.79248904 47.79586516 98.13446224 31.69955850 80.89107891 60.19244342 28.19407831 14.20666338 65.81382815 14.22378623 99.66909298 48.28977895 72.27525473 59.48026095 45.12457970 97.03237116 17.28614859 94.06250258 69.63413726 85.31410013 1.67618718 23.51554699 97.03897474 13.40047345 72.22952371 94.34789481 84.97022346 57.82821877 6.66028164 7.73270641 74.93784308 73.50196569 41.54016830 76.03247717 39.49444470 7.82107749 68.13517458 44.39005517 20.43155781 67.08198931 73.20276861 29.03557430 90.27039017 31.10316226 12.11453492 15.90856129 29.92613260 47.32611950 20.69049394 46.13035134 1.82231152 19.83061346 4.04107329 12.52108544 16.30934172 83.04059960 52.05682884
73.01941685 12.19801201 67.12639246 99.38353626 44.55210102 60.90111763 93.54877407 87.26774164 17.53700298 49.08299499 90.34288230 74.86063594 93.09245316 51.55354579 99.71008912 17.42983297 6.55570702 31.11826851 29.58848123 59.15948380 3.15128479 78.48730207 13.33514028 70.67753178 97.84028920 95.49643393 78.22132642 26.32759097 9.56231336 45.09758857 77.80033961 93.71972175 10.04612612 48.27126689 53.21556616 72.27621959 12.48201403 87.94664115 15.24065139 85.46319936 59.50400748 39.63348770 8.44521283 24.87006542 44.50989983 90.68209632 90.64505470 73.17103680 14.62319552 14.12076259 50.02702031 97.62000156 62.57440840 56.88698483 1.47973975 63.64360603 55.41787196 26.17584260 71.22235031 2.90524012 33.26396342 34.34240724 10.81587807 12.30439330 36.61127090 69.37343509 47.38517237 18.96818892 66.21173323 77.82902079 91.29891672 27.29839036 73.73524527 41.31731687 33.19636286 68.17040514 98.79261097 41.03501860 20.49374558 82.55355888 15.32858837 54.65726019 74.77460671 5.29647275 65.62203707 41.57107561 27.94035781 46.80447141 12.95308494 86.08736719 33.23265786 55.19650197 18.98593864 93.66473005 88.04042800 83.60015177 69.93513244 81.09495122 5.39952784 9.49717989
38.09260440 30.67651630 59.73036620 49.01432646 93.13440877 51.18900245 5.72830090 32.29893086 79.93310438 61.65725154 35.85838997 22.99564391 44.63567724 64.98540700 6.87950702 95.59692608 34.97345041 37.57677463 47.09359712 48.83849996 19.33528278 4.84251391 43.79734430 86.19586961 46.15322363 92.92144424 51.71068061 41.22004488 24.75252726 14.05247457 73.74072413 37.23607158 26.53793216 37.42306110 91.45355347 50.26896896 90.52306994 14.99879590 80.43535193 9.80739122 96.80004332 33.75922773 31.64406816 95.73819410 2.63887633 76.82737675 32.24531153 56.09572062 87.17577961 67.41224341 93.22980767 7.01449676 12.33031796 66.98479733 57.69649428 11.44690631 65.59305577 36.29417171 6.63937945 5.70061923 82.44557236 5.22455722 76.18650691 69.97374262 75.89379842 37.81738272 54.74937042 10.15560681 3.20734608 18.02865619 66.03640247 2.42033523 68.62285364 53.42596854 28.57629793 11.39177403 16.06315350 23.96582759 31.40752933 3.47215111 47.79159939 39.99466042 31.87975306 31.17280691 28.61469572 7.27688912 26.55967834 52.34688554 40.52019282 31.77988278 62.46649308 91.69797484 61.11303378 7.12854254 91.55846985 22.63670769 5.25050293 96.69981071 38.16306487 20.63397020
32.25567528 12.54585077 28.88459584 55.25179128 72.55612977 69.44791611 86.81662131 40.01134548 65.91522062 75.44569111 31.86894907 54.55531951 36.94076091 36.52657622 82.05453351 28.86322497 30.68664131 26.81232670 12.67248349 62.72224140 61.22377246 21.77240989 43.11319814 41.18963142 30.77822724 31.06671587 87.06062461 20.68210587 22.09110813 60.29394532 20.94551783 66.60596070 8.80223599 83.29903292 50.44203780 45.55552538 24.33148656 56.49012065 55.61551446 40.84591284 6.58354201 43.37016442 99.01839531 92.08471382 61.20606398 73.42664655 54.42185477 94.78052476 54.65400965 19.34582353 32.88779266 52.37447418 44.98831324 61.17843260 28.34026285 73.10583979 5.92421351 87.63480338 45.91355930 76.70656927 43.24777996 27.53577773 69.34146357 9.36354842 64.83294299 65.45626630 67.59456824 36.20583491 38.66261877 27.12366591 54.90095762 85.45836174 60.84571454 6.72132067 72.43208262 36.47074987 49.60284374 34.34682926 51.25445160 21.76956711 96.22812995 67.52836517 36.05807889 63.94847765 60.47096243 95.15789151 4.19999019 50.83647448 84.83901274 95.64255602 20.90239912 62.71393842 19.62917222 9.88748572 88.94614366 59.93252268 97.36633532 17.72892916 31.76253866 78.78587356
2.63167377 26.48104018 20.83444606 57.70982611 70.18267461 95.94207133 35.77883070 34.78486285 37.38728405 15.28996658 64.53711493 9.16175269 39.13862929 99.77586443 6.35049222 12.18137850 50.79375119 30.68737819 53.03990249 49.30929376 20.46125324 38.70220297 95.06183204 21.88331715 87.84435796 22.86078925 38.57958530 5.49389097 39.34072240 85.50455390 58.68783095 6.81196108 22.65467574 80.39667729 4.55164709 81.52085583 5.57094484 12.75286398 95.75476945 60.22654979 14.92466419 26.05279394 49.79704305 2.91454046 62.17702691 49.19695580 45.88599908 67.96042943 10.56846988 56.40564846 64.00808447 81.24735573 26.34953230 81.35955618 6.60520027 31.67889529 85.23822500 72.47041831 43.71793325 53.28354648 18.04187641 99.73610782 13.32210873 19.28385412 38.33660559 11.46356528 38.52631494 70.89068369 71.02204465 11.20465583 51.28207785 70.55957496 92.18127748 2.13598694 93.79795274 31.27698394 35.40815957 80.13904637 61.30216589 15.09422810 84.96326052 5.91055021 67.67563926 54.35929492 7.04868564 63.84128054 64.02087446 84.90182307 8.47141034 55.34541075 16.13575085 23.20450646 1.96192243 37.73549622 76.70454134 19.98401174 25.22640176 67.15941227 88.66385251 40.71272379
71.81020810 98.96804502 79.76658169 43.99343887 10.32868522 31.76502566 76.41138594 29.16375697 17.83393132 37.24074680 57.74975470 89.05631150 71.52813961 77.45842584 61.52936927 3.07789799 70.59035292 71.69420905 25.93826007 95.85630729 7.57161205 33.22341537 73.46522841 83.01417827 33.94684544 46.92998555 92.89047952 78.21906066 14.98609481 90.36583308 93.69480111 11.36154381 76.19473227 10.44857288 85.80134854 89.66865866 31.59687924 32.10150432 90.39445919 86.78036818 77.00042254 84.87604072 15.21680138 16.51633312 62.94823802 29.95221686 61.62969166 80.94079924 99.65702011 15.91487095 7.73826169 90.95972813 55.51517377 69.20298801 23.86652317 94.64705076 37.77104529 94.22909466 98.09034815 54.54363336 41.43299743 51.53113363 61.38328799 21.61343738 23.65178908 27.97044075 49.82092199 47.93251178 90.71617040 21.32626933 72.64260830 79.21337028 35.63459708 62.66432121 18.07174755 9.65316635 88.44816095 94.63537059 3.13733351 70.81977810 4.73769221 63.34645187 56.43916414 75.18172553 85.23404864 64.39058038 79.06716434 7.90124365 84.47395725 50.83761582 75.31880486 17.81248271 61.08460814 9.61345376 63.86214197 65.68313129 38.24258847 56.87877330 30.80103356 75.52545663
89.70975916 93.62429393 92.42825964 4.83577718 20.05012465 1.27076383 90.22792538 48.67230849 74.47045726 30.72378344 8.90923423 44.40443277 48.77940570 26.41018641 13.76844361 90.78306592 37.71937545 24.64078532 15.22222997 62.86363265 17.77606320 65.12831525 10.93316987 7.08109767 55.34298991 8.51870510 81.53820761 82.98856661 62.26255835 74.35444978 31.60165042 65.32764828 21.24059562 67.55094029 72.47777028 51.91833509 31.57561390 65.91051554 76.99617166 75.42234570 65.28506541 39.39139151 10.13960235 57.70374508 3.94154311 19.02574104 24.02460934 47.81573448 60.19551729 51.59720954 44.07746886 88.01240920 14.00855771 25.54942651 66.16901174 16.60514479 18.26663989 51.14570657 31.58499388 87.43561647 21.38483867 8.00598849 79.57127845 59.65799177 35.98678460 14.83354827 68.32418100 39.61285778 99.18745491 80.86880879 50.87051395 35.64885335 57.21036378 44.46582328 16.68822241 75.47490990 64.09334276 50.02991475 55.51304160 81.33662525 1.45313039 94.47717157 92.37771936 23.74035161 23.03029448 62.61782172 29.96989878 12.11907669 88.04267265 18.32194693 2.01991204 70.01702390 92.38442963 83.38625595 92.65804353 21.01153562 66.39003739 75.33097318 52.65021738 89.21123761
78.21548051 74.61938494 29.22869937 30.69631204 21.51655254 88.26017754 13.38690828 90.90804608 29.63667888 80.87906749 58.96663217 61.65160317 22.11981833 12.00302695 80.08962751 6.64953739 57.84698240 74.35413172 95.91907862 51.12659774 75.86984327 2.45407739 36.92556709 50.14710029 93.17887937 62.06929865 51.05411878 18.76552266 82.08031523 47.02460502 60.66308576 67.90619998 47.04053585 57.35490259 53.04983056 44.75770481 72.08079302 63.41952302 43.42859616 22.57087820 15.49505271 16.56691120 38.08014955 48.72550818 52.10794979 97.05353616 6.27865951 2.26440630 22.53247601 53.52912572 12.41507784 6.07935340 78.93545898 42.03109269 53.54178421 68.90370984 89.72224676 24.63411798 42.32849738 18.74863312 33.35204603 51.71984991 93.71195635 45.58259260 77.17763469 62.27137767 87.01910397 93.43989017 83.47058587 21.97338236 50.58530091 3.00015135 21.25427133 6.97863251 15.67953270 11.38833353 47.00712445 15.46217146 87.90136820 26.53363133 30.53728964 93.03071104 21.60489640 69.84963393 26.07876262 61.64228899 49.07542874 34.83478077 4.72560168 49.71775907 36.15419330 16.77048764 47.60669977 13.14947823 7.63555507 18.83118642 74.57663344 86.22979448 99.82387315 85.04510190
17.15704142 67.12298234 19.35754370 60.85815588 26.68022313 73.72637529 12.88289425 24.67487038 52.45551121 12.58014711 39.76750021 23.46849808 62.53073554 36.36826981 99.13423254 69.95046209 31.00554616 79.69893252 95.90370929 97.21817647 58.44474188 73.01299174 97.18400805 60.20022336 19.73717089 28.78476197 77.97840897 64.93597007 10.54158275 53.05581960 20.94945204 14.78566365 72.50931804 65.04935404 97.04830334 57.92523410 16.12849367 36.88788784 38.05716094 95.63058356 52.36362542 74.78026347 50.30092965 33.57215585 60.85814376 26.56342027 40.74990397 33.02072830 11.38175051 55.10466667 96.07747789 27.74061136 55.23102016 40.37991841 8.83376586 59.19009942 75.43194768 13.72541744 7.20851841 83.92278731 38.25111910 43.47805064 81.43512676 77.66169115 87.44992975 82.61060743 67.65104752 70.74918358 69.04880365 9.62194660 94.58688501 35.56638813 44.54929739 61.12441790 83.49638602 45.72153887 62.93344358 93.43511473 25.86138027 21.61713606 63.70520845 2.13709989 40.26739330 91.75090327 61.84517324 53.13223780 73.65427161 17.44960041 79.61979535 52.26772292 47.32794158 11.66513174 9.88879784 90.04024830 26.86093813 20.86889273 26.79775586 34.64056384 85.53189703 26.53050853
41.61542865 46.54069666 12.08030222 52.11938883 45.18626083 58.23871817 92.74806074 80.26950708 21.91571032 40.29762000 24.01779577 30.49970520 36.60576396 86.32909537 75.40178056 36.34691418 56.77481721 57.87889410 24.67687216 14.77490986 83.50684526 75.64923912 27.15671666 34.28034822 38.21894033 44.36291026 76.49505706 72.41747751 90.45336257 81.88783795 1.44709704 53.04885110 15.22043608 32.78318390 88.84020521 37.98713744 52.26505489 13.58964296 38.38660732 9.24353331 3.95986157 7.85389007 71.58560077 24.26657897 39.06608822 88.98360829 60.25430772 83.64976632 7.38727848 22.46237303 59.79449465 29.67160628 61.66716133 75.48483110 24.36178610 21.56689389 18.33522986 24.37463607 70.34182470 51.30161666 68.24317712 21.10728378 21.13725415 96.48785924 54.27497519 77.20997049 45.11611890 8.03555551 83.91100745 70.84302439 70.92139436 86.02115477 90.63560359 91.65783460 59.50418965 48.38705390 56.22649786 67.19921027 80.21948536 43.59251160 48.03657900 64.66610044 83.62777862 88.87819113 70.72487120 80.82931728 37.16024486 34.77442706 28.68486767 95.24338507 5.77996003 29.06591849 28.03610626 97.35134738 38.14962373 76.70921970 82.20384360 82.36957144 41.93999304 22.42990656
13.95558373 59.29322881 27.18715832 23.61453072 31.17496878 21.58995989 74.05619574 59.71869814 45.80456057 64.95924486 4.76447962 98.93822833 64.85943998 99.04149055 69.57850951 7.96626123 48.35511316 43.42074862 50.58988539 48.73869815 61.70139274 4.18683648 74.40855677 2.77612366 93.85037256 74.99354536 19.31608188 48.40897223 89.73865978 93.17960695 44.18323691 12.38893216 87.74139902 75.95601495 60.83077637 9.15048679 24.70910450 7.23267737 4.43071705 34.99785753 51.76691689 14.42044996 3.65457248 36.54482011 29.74963503 74.40158602 19.45082234 76.29245035 34.91769004 25.41405777 98.11229244 28.71137766 85.51544623 29.93596744 58.12427215 96.48824823 9.87828146 46.03644518 46.60126819 15.29264820 40.38841435 26.26630029 97.51045750 99.01326167 43.35151389 41.22884339 29.68816805 11.15955523 32.48503816 15.88340497 55.23190858 58.50892489 69.87119722 26.51165760 38.76590142 23.03335397 55.44109509 84.14412980 25.45165440 34.70326889 33.39914591 17.97642084 7.51744035 46.21025684 62.01740626 45.28775775 93.62304881 41.39018286 98.93203633 87.19716262 78.56638658 51.32683657 65.31588559 4.95328902 88.79508797 23.35580477 25.55107465 88.62691755 56.72878115 54.76196002
15.89327613 27.76552163 15.33816651 6.93734544 5.17067542 96.80110881 3.65130339 42.46187360 49.27414408 95.00167573 75.73128318 94.25201263 7.03568199 89.98387971 67.75664989 63.28591483 18.79624576 7.59051321 58.93738791 65.10634739 15.31119665 39.24588462 68.93216420 56.00131657 13.97126618 82.36136124 91.02381488 89.31268912 33.89325190 46.62648067 93.39140556 72.22337612 44.42121625 38.71862292 59.76776151 29.99803165 34.06119309 53.05893106 80.73232287 49.21313721 25.39167671 71.53745239 30.82158536 58.52337720 74.11126161 74.06303517 27.19001148 76.35627909 77.50934250 79.79876168 98.11219850 16.33096376 9.69557786 54.50641967 4.14212058 22.94690710 30.86462186 62.57662426 84.44852770 86.83569318 56.89157441 8.27716539 99.56748370 82.24652733 63.81454302 39.95810441 89.33270674 2.10443771 87.49350131 54.41026469 47.61931382 72.09656102 84.73560561 76.32180192 95.65071498 67.20581275 7.63079096 34.21920135 18.76656633 63.25649485 77.76756014 7.03668128 27.21631868 82.14343667 14.83344077 31.91693962 97.95472888 94.01350839 37.84848976 90.24190069 87.33770859 52.29219815 63.81062857 2.07408102 98.66454698 27.93291141 84.88752057 98.99596550 72.39201547 36.88851295
52.64741304 58.18812981 68.18594752 44.40878312 33.54386605 73.97430437 34.02949149 25.04169852 58.69885701 61.12721593 73.13447956 19.41197982 60.07204334 90.08177200 80.94915902 91.50442213 25.42859450 26.07384939 95.39797990 5.60691477 72.69185898 63.38336814 42.90584306 53.88275964 44.93661358 32.66198372 63.51438965 70.92964293 29.92212405 30.67362648 20.67329161 91.82965126 32.94627288 76.92390883 87.84158699 83.63205479 50.61575422 62.01768518 41.02834693 81.64133406 40.35109871 50.84851419 32.24008756 29.73408205 74.67026838 44.82470325 72.67145898 66.83883388 36.21726880 86.65308235 55.97455323 65.42705499 82.58281608 90.52715990 2.43087652 27.73264926 52.12702308 2.70302261 37.10625855 65.99611672 39.76924935 64.76320434 48.08670763 69.26278273 60.50561295 17.67513618 14.20639343 8.93910320 24.87527883 65.35250526 63.32001160 49.18795098 3.79152214 51.02441873 17.32473678 2.71315453 4.32606055 92.71929858 24.93127723 22.70151777 65.83456169 78.83116996 52.29486076 15.36297082 39.22175578 8.78556652 17.24929635 70.79558612 7.53372976 27.15642227 44.22840996 34.80694741 97.98505970 79.09018231 1.12581271 25.69821287 12.35246829 89.55254975 20.31883291 54.64162201
68.57718224 53.51236144 17.71869741 45.94343345 29.65831238 77.89458034 18.50407335 10.13038738 10.34458616 25.92209191 12.59806694 98.29467070 67.28871324 14.29225640 33.32351629 35.96147240 56.20565428 5.56579766 75.72375950 62.12222180 41.49909717 92.05679824 13.96916367 29.79485402 70.37199105 8.62800526 79.03191253 39.84999975 17.38376095 16.37304425 68.93642558 83.60141295 91.32018106 19.48346654 19.54814604 35.23012218 48.66406615 12.03673432 49.37602556 91.57033003 51.87275880 67.15214892 48.72399346 48.58530700 22.34190066 73.99886012 34.19547278 89.98029376 61.70406696 87.66366943 12.02554960 34.36209777 32.64139517 74.25007232 66.28915915 53.29119196 37.93564752 90.73059717 64.87634619 29.83230543 45.80414430 96.94806060 61.54095003 4.99861397 48.55112814 71.51225676 40.51453583 7.93451961 42.11239130 59.45142934 52.99985097 97.18251846 85.30485973 37.49759395 67.85673282 59.98081143 48.69355170 70.67238026 30.99477664 34.11518483 35.48686513 50.66282187 34.99763046 9.71567977 2.06569122 82.93139645 77.73964721 79.33667901 39.60692998 88.00683443 28.38173248 6.21872418 43.80987427 65.07066613 76.39801213 41.92178722 33.21475674 30.42603280 31.69644698 62.04032523
39.45601317 62.11547200 14.10112304 71.87149913 34.86951552 47.89502614 7.53933776 39.15540095 46.49120597 65.97309490 33.81235439 66.44628859 99.63004949 98.44565681 75.81421409 14.26677505 76.33372381 5.02443662 6.38497767 56.44673116 85.44919879 21.41166613 70.72443144 53.87653302 52.77396158 20.66624523 61.68910144 60.54885058 16.92022268 62.77138238 23.03237320 30.00050822 91.19985395 81.65952609 50.61680506 62.45501379 60.33911815 30.80908924 92.94555048 1.41731903 91.36722653 35.41919628 27.22165426 98.26934633 56.37687386 64.52819798 19.52530579 35.11255877 58.17456592 71.91901251 38.50224701 98.18056358 49.36044087 8.66850595 52.82737588 15.76323857 58.45401372 45.54146498 47.11670509 17.08567548 8.42419983 96.28676753 59.17911066 95.22699924 63.70682396 17.77796273 95.80109767 13.77959513 63.91012939 86.58132030 27.80735302 87.30778110 86.77218346 51.53983676 41.97436701 30.42377637 52.04268720 66.35833206 77.65281019 92.70626154 88.62817418 68.64804846 35.50920001 51.66514275 10.13612134 71.29394205 48.71139729 93.31153004 25.76811231 62.41863421 63.11248993 6.38581955 43.28362257 69.38135643 19.01771845 29.18637567 97.28402825 70.28681402 85.02285751 62.53052897
50.74273775 6.26305308 52.31986772 58.83991149 96.92843478 67.89428152 37.27414307 80.56459159 65.14229908 27.63242282 7.04813200 9.21055743 29.26293153 86.83541863 29.20009854 8.07936447 31.17111163 12.50686030 67.47490713 86.14731916 85.16135765 43.39937616 53.96608922 46.61538606 75.09650035 15.59352219 94.39822543 49.63557299 35.29757718 45.07069404 87.01281561 14.43210107 80.21876814 8.40519663 58.12074206 13.19254089 37.30495292 77.82676744 6.39158118 18.08256637 15.00962344 3.18131787 48.17886903 27.62140118 2.48032831 34.19126482 32.79399453 68.58576841 75.72672619 78.07101035 20.12587007 1.13362658 94.85858185 53.52716795 70.30123684 60.75771082 40.22368778 33.41186184 16.95661518 46.04382722 48.93158005 63.39279329 10.16677327 43.07790748 12.89505261 48.25127088 15.25883930 23.98169992 52.58903309 14.77590775 79.12314669 25.60344725 41.30385563 42.00889342 72.54482158 73.72852738 84.59023318 29.20923526 25.78128777 88.11693263 90.74427418 63.06068392 29.06075024 44.20454758 23.94860944 41.42477041 50.45165845 30.73779479 35.39986426 71.97768625 68.76377471 31.95209403 21.56474296 85.79723185 37.39235318 43.48910519 38.53990317 90.96116030 73.86877417 15.82834472
96.87301225 78.65449538 51.42677160 22.06026635 4.45083448 42.35225985 43.17295291 50.69446007 9.76520335 88.03250958 29.80621497 73.60024524 33.24510349 33.22824284 58.86555973 7.00024482 75.04370353 83.17668550 20.64539827 24.29050300 14.97221586 80.74666151 21.14432083 91.11213133 73.31472662 94.91279111 98.94178027 6.28043032 7.83483417 79.60950860 76.27177944 13.92751915 85.15174043 74.99444800 34.43120034 5.55708142 95.08708286 1.82805356 57.22514283 69.64797064 67.39358318 40.18196167 3.40091054 54.39834419 43.89164983 22.43500388 97.59653152 62.21674071 2.23847892 41.06302347 28.82167705 90.73214314 64.23772102 79.43314055 63.31932127 61.13122548 68.33353847 53.72357350 67.79319192 3.83126760 77.94535157 91.76296655 68.68156323 4.55606003 17.67765307 4.19593439 34.06138803 76.78813744 24.38289893 78.29173373 60.41726280 93.17636151 6.70513052 40.06449673 17.70717993 13.90395577 98.40287237 8.80860806 31.64464092 85.61151083 34.61834877 8.09776167 61.68956815 15.08472151 15.46369613 47.46235363 95.55187841 18.01465663 97.58885213 32.40982972 79.00999477 35.44944665 94.21339812 47.58578756 35.49559053 79.26435845 42.00048309 19.81324145 33.40403541 87.90914890
60.07982209 34.68049129 43.67092177 17.01581056 71.81958265 25.93301111 19.46129087 43.34860757 40.74133742 75.67660415 8.09374924 14.79109210 54.39816369 22.74033397 17.02980373 11.98838933 78.42057698 96.01013423 69.45631110 15.98000546 66.91187850 6.69431700 68.62812252 22.86758778 21.40405825 33.77652893 51.17901959 94.84507430 60.84809514 63.62869124 54.68776534 26.87980767 60.17878604 98.61010406 22.06255820 21.67627745 19.76546599 32.05164189 15.12949619 38.40828883 28.36953212 43.01550996 39.36245934 42.79358048 39.59725280 97.28789071 14.47741269 62.52668729 57.29558344 38.36593610 78.29542208 63.13486804 81.43528311 68.34634518 69.64358482 62.34752527 40.46811418 22.91541939 89.10913287 58.67214143 94.34514481 38.89716010 32.05492718 86.22006192 27.77492182 63.98898089 56.31195644 88.85449869 70.68811597 92.58895701 97.78223671 95.40116952 94.91275109 10.56358378 22.80006522 21.68782745 21.01735116 24.46293176 35.89680274 69.71517001 46.09400591 66.35555587 91.83685607 82.61312194 38.32763619 6.99051800 46.60960019 30.84656330 3.03250749 29.64199375 41.16270852 11.26007453 97.60475795 13.52833607 38.96299712 31.05911662 52.08093767 67.45227920 87.43681062 28.46769473
52.41529736 50.66792832 18.32502384 39.27172365 94.36092973 55.97901914 23.23295830 63.45457959 92.99108744 66.52630479 60.18224727 52.74369931 57.52524789 57.32044125 45.12295460 70.84751186 53.78533671 69.03584090 8.84878406 5.00407781 21.95491672 77.66572672 34.76482786 37.46689724 95.88236531 20.11415261 63.47398247 31.87225002 8.61185777 32.39381416 13.26832988 74.52504827 23.39541347 49.95856232 64.41046922 43.82569787 25.93427536 53.13062332 39.37441343 74.54337024 12.61541414 58.46619504 49.68197984 69.81269158 48.84637148 3.35278459 94.54535607 12.38331180 18.34940424 90.25159594 72.88003545 73.68504395 53.65587386 89.08300154 21.01966581 59.41201799 1.76562427 43.70764815 40.12345573 30.56943945 54.01647429 13.54257897 30.10902363 9.10847125 22.22807665 83.23696436 73.49781265 27.99564234 98.96161245 20.19291186 64.61303252 73.62431092 7.29624851 8.09653406 83.19722961 54.72319453 30.27504341 24.59197808 28.60087103 56.37568850 68.41059298 92.49194284 46.27258873 59.12964255 86.76362915 35.18432318 88.15772676 2.67419275 89.19969270 70.56746553 34.02502497 80.84247699 76.38453377 26.33089700 83.63280660 43.24106467 17.83622923 15.70412462 99.40463437 3.49973419
53.38193688 42.73435584 96.82726660 36.72861551 2.06290809 98.20358443 90.14351774 37.84119714 76.49228995 64.38585553 40.14745660 72.42554980 34.29439869 43.42514352 52.69419548 4.85123885 49.69517634 54.34620647 72.78483073 36.27600502 47.55201502 29.77776686 15.44588598 41.87523830 39.67209261 65.19025789 80.80605700 96.02016186 35.57838395 15.10096762 99.22973295 58.68765791 96.69508949 82.99962336 14.29667212 98.26315570 61.50850440 57.06542851 3.77013549 27.16162577 48.31826528 53.27386456 51.99259963 22.16725457 56.05930265 73.91498170 43.88026992 74.25168287 35.64186692 3.83916381 21.37273506 9.73362451 36.74210594 60.65222859 42.42559807 76.37766996 37.66762472 78.55970047 67.35503399 43.12924678 64.54945619 92.60385164 72.18121894 28.92379240 40.38771739 37.30913631 67.59692583 61.62729484 19.54853527 10.29310555 44.63211838 49.41681739 85.17301088 3.60986307 34.65375325 47.85608365 74.21609333 15.04707674 7.49680118 4.95834795 48.11397431 13.79562300 62.64176206 80.58274736 80.45867825 23.15845885 44.76556552 1.28112204 76.07428029 95.98060617 2.56029627 24.52695947 34.21913615 66.74638754 27.38330084 89.74298306 6.89068811 70.14112674 43.16342342 51.63118297
99.96669771 90.29673025 73.14591802 71.63032254 18.70447365 29.41528900 25.57910402 69.39317306 97.44950738 73.28124414 10.00756432 9.64097214 72.88559887 93.99353396 57.54631592 82.97922369 33.77166679 66.52449323 81.77899032 67.20104565 75.79817736 49.32156588 50.95353261 22.42910862 73.01128678 22.87591985 83.50681076 27.62729165 5.65214774 55.67652142 19.57021762 91.21804899 55.94012543 63.52111812 15.16889023 9.60531043 13.46900356 52.70878535 22.40194647 37.25372598 11.67518809 14.47353115 58.50258827 6.77699884 69.35681191 77.50319469 62.18638496 69.18227246 9.85105975 46.07241277 32.60904687 30.42783342 65.78831860 13.09041467 23.75430955 98.31881515 88.50087313 87.45627267 79.04421751 93.67492283 88.98219092 36.76471654 5.58983279 13.77294163 27.34589080 58.46165629 75.18190494 84.47123930 13.66778754 2.81229944 39.70852216 67.79948461 56.78967745 95.72474136 91.52472175 25.57570764 12.77327279 62.14555474 42.14671922 25.43183864 68.98057922 51.65181405 30.07075036 26.64605096 80.16340226 90.68252268 37.35735912 44.68913849 26.21079607 22.57371325 39.29271453 12.36453319 17.02553708 33.79039209 18.40051875 26.39529026 84.45561768 1.58599756 9.30094501 35.78905113
60.21149491 76.46534856 62.66578002 27.57359512 63.99841515 11.50812333 9.95709291 72.03352768 97.59031110 78.96062788 10.40858856 96.79553981 10.44812326 22.45168871 59.29656379 37.95759556 24.60332580 31.11982736 78.61063782 81.63017134 20.46899887 62.60934079 53.12905726 66.42789328 21.80467355 78.24914702 66.85074857 5.00367395 2.35911133 36.19086323 48.73073296 54.30949453 38.05624996 38.48623792 51.55260584 11.89216431 74.85365446 46.18225575 21.98729890 1.53114399 29.17193435 65.81770349 23.75802481 37.79489773 1.66438413 79.79411503 86.90056026 7.44915048 20.45585296 54.02381023 45.99863556 85.15720392 14.93767005 22.36841965 33.73471511 71.36777563 14.22099206 27.19920929 91.62264040 61.44100185 91.72315554 29.76182669 38.52543285 85.07953107 93.58909239 45.46488733 92.83502499 32.61581615 92.54625669 86.63138014 73.45715873 60.42936970 61.20039806 9.08974153 52.85347512 23.67476527 76.48519815 88.14298971 58.42293178 15.60169017 89.43793800 56.49562352 8.52255625 54.75563979 53.77665164 73.97386460 78.84282878 20.13775633 21.15447627 64.74784189 36.55038573 20.18899253 38.80424586 50.47785962 32.96251795 15.04328039 11.27805223 27.21435584 47.96074973 92.76051802
78.00031244 42.47550188 53.18031874 18.49992753 85.05147971 10.56167538 96.89469968 50.32410912 10.13695121 81.44542212 73.03849644 89.99830126 39.38983689 3.68800233 21.62732904 72.16531281 3.00775948 52.54126639 63.29512485 73.22374923 96.39163097 16.34043184 57.60942996 43.25224860 12.05710693 9.59796313 5.37043323 63.93648004 67.75766850 29.40329412 87.86692413 19.33713212 69.52526921 46.72285737 87.03526253 57.49884185 79.04188436 31.86671269 63.83164641 27.17366704 51.16241069 69.36719748 53.45694374 86.11151170 53.74600929 6.71944944 76.89740283 63.77989067 23.97646169 19.60825531 14.83507343 26.81991382 77.14237035 1.18985024 66.25677173 94.38597171 48.60127261 96.48859440 31.23279803 36.39358951 92.15289693 46.00738666 73.91161391 55.12257206 73.68808197 85.85155889 3.24755330 3.40957855 54.54641153 51.19519657 44.90405655 38.28151349 24.18849864 77.71832611 26.84721078 64.05985951 33.21400861 86.93561397 63.66347910 35.09235826 69.02250188 64.41266812 91.73582785 84.99390129 51.01825518 18.33584074 19.39184009 82.53254841 32.08460952 88.75860828 59.40435363 59.05438068 25.04296180 99.16791499 67.98600030 16.54536195 27.18139159 37.08626175 68.34855082 30.25539907
35.24567389 14.68918343 76.11920421 83.82195456 76.16879068 70.49521742 5.06021387 22.88588847 97.77220329 11.71733220 90.62591848 51.20729092 64.56836620 87.48169673 81.56412805 46.54077204 7.01072768 45.83233022 65.90859813 74.40276370 76.29161773 91.04968206 32.84649927 14.53764968 38.80224484 2.69948825 45.65302208 34.93107646 61.47060209 51.07825926 19.16871458 8.87060025 61.53336522 43.86422373 54.66297512 46.22889377 1.17011695 11.79507198 84.73764115 89.20502619 38.76311074 45.30344103 41.20998112 49.18822203 92.76850788 78.73867437 67.89551770 36.85008275 28.32376660 32.38552006 46.83446828 17.76391474 60.41174990 42.57251607 57.86051240 42.31430192 85.35851462 52.92049464 93.89156714 2.23719251 96.98423713 74.11746622 41.12776265 21.99233275 60.79048616 12.75900138 75.14404873 29.87052998 40.70862291 7.90259016 91.64818376 73.47282500 32.76861092 21.49127517 64.02197481 34.35839509 41.72135253 43.91559869 69.36639555 87.34156689 34.24469821 7.74858124 23.14952461 14.10557669 77.72850725 24.57144192 28.64346779 73.73359021 27.71490792 28.26493303 55.81257777 54.16672837 39.48915230 71.38169620 10.82045557 89.98439017 53.09995451 23.00452924 59.03151194 94.73127250
15.87066492 57.20844148 72.34218296 76.55924426 37.20213796 15.85050150 95.56550036 41.88054000 5.45254717 67.16219876 24.84345633 88.42048346 40.88130578 70.90445133 77.17921479 17.56968109 63.07050583 72.01755624 99.56529092 3.32380543 68.54921926 96.87977708 28.26229322 34.11566247 19.56102573 72.56879119 37.49609249 38.56699420 49.27957723 97.78806122 76.66183166 66.07818617 4.49474411 8.71040907 15.63990963 81.45398601 2.13585573 16.74030924 27.18936294 52.88496743 83.96855468 5.10972001 55.83300673 56.37608298 28.97818964 31.26771860 9.88754264 96.36294980 17.49992748 12.09371435 82.38233744 13.15806063 52.02805353 54.75391187 35.59664285 61.80421142 18.45791251 56.21346958 40.15561877 28.86458637 1.84985993 10.03047306 72.68738539 11.99361169 5.54267953 10.69388669 53.64504197 92.35821771 37.18618490 7.50436540 58.78083806 79.43618239 80.84116657 96.64725371 99.12019861 74.64318210 20.31038109 13.23447529 2.59960809 79.05797960 90.06006886 55.43485005 41.51264729 4.46231218 10.08769271 67.29101207 92.80804135 88.39101073 14.73702738 81.94065750 13.58281721 94.71835944 98.05848350 7.71540823 54.79486342 51.37729861 78.16826806 91.44130071 32.87095625 48.78432608
12.96200073 86.87072835 56.22560590 75.61667142 16.12130015 49.20765069 86.92015685 24.16016965 68.44840311 69.90184886 60.16047853 21.15959602 70.36741061 71.89207478 78.14576887 69.95150984 25.01015289 61.32791129 15.55612141 5.71382453 20.86148103 87.81362129 34.13255041 8.52962267 1.23105887 58.43393885 38.83131616 81.48467074 38.26783377 61.42427742 76.03577243 30.18984330 29.25670943 39.76693036 58.81246646 68.37619861 15.01790270 39.34675275 47.14696330 65.86254182 84.68780091 92.79702764 63.37899603 35.26835266 8.60447416 64.91518092 5.72093186 98.93508164 20.33492020 9.62945278 22.59450859 81.02766605 90.61229373 11.14589434 24.26650536 23.06402090 37.70540072 44.03504015 75.97556128 15.48717782 67.16401269 26.85888363 74.49353212 41.29649548 14.23009809 46.42294190 30.72715244 65.83445644 79.66949069 53.41430704 68.40928535 28.67466855 50.40539391 29.48059756 83.00659636 29.13029025 85.73650622 99.48636395 16.14783146 84.17917179 76.45357040 47.45993525 54.14624470 13.86637919 72.20836120 72.91300937 79.16659517 28.54690328 96.54369556 54.22495171 92.74032477 82.23909326 35.10167587 77.02457609 22.23145314 75.85200987 50.96999504 7.21571800 21.88933562 65.91473853
7.33919406 5.51490427 55.60247113 67.44998317 40.58737852 57.09767077 88.52133900 3.60245982 31.59518173 45.18706009 14.94293240 44.75472051 12.31235211 40.72101659 59.37396708 64.46912337 5.70971510 95.55318118 45.55950503 95.81710155 39.44628506 21.84641285 50.46732997 34.79949484 80.45833177 28.49938725 42.10877169 95.16742757 85.46418509 53.29379697 27.61203443 36.09647881 72.65420925 62.43622981 99.79588922 66.73675906 65.96457532 44.22832226 63.31078437 56.88381948 65.43320856 14.70732928 6.22634130 8.93932062 37.70456266 45.60221639 39.89726033 44.70604726 76.10793060 15.44449166 20.62944950 13.53425295 88.18072314 91.99451328 7.74822341 59.16599760 92.11987895 34.62492418 49.73624612 16.09178054 47.06172403 78.81783054 39.40314096 42.02166228 14.12860057 75.32647250 89.33470559 30.39264274 14.76006639 51.45849062 37.83560711 89.14066757 85.42689702 91.45270813 75.28313186 71.49239927 75.32642323 82.70386765 33.67126746 27.55491438 96.70436585 61.36415409 79.61764982 12.97676270 16.30393093 21.70672977 65.43949849 7.57349829 72.26880428 62.15016451 17.72599534 82.73611463 14.94049759 85.05186298 3.45489631 63.95177439 10.40879991 52.07565419 47.25167578 35.88008619
15.20720661 47.70826027 29.32589611 88.24371757 18.61516826 98.64545451 33.29780745 68.81899176 3.44115476 16.81791030 7.99294026 51.64152222 58.48755461 19.12659776 80.71581541 85.32768066 48.46374661 90.54960774 97.21995097 55.89540895 38.20668118 2.02146742 60.64524756 42.88848985 6.74796434 32.76800603 62.41648608 54.59736321 41.99462179 70.60739346 24.66951859 91.28361743 16.41723862 54.92001386 65.20603096 19.80382303 25.14190198 56.08332898 38.62258939 7.39424215 38.00204527 60.86362718 67.60390309 27.33386432 90.95484709 98.58038285 56.73343551 57.76059227 6.33761198 85.37460201 8.78038445 54.17869378 73.93937653 10.01105556 18.84071229 77.50256898 73.38465955 70.90817432 82.11753460 89.11159250 61.02257435 27.94842760 87.45672287 29.03828236 84.12709610 67.40478534 89.24624165 6.61481796 76.42507215 76.81458143 11.03870227 14.81776192 10.61060127 5.17668006 39.10445561 1.59029188 29.89792597 4.54138591 21.29385606 74.21684473 28.40974067 7.82949067 51.27334953 85.95830458 59.13058438 28.77912607 15.11225242 76.21625153 43.13032371 67.21621514 75.09787082 57.80364967 98.32950642 16.77431638 53.30497450 63.67579852 47.43313399 98.65884175 10.74657651 85.46537313
9.46759426 3.28543276 6.32175093 8.52988114 31.96188345 55.81297272 40.23323552 83.78645764 52.73635463 24.90188743 63.21196266 64.38687510 97.39273217 66.56244366 30.28340298 97.99357777 94.94743813 73.74096839 49.85733744 51.89780206 14.66373885 44.18603740 17.93073432 95.05084911 71.87401472 51.48112226 69.16766842 32.15380072 4.03363980 75.02481127 84.09427824 6.75823251 8.50731126 5.15193688 13.32408409 56.51302770 77.53838561 11.97514806 55.88519272 98.98749233 6.13354278 8.21700427 16.54849081 18.67830419 93.38629108 87.34943131 48.92172229 49.87126590 28.08854441 91.17676481 78.77892017 84.79236903 88.39646873 74.02915747 26.13659130 44.36670603 16.55106351 25.03058419 6.19564868 38.49325824 6.40301278 96.59948433 11.17711102 59.57441384 92.20974230 21.16005769 16.68902977 82.19549723 80.33330656 79.46907787 94.95505332 60.77745101 10.46340152 96.48612201 14.84564014 79.33447947 56.17415676 98.08833525 51.79404600 40.91369371 54.07261397 31.70637677 99.06624567 43.60728193 29.27303911 55.89725580 99.98495043 72.86336971 18.53290520 88.61302927 21.02419371 24.40310763 94.37415068 45.15884397 93.49915436 79.29027570 97.51007579 54.52258498 98.23121447 10.24354726
22.16003347 74.70364101 65.89487677 47.44833626 15.15013581 52.77390017 6.89411047 57.58368357 56.40306409 62.72970915 71.59441763 24.15817282 68.30503965 76.14253471 23.18859189 62.71971982 77.53393633 2.22983252 61.07819241 58.54530986 8.98785965 75.74574783 30.02880711 66.30253833 51.81558492 97.40830816 67.01338928 12.22648940 68.67167827 63.40958051 76.38112527 27.06979391 79.44255581 51.21292044 31.94040779 18.70459354 89.68134042 83.98546172 41.44537337 51.61465704 44.64093727 27.63546175 50.99461467 24.57123307 40.99624679 95.83455562 19.78853385 29.15840740 91.47575760 75.90731607 15.60994490 23.13562161 33.98286892 71.71854489 69.84318534 82.30046382 20.24389075 73.34206569 48.81329862 31.01920414 7.00664310 19.49311187 5.48953989 52.57869783 36.63862513 77.65343276 34.34870600 46.02539681 98.36024515 11.87690217 47.15129298 50.60119504 69.80206825 89.13166634 71.31798809 92.85416492 40.73950168 1.22787719 72.92929756 6.79731957 25.94561688 61.12575381 58.51513351 33.35321051 26.74889043 69.63015224 19.86539734 14.19753548 26.23948953 39.50431149 74.19538632 65.60302164 68.94908648 48.80093517 54.06425030 10.66448162 73.94634351 98.84477833 14.32020005 98.25990597
30.70508141 9.69459172 96.63268189 20.87531069 55.93470786 89.81920189 44.45417488 99.55398058 76.63552519 46.43117269 83.21923301 47.10074603 55.21190661 96.79258942 49.40683250 75.02648969 85.76053890 58.72289920 62.60673202 5.49650080 31.06314232 83.27925200 44.30636285 39.51715162 36.73365430 20.99546640 69.63867679 19.95103123 38.94008437 11.39193165 69.51284578 40.39353640 79.17498057 66.25293226 43.32303304 79.16674034 25.72734118 63.73737240 1.37026334 28.51463259 84.15820875 12.96164214 52.17992579 59.18889683 61.34294108 39.35554258 23.40186553 58.54479139 65.45653644 83.35340208 46.31528063 79.31199541 44.96733824 48.85238915 32.20439190 32.46884715 88.05053937 37.43050388 57.97080965 42.12903513 63.92510609 48.26233088 68.45704645 69.21496113 60.22994219 99.27789122 77.30943689 95.54561897 89.37523654 68.17941720 29.28555970 33.30993785 40.10139048 27.81526149 45.44742252 23.71846103 54.46722384 13.73777388 51.22485830 65.00703003 76.57712984 59.30918902 15.95287774 63.86064446 25.66904521 75.68839251 78.34042496 98.06578569 17.00858932 57.95577705 91.77287676 34.27038469 99.51140341 44.00423988 76.89109744 72.78966405 48.07192482 70.33276625 23.68281512 84.74823523
81.08708152 92.26375306 20.51093322 86.44070186 94.18032667 67.54931863 50.86598393 30.33757748 40.94438194 76.40049530 40.68916565 42.92777696 78.26152262 32.95206813 14.19654575 77.47052891 13.39423072 29.06318769 16.45106870 1.09182559 79.00121110 45.57587313 56.71507077 31.21492270 91.26541343 3.70394741 75.04086492 27.17105717 39.32698825 9.94502307 21.95712164 90.95541298 96.47114129 99.39611469 35.64216618 24.18147432 81.10797730 79.06641333 63.42598952 25.77139853 13.03590003 62.03755722 36.85539716 23.64370725 93.73702070 19.66472442 74.13410411 62.42947754 91.81530113 68.20480346 22.94419375 90.64669530 7.51417768 47.28231644 66.40735330 92.38816502 80.53080531 16.43367331 19.98640659 49.00247804 22.62891120 73.72361950 30.23716686 31.59996375 68.22277608 66.81319997 97.33192541 80.13272920 66.69937275 13.95633245 8.49228476 78.53981342 20.12072840 34.42049812 39.87677383 11.05518986 74.88581595 28.11805111 97.74444981 24.00323778 11.38712869 92.68526806 2.55136167 36.49557934 93.91439579 69.12763449 38.38337143 77.33151755 54.56502476 97.08446204 74.24212923 21.42462647 31.26396932 73.10672179 19.11711785 21.59901927 51.54316083 72.98550747 85.87921152 21.64918292
47.65809397 53.40745076 67.66580925 90.59400088 94.83496058 89.56464541 91.92955199 1.08600927 3.73422723 22.35044473 51.95592211 16.33519018 21.38442929 64.60502246 3.96706629 54.68344986 90.65133697 6.69327338 37.47683559 87.26682548 66.11016732 18.07346117 85.42005862 15.20760292 99.77560613 99.47694692 92.15782497 82.69369515 14.66508810 79.22165483 89.90157369 51.80473414 27.39028034 21.51029128 19.32741962 18.02158132 77.49177172 65.67487525 10.98255675 21.28040774 92.93949606 4.40882615 60.54148369 7.07724343 95.49801207 14.75057260 67.13082107 15.22562848 12.40712954 38.31064060 51.99933512 14.71001732 44.54868892 33.95144229 25.55612116 29.11774419 48.65679041 93.63302562 91.81322531 20.53108496 48.19729150 45.61598076 84.37073304 92.46158403 12.93088549 35.66112820 12.35695501 4.18332741 29.93316542 21.17354431 7.59696194 37.88978378 52.32539031 4.31134055 42.64334737 58.95041085 72.54174777 99.40439585 13.61592075 67.93517633 49.21949218 51.37181466 36.13955946 71.48078350 42.81151386 31.40380048 97.44744460 27.82927856 51.12989633 74.52462226 44.90745805 10.05470148 80.42895682 77.46248665 57.96415919 76.91528821 60.46184594 24.63950070 55.06373718 41.81385679
87.76173499 68.08563677 17.32078373 9.22650450 61.77818496 66.88772663 10.36946309 39.61685930 41.19984569 49.26542202 67.11273869 71.53188738 60.82240468 77.77467317 88.56306252 55.62082164 41.68253913 92.77779498 72.64158054 12.34737077 22.12659993 91.71421550 91.02691503 14.19015113 91.12252099 45.26502821 3.38588034 10.68124780 65.12637018 45.25818102 38.78374369 53.25132196 9.45517295 75.34408712 16.93554246 81.37307237 13.07770982 22.08968507 25.70673471 93.95463017 61.56902917 8.70363164 94.10143043 25.72454015 59.85448774 22.15755667 51.27520891 64.15514703 58.82546931 99.72242651 74.14026052 60.05554095 8.55952349 31.11846647 86.08258364 21.31939119 28.70529951 14.39350913 26.64949231 17.94322920 25.30151761 38.21710300 65.68118290 7.22418695 25.10566134 39.57344073 36.84834517 37.59559081 23.78660545 18.24419350 83.78467523 60.70287611 80.79177224 27.98152704 88.26257652 71.23130447 84.07864878 64.22122926 62.45860863 75.69395256 71.36309258 17.43885761 72.85309871 50.37702568 25.59263579 32.17228957 28.09533342 79.59835785 14.53946897 78.35173289 73.09060757 53.55203832 95.30451186 69.50247160 49.91906731 69.03439082 69.79456899 77.97416593 99.67049607 46.17950312
49.96596615 73.76373620 68.57261217 97.65063873 84.53548811 62.63555296 77.91199136 95.51412123 39.67630693 12.66953523 73.33162886 74.72795678 97.65168215 70.93340086 1.15064389 1.63192374 75.03054463 60.17359037 24.18143779 51.14528768 51.12333800 50.01583124 81.59583020 18.98731575 92.46018427 25.34104134 94.82926989 91.88157963 7.67700330 63.79886145 90.49982982 39.39193146 77.81157581 15.60352818 23.65294235 36.80108311 76.42971820 64.92573394 51.07759755 60.48667253 42.85567297 37.35811493 64.47330703 82.88936885 57.16395770 91.21751046 6.28901054 19.41776392 33.37532586 14.35816465 60.32034218 68.10089087 92.54098855 81.93041276 6.80134382 92.52023366 44.04069771 57.41693748 68.29965987 76.36083094 96.77331869 9.97582181 48.06007679 93.51831913 86.66995383 54.51638099 53.88301646 24.11363079 62.62178181 43.36077367 10.22636353 89.89509678 51.41428604 83.61063814 39.06218756 6.65608436 59.51300083 53.36289330 7.53379147 10.00339356 77.30355583 38.01087057 26.75317949 94.84767987 6.36458091 10.79404181 87.88414930 93.56715427 6.63616544 50.74822410 64.35057144 77.44413816 18.22572120 98.37973306 99.79179094 88.27632641 12.37629005 81.52778656 84.83233573 75.27546708
93.72959317 87.76254587 14.69785255 83.05427370 77.62340534 57.43139514 72.55412456 59.68597528 35.65756026 13.05579563 5.70588982 62.40757487 91.56407824 10.56730494 29.68464686 18.03622544 22.66832453 87.40151165 99.94003414 8.69025031 75.07726038 43.55113869 34.79720607 22.04083709 97.38918987 81.84319175 1.63082761 60.05435171 9.65762777 35.30353586 90.14075031 51.93371993 34.54332963 49.00666571 36.71906552 59.85818266 68.24481352 66.61881818 95.41892893 86.65298102 82.79828623 65.07006868 14.10532254 4.55475399 10.95711756 12.26538505 28.15725237 10.51591416 61.87896076 67.30122334 3.60119302 20.97144698 98.10798506 80.15936571 5.98502095 17.83156520 60.26701310 4.24621436 17.52189117 10.69509488 10.34549935 4.88456820 15.51158245 59.61334488 86.93846754 39.81430602 75.78203594 44.02809617 11.94605756 32.13361636 92.16951127 3.07119876 27.92412812 42.97879903 91.30600055 78.48181996 57.85682398 33.30131757 27.74883230 79.04163429 39.35688456 1.35510499 43.38554088 50.05858449 99.38566098 20.02418284 16.99457993 58.86685955 81.95539189 4.00171531 31.81922962 2.33441706 7.22805187 88.82296650 47.24153163 65.10960612 15.87629437 81.42554275 41.44888320 46.67676179
11.43689619 97.30309324 69.33705674 75.77972071 7.41790415 65.95930157 20.01157950 9.79040640 22.98267846 20.39826839 21.41287756 72.81748821 42.36890075 49.08602270 98.37605650 6.23839975 75.70549892 75.62577638 37.38892528 96.57378728 52.65620854 25.13308072 21.51734497 69.01266278 41.98888218 29.61141312 61.11493343 51.91646201 8.99397619 76.73129226 1.93969957 12.76003246 13.59133147 60.01073301 41.60805310 32.29697008 12.14665062 7.25043056 64.92853134 7.56689180 23.49881539 16.28744373 78.42279423 37.42035099 59.89790588 7.52417814 7.51376527 71.31257402 39.61678709 27.97130766 16.74140901 6.22012936 71.53568454 78.48992393 20.06493244 93.97999160 43.60919771 70.40338727 29.65432703 81.08730914 93.37773351 81.75085781 84.16701762 10.04641480 37.68386841 61.48336623 1.88366625 24.37366030 63.57271625 41.41671601 79.58973704 54.24682549 79.60723677 63.95191763 2.57416614 18.52400307 95.40303858 14.08548056 73.33832081 32.59770299 1.53848303 22.71927807 69.07156265 16.09915828 23.57820555 83.90894904 47.67864765 81.65278317 30.41620693 96.42580277 8.23429947 88.01735550 44.00086129 75.79213923 9.35997366 86.58385108 54.23402063 3.97173437 79.01183240 91.16851193
36.70911058 88.56077186 76.65866143 9.62244200 78.01721569 79.99666624 97.02550233 51.69095270 49.12824122 83.90094564 28.21208820 28.38849985 62.47345317 57.73643920 43.95673155 2.81575821 79.66392282 97.44041775 30.55615902 80.50622490 50.34799674 19.29051943 93.70423809 34.54495092 38.58127849 27.58967922 57.40241435 8.02173555 77.48739705 88.73996085 73.00851501 9.73381097 68.41453373 77.71597381 48.87651726 71.58804692 97.40651963 92.97588858 50.42115797 25.35884206 47.04183750 24.73319017 5.60793141 23.72454726 3.14318661 77.91561333 65.87262641 20.39332585 92.41853944 30.64240055 18.97702100 7.38004042 37.76680534 85.46803419 43.21962589 50.46006364 89.45787704 28.75771899 14.84340608 75.95134839 62.55783846 67.81749081 80.21001959 89.11872613 37.40649946 58.47952313 43.65469584 38.60450201 20.66688655 34.14972496 23.90234348 56.77383739 30.62388015 49.71132356 45.78993923 10.16846529 26.26226682 48.46363775 18.66543641 80.44907537 47.38391784 22.57926820 16.89933132 66.01557265 32.90594718 25.86878236 6.68912810 6.72835694 8.69450534 32.70210264 45.26410543 86.37231420 50.14948415 79.38926913 76.60107460 72.96042706 10.41637935 39.84048754 38.08773660 55.04051907
59.53276427 74.74518088 33.14448040 11.24642316 30.55754518 98.34124789 62.79513903 91.97645635 30.93760926 93.95434961 97.61402567 65.42364399 48.84951765 62.80060307 91.70646191 73.05031897 11.41162749 79.56362006 66.01094245 31.84293669 57.51680642 43.65373342 20.60730949 68.04413610 94.73847289 19.89803624 9.75329162 89.72903008 84.45478109 23.50533707 56.86133888 15.96577886 13.57535004 72.77037290 40.49659257 11.69633366 33.57088424 30.81647042 20.06103757 4.33867264 59.59640401 32.84679619 25.43240019 96.79665327 31.20999643 19.11073114 32.79456860 28.55407476 52.24369086 17.44030684 18.88387814 9.58264265 51.68094784 70.35258410 63.03288813 29.26584419 85.53360130 63.25982938 60.68374292 98.25048107 70.21467508 95.67751394 39.02975118 8.22999882 5.09132220 40.60545630 53.84302159 30.42231509 72.99635819 44.96986251 2.89369326 52.31345174 6.54207833 92.42454785 97.89968597 53.76879343 1.96101598 12.22179380 51.18578438 49.16007675 58.67851558 14.58335239 21.47872400 12.59191528 83.20133098 63.80744991 68.01798783 13.09711826 92.62980889 1.06023487 59.36225453 72.76618524 21.98273264 11.00324852 70.23748837 91.42891818 10.95881662 93.09469251 53.22441925 30.23290796
8.24863338 89.80743956 50.47426516 9.95344647 78.24126519 10.21193801 96.09771839 14.04266471 95.25730399 32.54561863 53.07508475 4.53431472 50.26033105 12.22386901 63.74554811 66.05147017 40.40374261 39.31006215 15.93863374 99.60338205 48.66367467 61.58946796 30.23744631 93.74334184 20.51028009 41.15754919 2.35086052 37.71466451 78.36296699 57.82059598 1.56703708 65.58106211 18.44340498 63.03610617 51.19236404 33.49212040 67.38571926 57.41873765 55.28974783 81.91026502 21.61628816 77.75688889 75.02365602 66.05898147 34.30699560 90.30309109 82.00235488 65.33257574 24.29579177 7.49740230 73.56571949 31.47073188 65.37457135 58.72091750 7.38634690 49.77072321 35.49599728 93.77507761 2.62813341 47.88796511 55.78276553 4.13491615 89.49365132 46.75901513 71.53708352 42.26651906 88.05275978 49.27431548 20.02406130 63.79223414 34.52289852 20.59725931 61.13783893 77.37672602 97.22305459 46.38175244 70.83702534 88.03093005 92.01314699 84.26166985 55.80557322 64.84969898 42.80205208 86.59249603 70.11128527 49.40586788 58.17561101 64.67050348 8.30541214 72.28326384 39.99637208 11.85422719 31.86420951 7.51067156 20.89774780 83.44827173 18.90034575 6.18469407 31.63640985 82.07317998
89.09988253 50.78991060 84.88251630 42.80030390 53.52656910 96.58112675 59.46780044 13.21827644 62.80355134 34.50436781 38.67937040 32.31316744 1.55058000 76.49716643 61.12227769 50.68293396 83.14227219 19.35650233 66.25486387 79.70514610 75.69116102 91.61768391 20.37946601 87.90379993 51.40930170 80.99804965 78.77892752 31.36326938 5.37814502 47.39900127 48.28942883 89.80280412 3.13703149 23.61144839 62.33086988 91.51668569 7.68944853 29.66041428 59.39338659 41.24113435 27.32828914 58.34045507 39.65557126 45.25837733 81.17656884 3.85307458 65.68139774 67.76876340 31.05378472 99.25755581 99.27743333 45.19472531 19.55188887 38.74111237 87.22000220 73.99294645 2.44994932 19.50435639 39.27138503 97.56509968 71.71693992 5.13718209 81.76876914 91.28945161 60.54084179 41.96401662 68.68346547 70.31960785 57.04453935 13.24142337 56.29770698 96.37472910 4.67775717 66.41833903 88.90612317 67.13879394 90.73440649 98.20299319 2.84051711 3.20117754 92.18846256 79.61204090 64.04768636 51.70292759 67.05386419 36.44438665 76.00774136 50.73242418 22.20840885 60.41204607 26.44659179 3.77328510 55.10298722 22.31262783 58.41336653 59.73008817 13.29682941 85.13004672 89.96982387 92.68156723
92.31461375 31.33680167 56.00834887 79.07378214 30.79598753 47.18813428 31.78867319 68.94965457 12.99954170 99.01473111 40.28321919 71.87765517 5.29459002 48.99701646 16.81472241 60.08125948 5.26799146 7.85833106 83.49740439 1.21203874 66.49207643 14.34705527 9.90473043 73.74903729 66.33591729 11.02186873 31.15581428 21.48278670 75.60899135 47.44537903 26.71829786 88.18665704 84.32136681 51.51865793 52.23369200 87.78288255 33.42780706 16.49402730 82.62180075 50.99602389 89.39169843 24.35893972 4.31898512 33.17969760 73.87370072 94.85178328 56.07273648 29.36945690 57.50092713 94.31405250 20.63273504 46.58295850 55.77056009 84.24478955 97.19346339 67.00767225 18.61327747 37.56616678 95.72334148 7.85076501 28.89821496 30.83310154 24.62887065 91.30523411 71.84771627 20.38886821 97.50779217 21.55318512 72.98566656 33.95406743 25.39555300 53.12855817 56.56136803 53.95038429 76.95647521 74.01484328 52.82970880 15.72797781 14.06470394 95.92137775 30.76760867 74.53556679 24.28622981 56.24212472 11.39713150 9.26688384 48.95241076 45.11550203 11.11555612 14.38054795 63.40682268 7.72105368 95.81257717 80.59446226 78.85393473 7.60122090 38.53098865 22.75761150 93.11388378 69.82476317
27.42236459 3.28410014 42.48045807 73.77780635 81.03221959 64.17416621 33.09406286 89.50153328 22.99293584 23.54579263 12.09978131 67.73009581 59.47439116 57.19982463 34.90171062 27.34924250 9.92202691 52.20942691 87.39180178 25.21677079 15.77308918 39.48677498 79.72304068 26.74460973 62.23249107 3.10584309 72.95900335 26.99335407 58.00109630 83.37991298 86.26776935 12.88313568 2.09587894 97.96667103 43.89176296 82.30028811 27.92019374 44.69596234 46.27535172 90.29952008 62.65694224 50.85991801 12.29685808 68.90067065 10.17682053 74.96095543 10.40439067 71.91109606 4.18123461 53.90350841 74.25885039 44.68631647 64.61696526 66.89514780 37.17464923 14.23752503 81.10661825 17.12851546 88.55785262 50.14696789 37.09470312 87.49060583 54.88146553 81.75253200 41.47555382 8.47910513 24.56410266 60.70028621 28.81260475 49.16092436 94.98734670 54.62096035 91.24603852 43.07288420 4.14869876 35.48594330 30.76123185 53.68567107 22.15168547 19.22706101 39.28738621 32.52165623 69.69587400 87.51197106 38.05788101 91.26215143 96.86934854 25.93278053 87.08325696 2.83668378 66.55394450 37.51560116 80.89017427 67.72277821 91.75979981 29.55439140 79.74530844 79.25081393 10.81550693 93.60297251
9.74987618 59.21124399 13.09169543 21.76642875 56.21248684 50.07063777 80.90129559 41.88986857 26.70881970 58.28098048 39.61525416 56.60501003 33.40245088 30.45193158 16.34768008 62.92645563 37.12133210 10.45866555 51.08175698 99.95677237 75.34649720 9.69865358 23.56185300 89.82914263 2.56705037 82.19219627 46.49575557 51.17311566 48.44608971 47.71085898 44.23643725 14.39577833 40.41622489 85.09012326 18.39404330 56.39826673 2.36925450 5.34718207 9.57513274 95.47553653 65.66328806 50.86686470 75.11887093 23.61851650 25.35784386 96.09361243 1.34793430 42.53803171 22.89419272 30.46363493 23.94068571 86.64574223 39.00081685 3.07522542 36.39168352 22.15906148 44.90265670 70.88444459 54.40947300 8.94341073 8.13649360 27.21746576 44.28410714 1.97543268 90.92294063 16.38153876 71.46213819 60.81849511 16.96579193 37.75228834 53.91897258 63.91500970 59.32144008 23.93950014 71.73398831 70.40859175 52.45484268 70.25127520 74.95833250 94.16155176 82.12345785 1.42541007 71.32502637 83.65297727 18.43432444 63.06029041 76.86187897 63.54676880 91.26159012 26.79638641 32.00133348 98.39360536 45.53208847 69.25967491 2.41813844 99.37853869 4.22610864 11.84707740 49.80503118 31.36897488
77.86329745 50.88663482 92.60958268 66.41382687 94.45413521 14.80270214 76.89531521 72.78231190 9.10752787 17.38275665 17.70231497 17.77695043 41.88510777 5.94385065 6.17264629 77.10891833 47.40846610 69.89955572 73.47620375 89.42769345 28.62792474 17.84767158 71.47726812 85.68049171 7.08236247 7.49190763 18.27736699 38.25126730 61.68133762 84.23026239 91.69243850 40.64369208 30.81445608 41.12243593 43.72388605 48.73367489 16.87798563 91.83821771 84.82028163 69.02711983 77.90092995 9.05165751 13.97770678 84.36535094 80.24885237 19.44261169 54.47789356 78.52386159 19.84105481 48.93617503 73.69953783 62.94217656 97.90543263 67.64837322 66.87231931 41.37137916 53.94980196 34.91421358 41.87706391 13.59544389 90.64601558 68.18410993 62.46138733 7.67000833 79.42167558 23.07346700 41.19649979 16.61996444 28.10091926 17.48138137 55.17353347 68.83015039 85.98139230 24.59913265 9.97295943 1.43968628 89.95002069 25.39750093 22.01640624 94.78960965 94.26672815 7.56421828 35.12766020 46.01382143 59.72425338 88.63550225 95.22642582 70.66414220 85.24917912 70.29084120 74.87823653 66.78083745 68.02583217 75.58222641 74.88166071 98.73134441 50.13979508 26.84397683 16.47547295 31.28517298
30.88929915 12.28239173 86.84500586 18.72994502 72.22835359 12.97885234 47.46189002 92.14809290 67.68338302 58.37285457 18.40090145 72.99801770 1.23933752 49.57681954 42.65421799 5.94129345 27.58156710 60.73992212 49.67345781 7.12431189 79.82228988 17.43477720 5.63052623 26.53928589 55.39263503 61.03045621 96.66686553 91.03805126 78.80483776 94.64207545 67.07290619 70.27402169 94.42673075 28.26378100 46.16247437 55.46088633 47.76734645 25.06159199 71.45311665 80.49215959 6.21359492 94.47325060 65.85365510 99.44806977 82.27864737 32.96663495 11.53244313 61.30572895 31.05380750 60.10090297 57.82515508 42.20992385 74.83164148 98.77639742 72.01994544 68.68181629 82.75647774 64.51268602 43.63556217 47.80995649 34.36779745 65.99525529 93.49595788 31.18463355 81.38565183 96.83712641 53.05261856 55.64470820 81.93102786 17.54688984 82.53992677 13.05418259 41.30768882 95.30308294 10.93056535 43.40218359 88.60258518 73.92520427 24.10705117 34.74295147 36.03514858 95.48822826 46.83850443 21.69644663 58.26051935 86.77375398 74.62298410 91.37899084 92.85656101 13.57926744 78.34551727 97.58188427 89.63517601 13.05769860 21.21507587 62.44133561 2.05817480 87.25255728 34.65838136 74.09612793
69.54576559 43.92609488 54.22780486 90.90805614 91.54003770 47.42448266 36.08391793 90.02803229 82.60068068 4.84270041 67.74930862 17.08986153 16.60563728 55.87084025 12.99296924 39.27553502 12.79501503 9.29920108 43.09861016 29.96636226 90.86082747 95.95849670 49.58651280 11.36588166 65.04878406 51.87530368 40.20739896 38.32544062 91.62589965 71.12842648 57.93212011 61.56567340 94.77019394 83.69066109 54.26087735 92.46373630 18.83393210 85.24736774 17.49650240 94.44552449 27.90038937 3.61932483 26.30575829 8.34566766 25.23820820 89.76923804 94.23961932 57.07003363 14.46016258 63.58736170 61.70086161 79.59128971 59.53374789 88.26790765 30.27046276 91.78515769 25.65321193 70.64027891 19.79178802 90.35567421 59.59390218 66.23871355 99.65669897 2.19731984 59.93021294 40.80848297 78.16368018 91.89180629 87.50205911 53.38716526 75.10284713 81.46221701 74.87070540 57.13608222 53.70466375 7.25478517 10.16262099 27.69830824 18.12739835 92.01009357 39.50304161 43.97599505 94.10698547 38.86424376 91.55830801 59.07721044 58.10698324 18.73583555 91.06473015 45.38055939 98.53895776 45.21090491 45.19172055 78.09036479 57.27008063 84.78632827 68.64981296 91.50278221 52.79281019 79.66501440
84.05483621 42.77073135 17.71280286 52.26582733 4.46777525 28.70803684 61.98117745 10.68157508 28.15824394 84.80096736 47.08222456 69.80302611 71.33266587 81.87551998 89.57805979 78.46501986 23.87752138 19.51545131 6.92682964 72.59015571 40.68518003 87.63290997 18.90357512 70.30935288 85.80774872 93.44936394 11.37107946 53.61778202 18.10377222 59.46014613 66.21179503 47.64909118 78.78639636 62.51566046 10.22291210 73.80874157 16.15236149 78.83469799 46.91219507 36.94063603 70.22629690 24.05418987 60.94166938 37.71858551 88.38986156 44.95400523 75.53115687 16.58831308 31.96046115 86.30555912 55.21050920 98.13611521 2.44213627 66.81695405 30.10748654 71.92125886 2.36151080 69.36435313 31.47309104 37.88565821 28.45248870 48.40175139 76.71380960 1.49801793 86.17627803 37.68611757 52.95690539 12.66077983 13.37835703 20.36645977 63.60788293 83.39053521 44.82127386 42.77892299 41.90293508 75.40558061 72.61628209 58.34096869 40.23627004 25.30598493 49.56914624 68.84180082 4.78492081 86.88088426 52.02786955 52.56686618 56.61690016 29.01020992 32.79875180 56.05437132 29.02573472 63.25566277 31.41614835 85.35006425 84.55272906 72.43616165 16.92101088 40.53648563 37.47955044 83.28392318
20.92040215 24.18830172 28.56791614 32.52495582 63.40108509 73.39424247 95.52516981 68.36805919 67.47058406 28.30258765 96.22033673 57.34694916 79.30347801 50.39061733 39.43458345 41.83473627 40.93746617 95.60036078 28.93936932 58.86732862 20.77614963 11.83269951 52.82835304 22.01800604 35.62094544 18.90789902 87.74570980 69.09087943 84.66008581 31.66469219 75.81431047 77.51372578 73.34104051 35.78185019 48.88154275 11.27538297 59.90017385 13.43746721 79.53667413 32.62423260 20.14177684 99.33808040 96.82901478 1.06693299 83.95887850 25.20865908 21.52177331 46.78368201 74.17689217 89.04602553 95.79061115 24.69607161 63.56314856 90.04541221 86.63445785 43.33473873 88.22357218 35.69215399 49.81591137 71.47498679 63.90596952 59.80320014 69.45093492 45.68801773 63.18214576 34.33872148 54.90289484 29.60996950 37.55102216 86.45386590 9.13743852 80.28601066 3.95365472 97.18398063 53.22349699 98.08594556 47.27354090 95.66272182 53.99664452 63.20364219 57.74450028 1.47677383 16.18824005 43.82042506 97.07543090 15.34788687 66.23990842 56.46780437 34.08351277 57.16274832 88.25143806 68.29361432 76.18650876 77.03212438 38.03212272 9.65680373 70.86876400 12.84046959 48.96823336 11.20468152
35.46139410 54.49721726 55.44480469 23.74456647 40.37071048 70.51542383 47.59616942 87.15285830 27.65194787 97.35731258 1.72917585 73.13479441 29.13178127 3.55074250 34.21317517 26.26250813 61.15310598 92.26951756 63.48130585 9.61653354 24.59494440 72.91475458 58.81793015 99.81582399 62.83216092 36.75442992 86.46199330 20.00674059 47.12197031 47.67367218 67.84638804 95.60386260 1.21455018 69.08849074 16.76720274 38.25758253 87.67818302 81.20713330 39.26944950 8.42134240 49.32337657 49.56385688 96.22701904 22.59289303 83.94119251 87.09403032 46.90566613 37.20657648 88.55754856 60.25742821 72.61327839 62.52244063 41.34871441 4.25652523 67.79294930 27.82172338 75.14811156 43.04308524 45.32524540 48.81438330 41.64073470 8.47170453 44.55791319 48.44209468 16.63108505 71.48143963 21.22701551 45.23022490 76.67679166 53.83650011 75.16319964 77.90977457 61.94861876 90.62935538 6.76017853 97.73049653 66.92780556 6.04559261 86.73866562 72.66706173 93.68096500 29.72126594 63.50527969 70.23321980 65.84340863 30.04330741 39.60340964 96.10796649 37.99321391 79.28623199 64.05855181 64.72652245 30.56834622 61.24573436 97.51355831 77.20048623 99.60437710 52.37979984 88.82460029 8.61701835
27.26620849 4.36379221 78.65142222 25.25257187 68.90333633 41.13737070 73.05671320 3.49446175 44.01284684 32.84278206 47.60677763 85.59012276 73.75310769 27.12124302 99.93992272 63.61006900 30.15794411 42.42696159 55.36084844 4.53386123 88.35272209 42.66548099 46.59504835 10.34525517 32.50847147 84.27622174 55.67751256 5.74541917 66.42239781 70.80467130 75.53713387 73.18781454 56.91712729 12.95435581 33.23205491 75.18794545 55.05421074 42.30537431 70.69233398 55.29486131 45.08378968 96.92130018 88.97346755 57.56469695 52.30286109 73.27349707 52.25569362 22.62482890 16.06751893 85.70931945 57.32795387 97.74776180 86.36845304 21.52918041 71.72352994 12.50224120 69.74993380 49.22720915 58.97266619 64.06611414 11.35021053 94.50046335 76.84145569 46.72101662 15.76193820 79.18412599 95.13763804 4.20968917 90.11358240 48.36007106 33.93757552 81.75285308 64.45756350 26.92198501 98.26497531 47.57014163 28.43613716 69.89748026 55.45585931 12.30065328 71.98502760 62.95722654 77.42526846 32.01560211 87.19919244 84.75191101 35.91294190 3.37874865 29.69678664 89.74882722 34.96412664 22.78417160 9.65892765 28.53319651 9.93255443 66.36346966 72.56297164 31.01551673 10.16433711 74.78569812
68.02317385 36.40647876 8.70486660 22.20957028 25.44697689 90.79068192 97.17556556 88.81499090 75.03454507 79.23028998 74.40124350 40.37322201 9.38179923 83.26833874 14.84000590 37.50743639 27.77284491 50.48879864 60.79077817 4.09298916 79.18470155 49.94540069 57.80774358 94.69114225 84.40353773 16.26276907 43.18250438 58.13004782 74.61132057 95.21730236 26.31381006 16.03311184 26.10736327 11.12224010 26.49820530 69.04615572 83.85670886 97.97206416 48.92891726 84.70473545 3.39568039 41.15115869 97.02517385 73.56986388 53.22216008 22.77320782 67.78541864 1.07972928 54.55173964 45.84969347 34.36943322 38.54998872 32.26933163 41.41754307 64.01352126 34.09457348 73.11304521 10.29095501 98.35360397 23.78248994 65.63478657 6.10052298 66.07884690 92.53413285 17.36866374 11.72866440 43.53251177 76.66899319 81.04094217 28.36030620 32.30058457 70.50585411 85.61468097 45.66228088 80.22705256 71.55318155 27.62906964 48.26662489 19.52932566 43.95223088 39.59567233 20.36781445 18.71984990 74.03988765 70.40830170 88.55636403 25.22657353 90.38350394 94.26477530 21.27451452 38.26032071 55.54002387 8.82174200 56.89390195 28.83116235 43.77745698 94.69590946 92.70471540 37.51749919 61.54228741
24.97986010 1.92796680 34.92440858 44.16056926 81.50086443 58.59808143 95.78276352 79.61371234 54.61082940 96.90415718 55.43545670 86.09415054 37.61180571 50.30961673 15.10086124 27.59884870 14.87157826 91.79706630 35.00668714 54.45524089 26.01900408 48.51602117 55.83845994 29.82496186 4.31560045 34.11061791 35.00181771 6.00177130 94.27956601 21.76972701 9.88516113 87.97161210 91.24133170 40.04472022 11.95663724 49.00304687 67.71264170 37.27663146 23.11244968 21.67355941 16.03412515 6.19132119 52.72972479 58.82931933 32.84831991 70.17059663 83.36274116 5.27589936 68.09473475 76.59348906 1.48746198 85.39793668 32.09607234 56.01188570 40.08392840 22.13071243 25.29397647 90.66382057 6.74636799 34.79602809 59.44271562 12.20713098 15.58398017 9.69824846 59.43763150 8.76987106 97.78159784 22.63180670 45.06118985 3.09438991 76.86053369 8.72731343 97.90846587 72.56914491 54.07513995 88.57986111 98.11230053 14.41249205 29.32571481 17.72251814 36.37183925 58.71696350 73.32887775 65.00984279 59.51710180 61.67570933 50.67572717 77.55655074 73.27168414 29.19840021 21.59733851 21.40275888 68.63466079 65.85290254 8.29725269 52.51378317 34.32322988 23.45843747 30.50470317 93.10731731
44.09906975 15.06798948 45.78394902 87.02420764 67.61787763 11.80313358 41.76989310 25.47194500 38.40169056 24.50825100 28.46543494 74.06725239 76.39711309 85.68484906 58.31252483 37.75022706 52.13524583 91.31398232 11.63442360 60.13327383 74.75232823 85.49938831 80.76104929 15.43989105 78.35182925 74.86150350 36.98174398 59.72725592 94.82104585 63.51790997 18.50739472 11.51835872 2.34259900 17.19400201 23.55481507 68.30563061 30.64593451 55.80583554 31.03802241 49.97441955 47.82568897 86.39971067 1.35830471 74.80380015 90.46942460 80.68027535 52.74749994 84.84504279 57.69145053 65.00584335 41.39086986 81.09986250 24.50962170 76.15366103 81.05006670 54.65681042 45.43581161 24.16346269 5.91327970 82.83067812 52.26951449 53.34049970 3.85908964 77.30777862 46.54765836 49.02068308 41.08673481 43.51752974 22.74833719 54.13677094 76.94850075 11.86396986 30.01454274 93.12187940 10.32328055 12.64528557 9.62239095 63.27061724 81.65497966 11.40047068 80.22757759 14.13283690 25.88009378 74.21411472 76.27656201 17.94788042 38.60107347 62.92578307 99.56092975 36.88794481 65.93735865 31.55256828 17.63291424 96.61319082 64.73296372 22.12146230 98.44362954 83.43572622 36.78341815 52.88387606
38.83079913 50.96231661 25.21104680 72.86953248 14.23755866 82.68906341 94.98120154 15.37627274 49.69233306 93.50250331 43.47163447 6.85182599 11.47821267 77.79198335 37.17486801 74.60016412 17.71967966 29.86058417 33.15335027 83.71122297 50.78721744 93.53407787 98.72373089 35.67073282 6.31603165 68.48843684 4.72575399 51.03188783 40.09588259 70.96148008 46.03498311 2.91141963 58.13378856 37.32937894 14.12899081 62.74215168 15.71468425 90.86344879 18.00508921 37.49573286 75.24986664 95.40601255 92.54626854 33.25198088 45.55858399 84.66125695 51.35125577 38.08575000 76.50074156 22.61129257 13.73325896 40.12734000 95.30345367 64.63759209 65.56515511 24.57941891 46.14873244 52.40128767 19.40738075 54.53909934 47.31876974 75.14815836 13.98375603 55.02542357 81.04532269 60.92348799 10.53334224 39.88830500 68.41045392 70.22096209 61.82548519 98.58451225 71.10470421 15.32762501 85.09763127 67.61632231 20.82106227 17.89954701 92.56822226 76.28940965 80.91325076 60.19958570 73.28830041 25.89011029 58.17751195 93.05054332 5.21258968 41.38880682 20.43986319 40.08305729 71.76756764 93.63782325 48.52911626 48.09239512 54.10173850 27.16741462 63.73222405 5.91968975 15.52524718 56.25468045
54.23142334 68.36778243 3.36867998 30.18124822 2.81143781 14.75580160 49.19552502 93.33171828 60.45683891 80.22013842 69.74472493 20.03984593 53.43878541 98.18865462 88.49794981 68.68264580 12.57625585 95.12151179 52.60001131 56.52955084 77.74988502 51.91633455 95.30576176 63.80403539 63.96111049 63.93150829 58.53367852 48.48192898 41.47943889 47.71732364 33.93564584 85.80998339 31.38730128 68.98929195 31.44432497 92.52453528 86.27706140 8.97989906 17.02492257 22.72646083 47.80119899 24.28748711 6.14340762 36.12235090 33.07295299 68.46151309 42.17645975 41.30374434 40.20163859 75.12873973 68.22457550 69.22441185 3.94793093 16.23318343 22.37420320 59.61617667 65.28223735 31.06531168 39.08664071 4.66671042 98.31755427 52.26910064 87.58618038 92.98875389 77.95632821 88.70680992 14.01340345 45.23760451 29.31907426 15.11046046 33.93737542 26.49826093 33.52001118 80.76252294 61.72673545 93.96172548 43.87453491 14.96884579 85.61877961 53.46151191 80.85341099 89.74408309 19.03460537 95.54009277 12.42015387 81.51615696 44.10149074 49.18697948 87.32863139 65.90172471 29.42381321 55.37989529 35.91395549 40.61926107 81.03337962 12.05022181 90.80350740 90.80790491 63.29115455 16.64614378
7.08612057 31.52824523 14.53363043 51.21764251 40.17021188 98.90363891 43.90169593 50.45201551 42.83797743 58.97765356 32.99621223 37.90949057 35.45544112 7.96580074 57.55065691 64.53053166 90.77609267 85.17914132 3.34861002 10.74532811 88.33587766 8.62986596 57.05850207 26.43717872 73.01195047 84.68521694 80.44574250 87.40956159 43.81915686 38.35606363 90.29644311 60.64908007 95.59128270 15.20846112 74.79316417 85.13625200 20.54033328 86.38129396 34.94349766 22.75243501 48.60477341 52.51068215 49.13810732 22.16332926 8.50042060 3.94428813 37.77116557 26.55768278 16.15805755 32.00592648 43.06338872 12.41167040 24.86979599 59.04733851 64.70054979 59.14113434 33.63054392 91.05896876 89.18410823 29.33543770 36.01443673 65.69865017 3.49433568 17.55526001 17.72983751 57.54682188 96.33769764 83.05190318 52.78841124 4.95701214 31.31305446 7.39442909 68.91320433 3.25536707 16.64139698 19.59245169 41.81706223 99.19360579 98.06546988 70.18964764 76.62808273 27.10060187 77.11296225 40.72436325 18.11302695 7.64244327 20.09370066 7.71284192 24.39375484 57.12570551 55.17169069 84.77809159 96.26459310 39.42176829 64.28149824 37.55900637 71.70619111 10.18881637 32.36630899 57.77021017
11.12024542 48.11722366 70.73493632 18.03458679 53.61685244 45.65032896 51.39601039 38.45030068 81.92720507 15.53324025 38.16952340 44.67635167 86.21806335 85.50921186 27.04799793 69.89552522 26.30690512 70.89471017 37.04142623 32.85791162 86.47265268 64.37603799 24.50775703 91.38012465 74.75302825 48.69172011 22.28053287 13.07335061 98.16793893 42.38193007 70.89522287 48.66868585 19.89930545 63.84897448 84.20981709 40.11581762 44.47060793 1.07818313 76.14738831 7.66568816 54.95600128 90.00593914 51.79163089 27.24745578 17.74342734 50.76514388 69.72837695 95.54643398 22.86821761 23.50603321 20.69109849 94.19656881 59.85991902 97.82462667 28.27905287 12.84550240 87.49382535 74.57112360 66.30325190 70.51940252 4.95444912 29.09965595 60.75531189 8.09572451 41.56670256 70.26785530 18.04627642 77.75286744 74.87066271 63.36826884 48.17847440 86.35235424 85.64511254 73.60259841 28.53535363 38.21497647 45.73737882 13.46429077 96.76481129 63.27771386 82.94508466 34.59091479 24.90926149 3.99983083 68.22957192 53.68934204 56.35383626 63.46069379 31.36109416 89.04826965 36.04385476 75.85660592 55.21729587 60.15842405 8.19493121 46.65195262 73.59260053 4.12220681 4.16348556 88.82107661
26.28875071 34.90014570 89.88669393 79.89937139 84.66325193 94.88719606 10.06807143 51.65135942 47.96797317 56.75224877 53.47022246 3.77909852 39.06482814 34.97823983 39.52737841 98.29963918 99.13193605 78.00675774 33.81201688 72.97434780 8.41343681 42.54916915 75.49249056 80.39715359 70.63052420 28.31173754 54.85671172 83.38196300 5.39695143 68.27561792 28.73211457 7.83848290 49.13590872 63.56609907 32.17280865 40.23367284 43.45310808 73.34422752 25.91712414 83.89957678 51.07703403 61.77277239 34.37468675 12.99670452 67.50318063 50.32290577 79.48977410 13.83772589 62.90385781 93.53293262 7.58136557 40.34803576 58.88111982 75.43962744 31.51460994 96.07036191 80.85623423 55.32638648 30.25708601 97.24401606 74.23939820 45.51998410 36.83955013 63.88126623 52.76371779 99.41435186 26.96393816 13.53933522 22.13070579 31.40076633 3.49753047 1.72386863 49.25685542 93.27211993 3.45816565 73.71182068 43.96262402 72.42297296 31.64683213 1.43068940 95.28007901 10.88310325 79.84356020 98.57519928 36.62779279 26.61706129 8.67161838 9.05422318 85.49147768 11.87329402 30.04478744 52.05186499 45.22324683 96.15206469 71.92911527 13.19915985 27.87532886 72.21735527 87.00564755 49.50882267
98.40140934 18.38996486 86.02125388 43.21854565 2.52803728 77.16800311 6.55992066 59.43395075 67.82302912 54.03092425 6.67063751 72.47891981 25.16967366 84.80560209 14.48876762 35.02261888 32.66101308 55.94560501 23.91773293 99.22908545 65.41059957 36.66919740 9.02709364 14.40579005 81.15930126 14.93434912 46.58457673 76.12990509 28.60420243 70.51522173 9.26644285 63.55631146 34.50992480 24.06747597 3.62518231 54.72994543 97.02278503 11.12116715 57.41236097 33.31268175 43.72119201 92.66995565 67.68895820 64.91543695 75.42352588 87.12731549 1.84731788 50.63775356 41.79983964 37.65554100 57.51578611 47.89960800 67.33241218 53.00542164 83.05278019 44.74527687 4.01455974 97.85195053 49.95442464 39.36883576 57.71028691 56.53804136 69.42747026 32.22276792 33.17651853 55.19368336 79.48404617 18.29855914 65.11643658 8.49199186 47.33927675 51.21992734 5.99233646 65.79223928 53.18640978 15.07970898 64.78317638 75.23080407 45.26865858 11.60760042 61.73526434 13.02642211 63.54388749 47.56153628 70.51732785 26.34238837 8.37153659 2.78650801 49.91025176 10.45700920 37.67611799 6.35092237 72.30390070 23.08538806 42.38233433 6.12940833 10.87081169 36.03898634 82.36332519 55.96374284
25.78355582 55.93309617 30.25613920 30.18313942 78.00618041 13.36963661 70.59469082 19.72599624 10.13713820 57.29568755 13.50562871 93.67730198 30.90934292 41.08842723 74.27178198 45.83046787 85.99614318 1.51116162 35.69759021 37.11073910 65.69014782 29.71463900 66.49674425 1.67134612 48.73825270 61.89234167 29.66467707 23.01280599 51.95908318 23.60562007 32.37599129 26.51640983 50.31940779 17.17563657 21.01065519 11.51861085 98.69096828 21.69183280 8.76648818 54.28569905 98.26399351 30.27261477 29.90089047 8.33327978 69.25522783 27.94818405 30.66780925 65.60504138 92.86720312 54.45481997 69.82026278 76.93079955 89.13896007 56.19208372 52.14882272 59.02185538 40.89352038 81.60096288 41.83911312 54.48409487 53.52255885 63.50512095 15.39232081 15.17133195 10.67925609 92.12495690 93.47829784 2.89534255 49.63280721 44.65299681 34.39877543 57.09823361 37.14662945 18.99915963 63.74943123 58.73732628 89.41787986 95.91823290 8.94262190 15.47839199 96.85668368 46.44966936 95.38553365 2.59299881 58.16265276 35.07691923 11.62391640 50.72736188 82.53836169 54.43216489 12.34936640 87.37776471 47.55633438 12.05067782 82.59172653 6.62993805 28.86567476 35.52597135 68.51224053 74.42208958
22.59767957 91.71759558 63.92879625 19.77604085 84.15959014 86.57396059 20.22669528 47.44665193 92.97628467 22.29952121 21.53403534 16.32827168 81.48899397 3.80801797 60.01590752 72.85674136 10.03646854 67.54205599 64.53258877 97.82360831 15.76743685 76.21095489 96.89677563 46.85772825 95.21984299 67.47373893 19.92816924 16.59443397 12.60536660 59.75989356 91.05391759 44.09234871 14.99445361 18.01133363 79.91617476 93.20635531 9.03229205 24.47078208 5.22827060 14.11839631 83.25998173 25.10428259 82.96722869 23.59063845 77.15080125 77.24441108 65.01890612 9.54952435 64.94182422 22.77983615 93.57303635 21.51924863 64.50619096 69.03999916 61.89256368 96.81437576 18.80147611 45.58409864 33.33474701 50.98514539 32.41880638 17.87632029 25.37856168 17.38391828 39.97725037 34.92032280 16.04997734 84.55620073 72.77847632 63.01023320 36.35346658 76.71405565 66.03697451 77.20444273 22.57592440 67.24502592 42.85168821 91.99083626 40.14640248 2.94675854 71.76077269 89.59584691 15.63523958 21.76626085 76.90423636 84.75705682 74.45677286 47.43801174 55.04517829 2.21962001 1.14859457 34.23640958 90.25754949 59.01637428 54.45064736 90.48872303 22.12271485 25.72517023 71.82646191 50.54858483
38.78865488 42.01084301 94.64605895 40.16943526 29.58367248 31.39148315 18.97130296 13.41392336 6.45445412 85.97205665 38.89989260 48.70617861 79.27655260 9.42379481 13.88932136 60.45411298 11.68890299 61.11207126 20.69683469 12.39880406 4.20825394 85.63694746 54.11747174 15.81916758 49.70241984 10.11491158 2.34460586 71.78383670 79.35567005 96.66465315 9.15378291 69.96735873 76.48128511 98.37714483 69.80654644 30.70666764 36.83892506 68.79219469 41.53827470 51.27181610 43.76694229 78.11151181 19.22392053 8.56395114 1.71906557 74.71689032 35.03986250 17.78751696 51.20978163 86.35007285 12.76006095 74.28581113 11.78221508 50.03880425 45.89348319 63.05253115 57.55495447 24.80007850 47.94632231 80.98551993 46.68458969 11.35956317 61.44031518 96.08058496 40.41373467 70.87139658 52.05810686 76.88390619 45.04505071 74.57025513 59.19660397 63.28141892 95.66394882 44.44126626 76.41656936 18.53833503 9.13945701 2.75786443 31.90241271 4.60989836 55.92707674 90.69590617 13.49153087 13.22858812 53.44714110 80.69818403 99.30421115 91.76785281 96.52568759 8.89227383 4.18634067 90.47058906 52.95346573 22.11896789 97.28379465 46.69645300 52.84335953 5.19659424 90.97406063 59.19360438
19.66572163 11.06258286 20.66726779 75.35877512 97.45595671 9.32099663 23.61861035 27.54424256 4.84423898 67.51326436 73.48345720 82.61178214 34.84578797 82.75148272 46.95940311 90.24501516 61.03254299 86.86008387 96.58766159 6.60488517 33.98615102 16.20294611 60.95447672 85.74223253 53.96672964 48.05825792 84.83391831 11.78227928 65.60970868 26.47234484 93.24055069 39.59765288 53.07274216 49.84966880 97.39097747 37.20637542 98.71432058 50.87305776 76.54865563 4.85940803 33.66399173 34.75103350 74.19049471 2.91919213 50.11363852 37.02385309 96.15871717 61.25110195 22.82874768 77.91382745 69.28574782 32.74208083 39.24950342 98.86426239 55.23941637 55.79852861 9.76818445 4.06458680 79.53123036 25.44291074 45.48513171 77.68245722 67.53458137 77.23452012 36.69398389 13.18598118 4.55380990 94.79413219 21.32527100 28.57135579 54.34998331 83.02264568 79.71339674 40.90983965 84.90200586 12.16661020 83.59974312 50.77867729 16.27847327 87.34029778 63.92589894 72.98243546 72.26712263 18.98284583 67.59029046 80.38034207 38.07411660 67.59794641 2.84546237 3.53233909 20.96531940 95.88882658 9.07463711 37.32250912 93.56917192 45.24014189 96.08615760 55.11351794 8.62588570 55.09076945
4.29379949 58.90120598 25.82140405 52.59359023 58.27777209 59.64273191 22.37429228 65.49517718 64.42025447 67.32272493 87.08355567 26.48851465 79.79652763 15.88946760 22.32235976 40.13656343 69.21963780 44.06398843 65.83819198 15.06186572 52.87093119 44.50592410 95.69073684 26.36922335 47.84890220 38.31345607 83.91265358 25.48015182 45.62150148 60.96691801 86.79249989 77.82912547 66.40095725 76.42492522 14.42185848 67.13420447 21.64988246 94.51690895 93.95245505 25.45363075 24.13110004 30.20272790 70.24924960 38.45907030 8.95702895 97.41891758 69.64883487 42.21095462 43.37468683 7.49950375 13.30161039 49.14301328 91.97413708 78.50077297 79.98436461 41.01683118 74.06417097 57.53602105 25.24874518 55.82208092 34.51548773 99.51015216 15.17883063 40.76384959 71.02528272 90.80814758 25.98630131 91.06782426 48.82555315 93.40812743 66.90509854 6.74350328 28.99838394 10.91277800 29.41040244 53.42505272 69.16897760 53.85214146 30.75986137 4.62591487 8.67663364 18.21302940 19.01491916 96.81090936 86.79499364 10.44340524 70.83601664 24.52977980 29.08367608 83.55080707 92.15128182 4.03003412 4.13032509 76.94400411 28.67487224 28.43848403 16.51851764 51.51359499 91.05744781 29.10653176
19.82158943 46.30711785 18.62264362 42.73505460 45.76830457 24.46442304 23.98418633 82.67692914 59.33571791 73.15934460 88.42195648 44.49526821 90.34395343 27.12133118 89.14466378 96.17947510 82.82389512 77.06704248 7.95508778 94.51927801 33.40745834 3.07909886 37.55108660 64.10910956 48.82001778 59.72621391 60.30248766 67.17012539 16.72260152 91.55614271 25.95224086 8.16644973 88.17475673 80.22009025 78.23839737 16.44947421 24.62528379 56.99264733 8.78874616 2.50549312 32.23968012 27.64526975 22.24821726 7.37939774 2.48648484 6.64078736 59.51709430 9.33535066 41.03564641 7.98076183 60.47903210 23.95817743 31.67388349 40.62574678 30.76633382 74.09135394 6.83770713 54.82540716 86.68524903 48.13999240 81.60525106 8.76029810 68.26729727 16.51663022 96.72622768 23.13947543 67.67016210 22.25256754 30.57098911 84.73606861 47.94083637 32.23523493 5.32200299 42.72272843 36.43289873 35.19644182 16.39581922 81.95761991 78.20925559 8.94823241 55.64816130 53.26141598 17.00237237 18.81818064 90.88919791 90.73717206 49.02839948 99.45239438 82.94946434 22.85495862 68.39471802 76.22809657 29.28508852 10.83326132 63.60756806 74.74998247 41.77414236 11.47032497 53.45865134 49.51294062
24.23425217 24.90062210 63.33712941 2.82792931 75.12079417 95.19968860 38.43245922 42.26264171 38.48922858 71.84923417 38.82841647 75.44154901 19.80096932 7.58365637 39.15571300 44.22122866 90.12581520 94.87080679 82.33302188 34.27163852 45.78739199 22.89793429 78.48169323 43.77873831 60.17551909 88.77306760 93.86237043 25.65725857 85.59731144 88.56833423 32.65591657 81.90322666 92.87273786 13.74814114 27.70865533 11.20881367 14.59334600 33.56283881 34.30518273 31.81586566 98.30659462 13.53120761 12.70713716 51.59996930 37.86895514 21.58149447 63.54424776 83.16780448 74.25946196 19.14405671 71.87686260 72.79188069 51.08987786 3.14389794 75.12874046 76.64492245 49.59769552 27.77761857 95.31611609 73.76701341 58.45776831 66.83963837 93.63665092 60.07704624 14.19192900 10.06394351 21.36287622 15.19488388 21.19323371 23.91479171 87.69186506 22.61723726 65.58530594 56.15843709 93.02705088 52.72339236 4.37815650 91.98051620 51.77082629 87.90058467 80.39055234 76.15140386 72.44842057 26.06623044 64.00491517 58.21896009 6.05857189 36.91167907 15.74208485 31.98162590 97.43990490 56.92983250 1.51145690 44.14061160 37.99640406 13.50245332 16.96596997 61.50093750 27.94001702 23.36808387
34.51418479 66.91231173 27.78062353 43.88732240 5.34505742 20.52695461 19.74779822 64.79401688 47.20670446 19.39394942 7.62587997 59.16136807 94.18062994 37.27816272 13.21293891 37.54888118 50.77071996 72.87612619 63.43166892 4.36948187 41.77632981 49.62658633 23.94793301 72.72625425 70.04731292 91.33819210 69.45793108 54.84124482 24.58777689 17.11628699 54.65015209 9.79745792 52.26428642 40.78982093 45.92624702 79.81668050 12.30409555 12.87183565 94.88109449 15.95927231 81.01375624 6.07988831 67.64515373 77.43004456 70.73601027 87.17174041 92.05661940 37.93679506 98.70824084 51.04783159 80.60466315 85.22336160 20.84734031 6.55987580 99.00648463 93.51563372 28.04559598 4.80415397 60.62058001 86.54365690 92.41872944 95.29344477 61.79908401 69.64796183 4.07647309 76.23255878 98.22998943 77.28359694 30.51334323 41.24919430 58.12380953 68.81800748 61.42683343 44.29590424 8.76172181 36.19317718 80.14659292 67.95335317 22.77531300 62.91054841 41.83892751 90.01464373 30.30308485 65.63970399 47.11709620 80.47212357 9.99272800 16.95576271 76.25441123 67.63442338 18.37859569 22.19978515 9.79710219 37.03086002 23.78355165 3.00667864 39.55678652 82.18434091 18.89024240 50.28536345
92.20065841 36.91737318 70.94293523 69.23562401 40.41968348 59.83442980 56.51379160 63.59364419 80.70047581 53.45431252 38.65275501 88.90208862 42.29857473 78.85195895 52.93002050 12.18953243 73.75724517 37.60735021 23.64404834 93.31008048 72.32907736 52.89785613 63.94033461 55.60787259 90.21513034 5.54441354 98.21582525 35.59960566 32.06669377 32.13182819 75.65272451 78.22330930 72.59911475 71.60914210 6.61751735 41.10628668 35.18597327 22.73046521 16.73157804 1.21895709 25.15262700 46.61844863 17.01088728 5.40606804 43.35374054 11.59250366 34.58876591 94.50913937 84.25329042 94.06754635 13.60457040 70.16010715 98.35032626 21.64199920 73.99059323 64.79034988 89.80075765 27.65699665 65.17645114 39.05130865 62.56250304 90.54057586 40.13474930 40.87243291 12.71250869 21.02246425 75.29738305 2.02655087 1.96185156 76.82178088 47.37792087 7.29351564 28.04668480 23.05891270 92.79289879 61.66226578 70.05345161 32.80649869 78.57675638 60.54477445 22.45746707 14.30586038 88.53117518 56.56677839 86.81904442 40.08070639 13.67518510 45.39311096 37.58634105 94.33903313 74.24261243 84.62758539 40.06990855 43.76062357 87.67650584 73.64083877 81.23032031 32.28822879 37.27510631 9.42714524
47.91060084 55.32820228 35.23863604 55.36196222 45.14616761 88.95898363 80.61643745 99.87548414 11.79777778 29.94888958 52.53960688 82.34571004 95.33808785 51.58129113 45.03750466 63.05521319 3.03652541 97.52060657 24.49436884 87.25482725 49.39118676 12.49809621 64.73890702 52.54402982 5.78542916 94.47571510 47.74085141 62.59324972 2.32236146 71.95961592 49.10903155 44.32673642 59.16611156 55.90032415 37.90318895 54.61121756 31.64715629 17.67793355 68.06013187 79.55256425 39.62241049 26.84179213 20.04139698 69.96982885 45.61500350 19.92926990 68.07207964 41.09712637 38.89274367 54.54951161 8.35416296 64.75069868 78.39113748 74.78634131 81.51850757 19.00959272 2.70130707 1.81735010 92.17634994 4.54115336 75.69228572 12.09879230 48.62578638 31.11187044 88.79337183 10.35296411 26.68803865 11.09069957 81.20748347 70.01114848 63.76092966 89.99442472 81.23452247 56.21365521 80.05630351 96.04896956 59.61725899 19.06742171 38.65667211 12.96230037 48.96880636 43.25453356 23.39031279 31.47482962 36.23576628 42.27508648 82.42734924 54.12987655 43.98901705 2.70777981 1.26868625 66.97672872 67.98593955 78.49238765 11.38855847 56.09186147 99.05648508 22.16786883 88.20802516 69.23367737
21.17259134 4.89595108 43.21855470 22.93077738 6.59235831 42.12488293 85.67672410 38.20294710 87.87345804 83.78383727 53.75273418 98.73077196 42.67763801 98.79471140 67.51085549 13.94391668 72.55657343 59.04946350 39.11031585 38.41708772 95.96630736 45.42137670 96.01938656 33.42363235 56.62062372 43.40447572 83.97483617 45.14585829 45.85605980 92.19425418 12.20049402 27.53856885 18.73741231 47.35275392 87.54879582 88.01423389 75.33171331 6.11530026 28.85164633 57.46470718 24.31123302 77.26585591 86.45984253 93.64237899 77.10072685 65.10014863 73.35429423 91.49857360 43.66187720 16.78595371 91.93003743 93.64841251 98.57102666 15.63737094 51.05180669 83.03415081 20.06229113 38.82872361 59.49681709 97.41732248 9.86608124 20.15294334 8.21505601 2.69938104 3.13353762 32.73066715 75.25756490 39.23840314 89.67160398 70.80842337 22.79264692 34.31539010 30.65270024 65.75598234 28.28955344 90.64684790 73.63848129 78.07917625 8.34949245 34.77574962 7.47780493 63.40638247 4.92734632 49.27871361 95.78678667 61.84897356 78.17983908 34.88472823 26.85976280 43.10912314 45.53684361 38.65758924 7.85431664 77.00485574 10.05328425 9.73097282 39.08470734 15.79602718 20.24260529 64.77718680
11.85093356 89.57642132 22.28054621 86.50877059 28.70610659 31.07907029 47.99447726 32.22576333 66.76681839 55.66412662 89.69958244 21.78001362 44.20682499 80.44249155 23.99223700 2.75480337 13.98145640 21.62641371 92.93397422 86.38536776 20.92661476 97.48752451 60.97898587 21.00380854 50.26762653 12.40196278 50.67766835 21.95405652 97.24879519 14.31050872 8.70366668 52.11133993 16.24392453 32.42116821 92.53747625 6.92352348 35.44577976 68.68259850 62.00117081 79.18717550 62.28770610 24.39708506 63.70195554 5.15074902 74.80659546 46.41992722 12.69027628 84.62036401 48.93003119 57.82771862 80.68600238 73.86548322 28.14053418 14.31725197 60.84810319 1.09594517 87.70435372 90.65166369 9.35890185 29.10535850 46.25110834 89.93878304 50.02043657 48.80451168 68.15116828 69.49807849 63.34398698 96.51072611 68.59234177 51.88931990 80.37986341 30.72459164 99.23970672 5.14064158 47.75610987 40.47848229 2.42718252 77.53271776 71.87280401 59.64732651 74.82551861 12.81102633 69.28032833 14.59626129 40.32636537 4.06831205 18.00848507 48.29497226 94.91521637 11.33833002 60.42234004 55.69672287 18.32535870 9.53694037 34.94102375 13.78818327 96.77800938 54.30691397 56.80540177 75.86083111
65.02818134 11.92997106 51.52614908 44.88071604 94.97829487 95.08952407 36.80547598 84.43833984 55.94618770 33.26240995 46.07681826 18.44483404 8.43931905 6.07759511 16.76600389 23.29112548 80.65496570 35.64969944 63.83683283 73.91334443 8.14424004 47.12363802 63.33474222 26.01016951 20.35222741 3.44565463 98.61409616 67.47475011 32.99808225 14.55544776 20.74859160 77.46414388 10.97528699 69.72930618 50.73270216 77.60106782 27.19539656 19.24842005 14.12891728 44.21548090 34.95121331 96.99444379 90.28136494 90.40246175 42.06895597 55.84522723 80.78313895 38.26149542 61.65460411 28.46650701 76.37181295 86.40865180 54.97523131 4.89843913 81.99005608 58.30247813 43.16326423 60.88756636 70.01458492 8.14177424 95.67484777 18.31280563 44.32836748 57.81087628 18.71490468 63.58832538 27.70183794 77.27353519 61.85470417 59.63610863 67.47967390 76.39719206 26.95830527 30.55974614 25.74982443 32.87383207 93.82535940 56.33695381 91.76618202 39.45396867 3.51125699 74.25718835 23.11262759 62.43655374 9.75171132 98.37542430 20.20949906 11.11556834 13.66658308 31.45841423 90.11712129 75.01409462 43.39791621 47.29544553 24.61230779 63.88156786 49.80146188 55.58543002 30.37657396 57.92590422
74.98933673 32.12469498 6.06785380 17.66963853 38.04536381 57.40749148 79.17253929 66.66843531 25.72450734 93.42767122 56.62003399 29.30783869 16.94593085 84.56748864 29.30275237 17.97154872 9.57609946 46.74891524 18.55545527 84.40213981 60.88662638 84.90754984 59.81109115 65.52362158 26.41288240 96.43696835 78.03941365 12.71863593 75.37475119 53.04162514 11.83561777 23.54652265 8.51343115 21.23093794 40.87652096 48.63220885 51.42795557 89.11926821 95.16055619 59.87406435 98.87940103 15.59000470 95.65579722 25.59764927 57.71143035 81.31243171 93.32403350 49.49876286 47.83715038 35.23048742 97.44798599 17.18443641 16.67936855 22.20491575 51.61368229 47.05243309 66.13790135 20.96052948 31.94898744 47.54435736 54.01769011 19.38012567 87.33965179 75.69045220 99.43036207 7.00360880 54.80301286 72.40067413 35.97087263 81.20191153 34.94883940 18.22966872 35.70947601 20.02113698 83.52696520 3.45455710 98.75216169 42.89090337 71.59089265 60.63912586 28.27509843 96.70665443 38.26076377 37.23395565 72.63436431 16.91831116 62.28870320 10.80955339 1.95521480 15.84612912 47.72845353 18.56001133 28.83944386 61.92380784 48.17520173 28.94947314 35.25004329 35.96027856 66.00603330 29.00999097
27.97201225 60.73717774 12.44989314 61.59787556 11.74737190 28.76847541 40.33533600 15.80487097 56.63982242 6.52407621 73.33002164 73.57071355 62.24752693 35.81002453 12.62640006 86.22697267 19.85840697 60.53691675 21.46741026 87.68016762 42.93306107 71.18645203 14.29717449 81.48011542 54.20776429 67.72742712 2.76223991 64.28940914 38.19923503 70.47532314 91.18507867 5.77924032 55.80516227 85.11699013 42.73053194 5.59531262 3.51523262 66.54609199 69.15958205 35.94001121 43.58746830 13.27144051 52.19286304 89.40674277 70.43430808 67.99245554 85.75508382 35.97483380 5.32704388 31.04333289 57.53047850 60.14384311 82.78932871 61.38249211 50.21118479 7.08031838 11.63708715 26.17353929 84.48568059 78.29442554 91.03739620 2.08740023 72.83563161 87.46005753 13.28223011 70.13479791 10.55348468 72.09149119 76.23784893 34.73528905 17.05333719 79.59314869 65.97874981 70.46850013 58.53880612 77.60613797 40.71558642 21.68406233 46.39013859 63.10876855 12.69779201 37.74256041 75.42005386 56.72454406 1.18754119 75.30136329 21.90435271 51.01415068 71.83608099 11.08566092 61.08584200 14.27324515 7.74773294 16.58054287 29.57547243 52.26184232 93.76014787 63.38017670 4.43295252 57.66111996
9.83518808 57.90064005 21.42144629 35.19500518 38.48878176 29.15786909 5.97221893 34.91784514 81.98765443 55.80699250 92.14070076 2.80929919 40.20716881 34.34211400 84.83987471 60.48016686 86.88787171 57.47523666 27.41285562 37.61697965 46.86494110 42.77395581 28.49416782 56.71789744 42.25430961 72.49403853 82.25619537 17.94032921 16.88786358 12.54421297 50.86363052 33.08127262 55.19257414 19.33721720 42.33098895 16.93920939 26.78974624 38.97826627 20.03795071 41.77574982 44.93822506 52.54210980 59.43986887 75.96661010 39.82133861 75.50992858 39.92853800 44.37089092 60.85472325 86.05338180 72.22743723 85.90588741 41.95706869 68.23961117 45.87077025 38.45373118 49.53851013 49.74677340 51.30217971 44.16680945 13.37645783 82.59821602 65.90708538 39.62118538 47.80311841 46.69450985 3.79648670 8.27707258 55.84476106 67.71527247 98.79429665 99.28031176 60.02716641 54.40716837 10.86097641 13.77292863 61.93246565 1.32640243 21.49155325 12.66936000 62.45482982 33.52855200 5.49843713 89.34269681 14.17445037 56.50642989 19.81550723 14.90685787 48.03668685 72.99899195 44.86398707 42.63568406 33.88053434 76.80642677 73.70302702 82.05502408 98.66099654 78.07334320 80.01224825 73.57900670
63.73790415 88.10172169 40.00827100 65.82734472 16.12703150 64.79463428 20.25911848 90.15139183 6.83623265 11.64464526 50.85185732 43.70148674 27.72269185 30.85926099 3.12692981 72.01938662 55.90303753 5.86055272 77.80760944 87.83348787 34.79981529 95.92367868 28.46644654 99.86460282 46.67543875 48.37329495 17.86823752 36.14721404 3.78724194 89.70721615 97.30679118 65.40296403 92.67915848 24.92849501 55.26038447 36.21958648 27.73538736 5.54022769 89.86102321 41.69244746 95.87911938 85.37582541 80.06400141 33.08258557 17.45489044 48.52811748 66.67335663 81.56153956 75.79866744 58.92762959 73.98600828 70.10307932 77.29134218 72.61967677 92.15827980 25.84974051 2.23433044 32.81656140 73.28146617 2.22301014 20.07540345 90.11924145 7.45340535 57.49812385 49.41516000 3.81256394 8.72156257 63.09806823 94.81972436 41.62748410 22.18729585 31.41661983 69.49735528 33.15378896 61.91888070 18.71152607 72.10679849 43.19234857 52.92605126 77.63801285 94.93761960 13.19477378 97.01801928 78.44946903 27.99243393 73.77647939 49.39326830 56.52461884 24.56616771 78.65337798 65.18299447 64.95632244 9.19634230 58.84484917 81.65568546 49.76289059 25.96117706 71.41688878 61.62425566 11.27368795
61.65229461 10.09467503 74.96306566 79.81708054 60.64266592 86.81616136 52.11740115 37.51527206 75.11417019 59.29416898 39.69705378 79.45740899 91.83184058 86.85718463 26.30562918 79.67840960 98.72249331 88.06959722 60.12848924 2.12516689 28.12996182 55.18598940 72.85343425 84.35808454 45.70518287 91.56953968 66.35101659 37.80701586 93.12542725 96.11268650 88.09243525 99.94769881 75.20309157 52.99611729 53.25943947 47.79503385 92.77853003 84.21025119 61.83903398 99.34736593 43.43035809 5.00523564 45.83652295 9.49680378 37.90699387 14.87486404 32.42344220 36.70949921 13.14560324 6.65764570 42.16779451 53.25735358 94.63057990 70.73784503 49.44086414 57.94131911 78.10830924 67.49916437 71.22043367 96.75588363 53.36985621 84.07920851 27.39829379 53.58565644 94.45148500 82.37939427 1.54315593 36.57699063 59.37538718 36.44725207 63.77045041 60.37326247 18.23747713 25.75050704 4.08685067 94.71361155 84.86733546 43.84862708 17.78890827 61.12841057 57.88715368 48.61368095 98.28270786 54.20436304 45.28581329 81.38839039 10.01679938 3.39600655 60.81722514 43.90670120 74.71684338 73.21322918 26.00250399 62.70201814 7.00750621 61.72267375 75.52220828 78.51780825 22.98119977 8.53876495
15.28367298 8.90522863 5.71425890 21.09075762 58.85118046 35.49489725 17.99736308 60.87320810 73.38025260 96.81813257 31.04544956 38.11480355 87.10688414 32.85664542 85.41600496 23.37535897 37.50846597 47.58089438 61.46053190 81.15581392 38.80207673 66.48262794 44.40307709 11.33753686 52.69676992 20.20676232 58.49764992 23.51239067 20.91708875 48.67267255 24.13370385 50.17011291 56.03433131 17.01900760 71.70069561 54.05409524 21.32733096 19.37852858 5.06018823 6.03354173 27.39393109 59.69650714 70.07411621 90.96035783 49.38851398 86.55784124 11.71729444 18.90990609 14.56140089 63.29256931 25.75696518 15.39655148 78.37293944 53.29465794 14.13674047 53.14798906 24.41434560 88.15408793 43.37595940 50.11114685 57.41940473 28.55772718 62.25810440 33.55056935 19.73753369 14.71088088 88.10743424 17.19282903 61.15863099 49.22130637 79.69083419 67.86906170 79.55506781 23.31130391 33.09287584 10.50360049 92.44653711 80.11567423 17.05700211 61.58154018 92.06901989 16.56882992 93.45411733 23.66516842 35.81197815 47.93250111 4.41843822 81.82477757 53.31906614 34.38900984 27.76421822 66.11204444 96.14229447 63.84651878 93.04802895 65.17416362 55.44996625 91.50706026 40.24456982 78.72961371
