75.38011799 32.52184429 57.85176570 7.68650200 3.29104244 20.41179613 90.16040241 51.11654487 56.65804382 7.61077227 79.47701209 22.41613649 70.88026988 12.86549053 30.19654629 99.40583823 83.59471772 24.27394090 92.28311515 11.10205533 20.79148828 28.26252809 79.23137831 11.46493142 44.00281399 72.76902414 76.55461835 23.70376337 5.75020152 28.38470268 37.49143264 31.43310943 15.93097618 3.06744212 94.11514914 21.97689998 58.99954550 52.30065600 25.44452783 56.25121472 84.47486780 30.19559704 94.71431017 94.20818797 92.26266552 97.62378767 22.31621321 77.18225176 84.58093616 27.60585696 34.92846595 59.94446070 34.52158897 36.10668868 69.75917623 9.02955283 23.22026247 38.08932768 8.34926276 72.04075509 94.88479531 55.69145143 64.05390146 31.23809988 55.51130802 39.29154773 42.39824803 60.87720582 79.09203364 66.71270643 68.17300371 84.37291364 31.62127797 88.04349888 47.75891488 90.98777185 72.25726918 93.51453416 14.09457407 93.47464136 36.34582389 84.26806688 18.43559583 16.46516476 29.81516754 43.31757413 28.54738675 58.16752798 74.93676919 15.40912743 87.17286956 75.88526508 15.03663385 59.04165363 67.70040180 70.09794110 64.40764239 20.36111761 60.05750409 93.60209796
0.00000000 64.68851606 37.72285611 70.82751225 7.59641922 9.68062573 -10.72225707 -6.79842078 65.41701482 76.30768273 -12.93944446 39.98451992 13.66855889 24.52791035 -0.00133302 28.04648191 24.39741754 41.43623004 10.76987723 25.21293530 56.85958665 67.63540206 -34.03429270 27.42725208 39.18226735 -32.51829822 27.48934261 77.89834608 27.20325279 39.75996027 1.61060153 -7.78890396 49.46582662 76.95817948 24.71696835 66.72130717 23.94954931 -4.74623635 26.13053295 45.56772021 12.60125393 -10.64087446 -21.63327261 42.25143302 1.84471561 0.32762283 33.16746582 -3.80142649 -8.66333227 66.83118771 -1.19476942 -29.32493755 79.64212136 25.98593091 15.09289885 40.18986766 44.54070479 27.28107627 78.50821461 16.06661875 -34.54930933 -3.01308888 5.33921572 28.17813704 -8.69513906 67.12944722 18.37071393 40.83676271 -15.11696767 -10.11160343 18.22977911 -40.48635161 27.14307218 36.97252681 32.42709468 24.72273786 22.66353640 37.15123303 17.60499543 -22.80423130 40.29611807 5.55762153 -6.07558748 34.25432122 58.43629228 -11.69340295 48.21948110 62.57301731 -5.44663741 9.63090079 13.26428769 -9.75195759 2.01170491 41.36962615 22.70536821 -36.61711883 -20.34072606 78.70475130 6.26184926 45.39569892
0.00000000 0.00000000 42.01118446 -2.35612719 85.34154387 42.06018597 60.98319142 20.56870176 -9.42886249 -14.14583188 0.40484890 66.02329022 70.79523805 82.43001792 16.82193056 42.21465938 35.37267328 64.96455553 34.63901163 8.19867286 5.42273884 -16.43705195 79.97716368 55.09109854 39.32279107 47.78781724 22.99401860 69.14566160 13.23937303 82.14013708 50.57792600 82.53830197 -12.58056059 18.40662559 35.52352278 47.51537882 66.74622080 85.23138673 60.66149149 10.36103168 0.39538838 72.03032570 27.14179040 52.00541652 22.76591286 73.78499508 41.88434805 6.30299708 75.78487104 42.58777283 16.09536488 83.77778746 39.88806846 48.17655430 53.82235340 62.99634710 47.62085240 17.63954194 46.13871175 -5.98543092 48.89687700 44.84318762 12.37432800 80.72205560 2.91864948 61.73021781 60.50845524 61.56144319 85.31362191 34.01261157 63.72434696 79.15541742 74.84502988 40.06028861 83.13600058 -1.62568469 70.74403532 21.78580505 65.87929482 88.58238049 13.09099226 27.03551891 75.92699306 20.80630617 3.46099585 61.41080925 70.11092922 -8.77812984 15.45039709 41.11840031 46.88164247 22.39555464 34.15698208 30.95685704 49.43161187 19.92064046 89.42037089 65.06144994 28.75217729 53.41518519
0.00000000 0.00000000 0.00000000 39.05185659 163.20502050 88.12613350 54.75064449 15.32277479 -118.21214777 -68.68788812 -78.67006390 72.46803750 -11.33647049 136.57859324 3.39284752 -79.97374608 -6.94632309 98.12369842 12.44298107 52.34957902 42.31253977 -53.41980698 115.72444678 50.68547145 21.45513770 9.86265771 8.71988767 50.78223795 55.57445120 53.02882161 46.36508940 146.07412858 0.25870189 39.90101553 -56.15081923 27.90400784 -8.76225681 84.22859772 41.48495335 -85.28820385 -110.18328350 120.06395041 20.43275255 -75.79892441 -38.79783518 9.59789281 39.83567646 -70.41330073 24.78522096 34.69420225 47.11641138 97.25192712 -47.11087810 38.34601427 27.85734732 42.74303613 57.28368413 -15.85356611 29.82422996 -18.27251629 18.05363943 47.24782464 -64.48494703 86.36479659 -29.29592035 64.07095785 73.44431743 21.74698769 52.69456097 11.74423226 74.58710572 70.99883017 121.03996174 -53.86532246 108.19240524 -68.30704696 -18.36396005 -19.59729269 120.58897264 45.10564439 -44.68216896 -77.48895985 90.57194884 26.40728305 -3.92140574 102.10458878 113.61839156 -32.91045735 1.76192349 93.62441227 -13.71475039 24.61553846 49.35068642 -36.50088056 37.96178424 55.53734755 72.89417878 12.32774920 -26.35911011 8.26788890
0.00000000 0.00000000 0.00000000 0.00000000 116.36608583 77.48757234 6.96537048 81.00565703 -101.77990208 -74.65831211 7.78389502 -37.22813405 -22.61931459 47.73614352 41.17168866 7.56846046 32.48265387 -6.07075463 25.08911609 46.12124555 -55.22436891 -55.89145568 83.49037452 29.49258945 -34.10224330 65.26052060 -3.07892327 -101.23654164 -9.01281853 19.78092082 20.68916983 122.59297885 -59.31159413 -15.26198656 -46.43897838 -45.53369414 42.09684560 105.06032703 -12.51601068 -85.57389892 -57.01170582 124.05400468 71.01670000 -47.02598482 35.43883956 69.99539286 51.59506317 26.48885696 35.57656800 -39.16477553 77.50714461 83.88241297 -38.72326464 -28.48224892 56.52523906 13.79843581 -38.92698598 -47.98659195 -43.00604170 -42.85785558 74.83254014 68.04505750 25.48669033 -6.67495110 43.41572712 -38.14647323 -23.10913536 3.75864915 46.48380555 76.59242037 -25.43274171 65.74353010 -0.57815591 -26.15918530 50.36660301 -29.77494979 -43.74976210 -45.47686703 89.28577431 79.19817099 2.12598417 -22.00044042 20.69622016 23.26968637 -82.02328276 117.79593467 -7.19661196 -13.47694495 74.95887803 61.47527834 8.84826192 79.10571682 3.96714449 -26.93504140 7.63087084 45.20993253 32.69521542 -88.93901152 27.86280191 -75.82067795
0.00000000 0.00000000 0.00000000 0.00000000 0.00000000 -17.41628671 128.21414759 -214.65178084 25.68748057 117.98915987 -123.11179024 316.04946845 144.50832165 198.54982509 -108.98057093 -167.73553048 -138.63286160 284.65012759 -49.10111014 -31.34035880 215.18281024 -10.82058140 72.25197292 48.29652188 211.50269077 -112.30679696 7.57210572 449.18702333 126.30744207 168.91146890 143.23611662 -51.84677798 170.19383152 81.88052899 96.45636697 266.19536372 -48.63894396 -72.86796657 169.46369753 91.88109518 10.00144919 -84.11019080 -164.91687975 77.82708432 -203.63322858 -164.19017084 -85.98781837 -221.23353284 67.82564020 170.41692805 -88.74956190 6.66874597 59.61286310 258.45158332 -86.09544752 83.14811256 257.16225247 199.04517837 214.11038457 92.35086137 -77.09393463 -81.07862466 -170.36860415 332.17981378 -142.57403214 327.96228710 281.81354583 57.24680235 86.64254219 -214.37105281 259.65878683 75.61654908 332.04078809 17.54551571 116.47016896 -85.43611595 224.16240478 111.15529912 47.36513152 -23.54954502 -121.17859309 10.17124136 193.98046840 25.51683048 247.00476172 -101.07493047 295.92208713 -95.97638564 -220.59552136 0.62010279 -27.96092282 -210.86135136 154.78794912 88.49450328 80.12196327 24.30329119 142.23593036 369.15978372 -79.02027443 247.80884101
0.00000000 0.00000000 0.00000000 0.00000000 0.00000000 0.00000000 184.00563165 -230.87737696 36.88404359 148.19898445 -54.17527814 333.32125441 256.33261413 213.37802648 -98.54976633 -148.00549557 -148.30022337 321.31749449 -22.90114880 -21.24349807 257.86973169 -18.69882797 82.00959901 49.21236710 239.13839893 -63.67758025 -18.88692459 453.77171960 156.85549259 260.08026546 171.40447536 -55.94376595 186.23031089 62.88722640 164.35441778 302.77802008 -44.27714376 -51.78889685 192.87586695 188.59198286 64.55740977 -52.65579236 -96.76187489 116.83235499 -152.90843658 -76.72733838 -26.71491190 -139.00669522 110.93344598 214.57540735 -40.12859041 16.51615078 106.12140354 329.23545707 -46.90414860 136.18929587 295.18375327 270.65556665 252.32279832 120.57486889 19.92513043 -79.34642844 -81.07487999 405.65501088 -60.61967575 335.98974939 335.70956397 133.82416585 192.15573091 -161.82814527 350.18924321 140.80116987 367.27467344 80.74782254 176.11064893 -25.09043949 359.17850686 102.61504981 73.71755985 -3.43281626 -116.69045036 51.08412990 286.66775586 72.97300336 246.62530624 -64.72260216 275.74572294 -139.30049857 -182.12093713 10.40281346 13.92879343 -181.31244727 220.83092478 126.47706316 147.80024129 36.87445591 199.36397042 399.99746034 -6.17392706 260.76095622
0.00000000 0.00000000 0.00000000 0.00000000 0.00000000 0.00000000 0.00000000 -20.08499420 100.49422421 67.23779394 -55.79914832 161.04600753 -68.97325706 20.02319814 26.19839683 -67.94884407 -30.81990656 51.06607078 -61.04484085 34.11788738 88.70060092 107.26349938 32.18645719 59.48333496 25.98761118 -93.59909189 108.79124008 200.42126902 -8.76219108 -96.30739497 -1.18792496 8.26339513 61.38739809 92.94341633 1.36825466 26.75615244 -54.10746621 -86.41962919 46.16761653 -3.60817891 -66.49401396 -43.00256644 -157.48189042 -30.88412811 -132.62640276 -204.14878066 -86.56067186 -180.94612956 -38.64835796 54.18386950 -108.86292673 -48.86877236 -18.35877536 -0.69627424 -126.08133871 -74.57921181 119.02091568 32.38987176 54.72232877 56.42262873 -119.60439271 -46.25098404 -198.73290358 69.77365978 -126.87696285 167.40451999 12.68563607 -47.53367815 -153.20905503 -183.38956813 -10.19434726 -65.08118919 103.72834295 -6.05305891 -48.41080073 -33.72402731 -122.18706498 116.20473583 -14.76884583 -45.75021218 -6.90749659 8.77077287 -55.67904865 -44.85611473 144.17302456 -87.02238754 127.62364772 90.49380224 -155.68812316 39.95700738 -69.36867124 -94.19209484 -7.50653483 52.27925399 -11.29445238 52.86799186 -9.90179895 165.82059726 -150.82689539 106.98486601
0.00000000 0.00000000 0.00000000 0.00000000 0.00000000 0.00000000 0.00000000 0.00000000 -274.93368973 -33.39095923 123.50342398 -340.27158418 297.03568678 126.48304201 -132.65450083 136.49784834 -7.44421375 -20.85706782 166.99854699 -118.33036131 -234.31499930 -404.55651173 -81.86280920 -144.18675703 63.49889701 221.87505014 -379.53772420 -336.04050324 75.27228005 495.15146938 220.24407026 -27.12068273 -55.22738357 -263.00986703 92.08422061 164.99954819 252.36330207 291.52259647 -51.83811916 -26.04736361 256.22970841 98.46987049 294.14161778 177.16716510 271.51493128 482.16399285 144.10491045 365.34337432 197.38892727 -104.25419754 340.42054295 153.04501161 188.75532560 215.73090734 379.58521894 257.62954116 -282.55143494 39.93940289 -71.83592188 -207.19904623 347.53360537 150.06622895 504.11391955 22.84270732 284.38915356 -322.17267755 107.97845600 123.60715083 478.97583039 432.42545872 67.35747861 272.88180270 -161.39104404 69.56205508 211.87982694 -31.53844782 474.00661059 -302.51821288 141.77567625 199.46389360 22.13966050 45.26154375 233.62817224 152.11779060 -331.89633926 231.87445136 -206.26224903 -365.54279089 313.51392012 -114.66251054 146.98171377 101.29683788 150.81897458 -77.49261099 33.19632622 -150.29980492 73.28515867 -205.95687382 484.09979226 -212.56481116
0.00000000 0.00000000 0.00000000 0.00000000 0.00000000 0.00000000 0.00000000 0.00000000 0.00000000 47.93263387 14.44349921 -14.55502053 147.78389268 -23.25464077 38.94956964 80.07359467 -30.95691840 58.82709873 -18.07112027 33.44081457 -26.89374764 -11.49855941 -63.91616639 -3.86979234 15.84223533 27.98695482 -31.94839260 -37.96894940 78.50389090 133.27261962 35.85821798 22.18510171 60.54665519 24.25945489 38.71182572 62.99096279 49.68021817 79.45645394 87.21945592 66.78250319 124.44706564 -3.99353267 7.32688731 118.69085160 104.15341100 88.58942293 75.48569035 155.95099504 79.63136119 73.69793555 49.30274583 7.41238881 62.97968201 36.37812961 16.52967758 79.39362947 58.03634199 33.09632702 105.09072326 -26.56360665 3.43178796 40.03328784 171.30068928 67.24170528 52.45302913 -22.98295467 3.91058789 70.94747346 94.84719360 75.52627425 59.03007133 33.83029815 -0.34658244 16.42312496 59.53354085 29.25046891 152.01235039 -13.62102056 -31.89649875 -5.34732597 64.09249356 24.86545642 87.01133739 69.80098968 33.10191242 43.47758452 -17.72106320 25.35274344 96.44408840 35.50312795 46.32035577 32.44470455 8.93965342 52.88743148 4.97647330 -81.97895148 60.78823330 11.64044306 65.87457908 -59.94462416
0.00000000 0.00000000 0.00000000 0.00000000 0.00000000 0.00000000 0.00000000 0.00000000 0.00000000 0.00000000 -149.36277495 -71.87816617 357.63908881 -487.86771768 324.20237575 401.79821076 -69.56029751 180.87671047 -260.07022371 309.23595513 -33.02045834 265.21293138 -317.33238441 25.73288944 -111.09012172 5.98699797 130.60348372 -313.83868028 387.79113215 104.71730454 -205.22755952 100.98839133 272.43491214 322.96819990 -87.97581659 -54.65231242 5.58662438 207.34288794 446.83814977 347.33797885 464.23870393 -84.99153976 3.00996673 467.53559373 488.87904942 293.27839364 417.73457895 790.59924809 171.16189303 415.64145505 -12.22448505 -2.75139863 -57.60400235 -306.97079699 -133.57872651 218.15837820 437.66102176 -57.70116107 579.58022923 77.99256244 -351.65840203 149.78623919 731.05775587 -4.86932003 157.75632603 -151.15992742 -231.71364196 258.31335867 194.71077677 325.42562734 264.10236979 -121.59425248 -91.71626594 -159.43183549 74.88482118 263.64901318 306.63369876 103.24453016 -485.47590012 -303.57557224 256.46795652 -87.01830590 253.93555049 300.39217339 310.68595376 77.85957480 -80.41049347 543.60159572 553.92817682 264.80003829 276.51224113 382.68178106 -270.76689387 185.78997730 -66.80322870 -439.72558580 256.01502209 -323.00645247 -40.05804479 -395.07076447
0.00000000 0.00000000 0.00000000 0.00000000 0.00000000 0.00000000 0.00000000 0.00000000 0.00000000 0.00000000 0.00000000 -13.17533240 -201.45436203 127.62646176 -73.84949694 -145.23937191 65.56031810 -105.94457969 59.68288362 -76.11462625 -23.41185639 -54.35968911 88.29863744 45.66977794 45.27048290 -40.42146743 -58.78048562 132.06359120 -175.39922264 -90.95305001 128.70730434 -109.92745157 -96.10937574 -59.22469654 -15.73954413 0.34656871 62.78781298 -82.29911973 -80.82589958 -107.19837603 -137.14875166 55.42012002 -53.64160592 -95.42942459 -172.60368855 -102.49629535 -111.10119941 -247.13215511 -44.94575669 -104.64844650 -70.16748919 32.86478344 12.89167579 9.52626598 63.42023614 -64.10161988 -113.33615862 78.30489803 -159.47827981 -10.43716719 44.18835858 -41.82751017 -254.63805794 -63.30967650 -23.89054597 44.07386215 13.40482443 -78.86985500 -78.19694957 -53.61365158 -182.08181801 -21.50214732 -37.79987614 86.89182279 -105.68901028 -132.58918586 -169.59439373 25.90504484 103.03429664 68.04610707 -110.78328684 69.79513363 -58.25732697 -16.74514020 -82.46270849 -71.33396718 98.60049421 -97.73210826 -214.31874406 -78.46159983 -38.89238890 -81.07482227 60.47101729 -13.11720245 -53.10303992 74.75946603 -128.23580623 84.45053985 22.48349522 53.70146305
0.00000000 0.00000000 0.00000000 0.00000000 0.00000000 0.00000000 0.00000000 0.00000000 0.00000000 0.00000000 0.00000000 0.00000000 -764.08349708 384.80570324 -233.07754164 -535.19426672 238.44847870 -374.31384113 154.33718550 -232.43140606 -94.72043662 -81.22646342 278.94014280 191.56219702 153.84074973 -173.01217857 -102.28692479 411.72898753 -652.25809017 -488.30500841 387.20130007 -361.33596842 -279.68549362 -186.63923363 -84.63780739 -25.19554516 182.94677241 -369.67237301 -231.64022110 -449.60637526 -543.58691370 172.82325031 -235.82910141 -366.57823559 -611.67816911 -529.05993676 -411.89497036 -953.79139200 -226.78844057 -447.09410144 -286.56063181 114.25817316 -67.01543815 -31.60745139 124.19281924 -324.80504632 -382.54184065 222.00054196 -546.24384855 22.42985663 49.38231442 -218.07062063 -964.76450529 -256.65567786 -106.02971413 208.99880347 -31.78544929 -334.41585535 -434.04335342 -297.63245377 -758.24493616 -181.00036002 -180.60820382 231.64613856 -508.09144322 -524.50149754 -694.48765007 136.52309947 301.87151019 228.03465189 -413.41617784 257.54022537 -288.33920816 -117.50173171 -196.95243447 -340.53964102 351.67004316 -280.25698961 -745.42494931 -268.09138934 -173.60547430 -322.73294498 190.45003385 -27.90458261 -253.73689241 325.70704856 -466.64925721 271.12282691 -82.44129341 188.54402635
0.00000000 0.00000000 0.00000000 0.00000000 0.00000000 0.00000000 0.00000000 0.00000000 0.00000000 0.00000000 0.00000000 0.00000000 0.00000000 10.95391197 -12.30063712 -3.59382762 -53.84456471 19.28776197 11.45277738 9.84406592 105.19400951 -50.52359554 109.10848653 -81.79017836 -3.52223937 34.44579438 -53.75380569 36.05588163 83.89718088 66.84401105 -42.58056208 13.71420315 -113.10977195 -25.72038516 -0.29676649 -67.97955787 -90.92178024 33.09708731 -117.40077261 159.46141545 100.08682659 16.62281910 85.57893135 -68.22839122 -81.97970545 128.64476403 -34.04584672 86.40186009 -28.27983786 96.98610388 79.85347609 -36.65368996 86.15286265 18.53840101 77.77568505 113.00263956 12.59763950 7.38307143 -14.55079525 34.08296839 157.31364027 126.43543467 75.93256710 -5.18273299 5.26666842 27.14623584 122.96983035 29.58284086 146.14722345 72.12713934 295.53781673 194.31795267 154.53932034 -25.65095749 163.45010144 229.62004081 91.48965500 7.20246079 36.84035160 -70.86745170 16.53923538 -51.51851293 -14.17068515 -20.07173280 -16.87515009 69.78623330 -29.90452943 -28.15190562 -13.72672740 -38.21301012 -12.09872299 99.00569492 -27.01535432 -14.07183277 186.65456013 25.86663116 61.13039781 -50.63367236 97.41495132 102.81646864
0.00000000 0.00000000 0.00000000 0.00000000 0.00000000 0.00000000 0.00000000 0.00000000 0.00000000 0.00000000 0.00000000 0.00000000 0.00000000 0.00000000 21.69495816 -27.19822299 518.54516317 -239.79585429 -8.04969282 -260.76177170 -1159.69194960 385.81450843 -1124.15201859 928.15207847 64.92407953 -360.90146732 520.06073634 -291.47894872 -898.42608551 -533.05977965 648.24200315 -215.73804141 1285.70978566 192.67898555 79.57233461 875.23762966 1058.93491479 -299.21528279 1196.33205017 -1852.49959225 -1133.11490646 -235.50072807 -954.82232039 728.92573646 839.72579150 -1433.76248532 248.65470476 -1085.51795277 401.45646584 -1059.12743705 -863.98288949 469.90222846 -907.32214048 1.89502305 -861.31630489 -1293.31316799 -169.39528127 29.85690577 49.61674233 -461.95618394 -1647.89632029 -1430.47108662 -989.37472397 197.47758141 -120.21976688 -406.36183695 -1235.35009906 -366.59505387 -1502.19915631 -824.32471474 -3271.63088102 -2060.31954687 -1652.03424100 414.92716570 -1697.72110891 -2657.51301603 -1017.94122964 -134.88133567 -273.95182242 889.01315786 -236.09850302 562.86576891 270.71088188 246.76790912 47.45813314 -733.59160072 357.05379771 70.49633716 82.27768202 392.71845494 131.77490438 -1274.84420421 469.23681050 70.67626086 -2101.70091753 -218.26417537 -700.34129739 709.77197267 -906.95349815 -1135.86423893
0.00000000 0.00000000 0.00000000 0.00000000 0.00000000 0.00000000 0.00000000 0.00000000 0.00000000 0.00000000 0.00000000 0.00000000 0.00000000 0.00000000 0.00000000 -286.13215779 2372.09316935 -1240.67360523 84.31323813 -1561.47045627 -5699.81710155 1805.62862418 -5340.27327364 4748.86493288 378.69936856 -1727.31255019 2528.28879085 -1358.23481412 -4393.43058447 -2358.58415603 3478.18587335 -1321.84464940 6350.52166557 878.06977033 489.24952827 4452.97198132 5236.49863797 -1431.11028301 5825.53155632 -9130.85783824 -5515.47643478 -1248.46750018 -4637.42066777 3596.95902594 4052.04256611 -7087.99704430 1142.28559926 -5449.28407858 2167.60990559 -5149.11321824 -4339.87082021 2536.73869297 -4503.95502517 263.21637390 -4426.97167801 -6372.57821087 -714.64788526 473.51490570 153.50924466 -2304.47553452 -7979.18586409 -7207.90685422 -5122.91160133 1210.55676362 -565.22963965 -2259.90413759 -5970.58756981 -1798.41167346 -7115.26572700 -4077.31665629 -16140.52559470 -10099.76352867 -8094.68811641 2336.06318271 -8291.11133023 -13180.96747816 -4979.36443221 -711.10548879 -1289.12338427 4408.77471650 -1328.47967502 2867.26693947 1678.72398342 1382.61008724 96.92849241 -3648.27174800 1738.74516973 -45.04690669 290.33134379 1864.50822482 801.20348974 -6584.76122946 2651.66682157 242.28803006 -10494.89914758 -965.56976913 -3497.96213450 3675.79918420 -4210.56522217 -5775.03731612
0.00000000 0.00000000 0.00000000 0.00000000 0.00000000 0.00000000 0.00000000 0.00000000 0.00000000 0.00000000 0.00000000 0.00000000 0.00000000 0.00000000 0.00000000 0.00000000 -775.56050943 337.25956234 43.85685970 422.95858054 1881.04288318 -493.64868481 1711.13331941 -1432.49814176 -127.13946502 548.34992847 -874.34295331 422.56352132 1392.86167487 733.30214895 -1013.30026279 332.84239747 -1963.29927932 -250.15324839 -173.78691087 -1371.38725020 -1657.15315165 424.58469407 -1775.49666130 2938.00722418 1781.30538797 431.53078903 1465.74090282 -1069.50371257 -1296.90952572 2248.11362138 -309.88004272 1734.14384579 -672.83004514 1666.69980602 1354.24168454 -757.64049801 1443.71156104 -60.92831093 1402.25852333 2033.95340993 217.39154993 22.57506011 -16.93378674 756.59410691 2519.90189578 2240.91406035 1632.27424478 -415.19848760 306.28461065 605.74365716 1941.86121527 637.29147123 2356.87297288 1368.48265000 5042.95844531 3139.21557786 2538.54114327 -657.27952948 2625.75040503 4115.08330179 1553.18059116 188.09104791 438.74653354 -1435.37744687 360.05761933 -868.75690023 -453.37961092 -310.24745561 -5.24494178 1137.05285718 -518.83477318 -57.48820861 -78.52705756 -577.79146022 -214.63472936 2015.27775856 -744.67458588 -93.71008960 3247.23448504 309.34465956 1104.43647594 -1110.80636530 1438.16447953 1755.05367483
0.00000000 0.00000000 0.00000000 0.00000000 0.00000000 0.00000000 0.00000000 0.00000000 0.00000000 0.00000000 0.00000000 0.00000000 0.00000000 0.00000000 0.00000000 0.00000000 0.00000000 -79.06967301 83.40365745 -40.68877754 187.78028010 77.26629491 50.08041770 -6.73994251 -61.36972928 76.33176584 -203.72150688 -32.89155441 187.47142725 73.68350421 106.03478372 -36.20184381 131.92147558 10.23556232 -59.00281901 49.49367503 -14.31219112 29.75785978 47.37660759 122.42795504 215.28015887 55.75863986 49.40140936 99.70943559 11.39793494 207.08345071 69.83115446 127.56613295 40.16621038 83.82774351 137.48527420 -12.91900866 114.80910899 37.26641898 206.68539676 82.97475519 -61.59430102 206.28357008 104.82406486 66.18567737 51.47330906 128.72654601 214.33149717 -114.81858301 219.76523581 -195.80700931 196.06152666 50.13430507 217.72978425 300.77279644 191.10527241 120.06396014 99.39511401 9.16700869 202.74068015 108.10537854 -25.36229166 -39.73530770 61.60707322 -88.24917892 15.32138267 -37.61664960 39.72383899 207.71165374 -11.24321350 115.53660334 27.61210789 -40.99603868 98.86305358 24.03270229 72.68314696 36.24597807 21.34944327 -46.23023786 14.33146060 -50.38993123 135.40740628 -9.40688803 294.44698368 -29.69213141
0.00000000 0.00000000 0.00000000 0.00000000 0.00000000 0.00000000 0.00000000 0.00000000 0.00000000 0.00000000 0.00000000 0.00000000 0.00000000 0.00000000 0.00000000 0.00000000 0.00000000 0.00000000 -95.25517270 120.30658372 -349.10718351 -68.88229157 -562.43895215 71.54910942 23.36084485 -264.42694353 442.18039220 -100.43266528 -231.52901064 -317.29412945 -143.60202203 230.32130367 418.11449601 -110.10262233 146.71920263 110.96674094 198.98123308 -119.97522526 173.48635233 -741.34748323 -616.82672288 -259.58597415 -379.31371843 -95.97679082 212.98812577 -821.05671962 -302.52545936 -463.49277044 -163.71582793 -274.38261601 -131.46204767 -27.27355198 -450.36618382 14.06942337 -507.36913069 -742.82895832 -44.11393744 -405.67567237 -212.68807605 -175.49040668 -634.46789539 -406.82893096 -377.53739174 180.54092847 -388.15745371 84.69161933 -486.46340212 -270.88841150 -857.75477360 -707.63802181 -1008.92645518 -584.29717898 -493.19022820 -129.82970599 -679.79150757 -879.93415365 -346.93547930 39.63166097 -126.57237395 365.97773809 6.80270423 -37.65578887 -225.13185151 -373.87154357 51.99981665 -266.38820022 19.12210387 133.74566566 169.67642736 208.22813700 -334.09340808 -322.92023927 121.72996658 59.44651587 -525.97979076 212.76176072 -314.09509278 99.40835226 -638.02221272 -168.44823223
0.00000000 0.00000000 0.00000000 0.00000000 0.00000000 0.00000000 0.00000000 0.00000000 0.00000000 0.00000000 0.00000000 0.00000000 0.00000000 0.00000000 0.00000000 0.00000000 0.00000000 0.00000000 0.00000000 -159.52577757 -462.97068870 -107.08668785 -353.37274615 437.79700153 137.17993804 -128.21726631 236.05387765 96.54568940 -241.44908152 81.85277606 433.19749830 -262.54564461 457.08502630 34.97007854 91.57721891 402.76188217 512.60231092 -9.50590646 369.94370662 -590.27540527 -371.64938633 -193.56417737 -377.77972804 253.58174548 264.07016663 -649.33257629 -65.86314577 -359.68951209 358.65322382 -206.03676138 -385.50158572 260.94713198 -318.89327021 113.62477059 -475.13659743 -465.39303784 178.52452010 181.87533202 32.37636305 -179.57050814 -545.30543827 -526.79111668 -516.60813668 383.66183122 -202.19188727 -172.89294740 -423.28842172 -115.05772666 -352.43859964 -386.10219376 -1148.93139829 -596.30253411 -513.42040997 339.64795048 -625.86975024 -1034.70667859 -250.99756942 100.61928146 -114.21052472 350.84877816 -183.37545927 234.13882825 344.03795693 219.47532339 -28.06556886 -314.90215206 216.92439276 -45.65787944 15.11753743 176.97397334 142.67231494 -513.64465942 348.61381425 105.10126382 -803.64864116 -67.89848712 -301.01195565 350.06829472 -281.07399565 -573.79173254
0.00000000 0.00000000 0.00000000 0.00000000 0.00000000 0.00000000 0.00000000 0.00000000 0.00000000 0.00000000 0.00000000 0.00000000 0.00000000 0.00000000 0.00000000 0.00000000 0.00000000 0.00000000 0.00000000 0.00000000 87.66101346 18.19087783 249.96740952 -116.01504093 -91.88036229 151.52481674 -321.12256357 -125.18820494 267.01651887 25.61921135 58.69238404 54.37764993 -88.46622373 -66.43484515 -115.79146074 -83.14861271 -113.22784116 114.60470402 -12.10572920 267.77749572 437.62540015 56.28139935 109.29089597 121.61354095 -90.27063678 344.60501535 76.15286525 312.44354232 -1.38993365 100.54409043 140.74473680 33.55067993 238.60639509 -4.11582775 318.86108130 337.29349538 -10.11416109 8.78952294 55.96766866 26.44213312 225.41924145 316.19951281 334.40549406 -240.30998077 113.64701949 65.92724490 258.39565602 37.98199081 309.62929784 389.20403140 515.03220729 388.11654452 179.77236468 -181.13412005 373.59649633 387.90898533 88.89397828 37.60363637 78.18252894 -110.63956469 135.71602343 -12.32400862 -41.78192254 6.61296078 43.05002537 54.53474700 -7.82530632 -17.24549667 44.70239184 -134.84345453 -19.33040561 118.99469509 -183.14301924 66.04063628 240.09663081 -139.08314318 289.25390651 -40.01592407 359.84987241 265.55040825
0.00000000 0.00000000 0.00000000 0.00000000 0.00000000 0.00000000 0.00000000 0.00000000 0.00000000 0.00000000 0.00000000 0.00000000 0.00000000 0.00000000 0.00000000 0.00000000 0.00000000 0.00000000 0.00000000 0.00000000 0.00000000 20.60024298 299.48033253 -226.36161654 -141.83456794 129.96294350 -370.88276756 -198.76225892 138.96960111 -51.12761116 -21.10312806 162.43267832 -241.03032915 -65.78022601 -132.58595436 -53.50046349 -202.32274005 183.36700028 -85.25046661 238.48534292 442.54863444 73.34420080 76.66772100 213.12131166 -137.93498557 405.40752963 58.40046648 277.86391279 -177.53677047 -11.43213747 23.19509255 108.06996615 267.80269579 26.32594348 417.68239363 450.39897659 -101.98997770 -242.77459058 17.52145481 -76.56737257 353.32121648 364.46599424 365.66684968 -426.13019830 -47.88133737 264.17312433 208.99921537 36.40328449 294.49342853 413.28226571 556.40844719 299.86524520 15.59864681 -240.18993215 446.62330774 437.43225904 97.61647080 -55.31552373 77.52837986 -28.58070094 249.36377629 -37.27233759 -123.31235520 -239.69240841 43.37746499 -6.64767395 -89.89550053 -128.72688954 -40.04212805 -254.38467310 -109.87961196 50.33187480 -264.27604538 -62.50510910 357.55879461 -198.95873000 297.03730002 -83.53645669 347.19582352 556.46610026
0.00000000 0.00000000 0.00000000 0.00000000 0.00000000 0.00000000 0.00000000 0.00000000 0.00000000 0.00000000 0.00000000 0.00000000 0.00000000 0.00000000 0.00000000 0.00000000 0.00000000 0.00000000 0.00000000 0.00000000 0.00000000 0.00000000 -728.21669201 159.02557391 587.88404422 -761.94384744 1824.35539558 1080.54437826 -2060.58171312 146.51415828 -1018.82542962 -334.70676121 -1037.20377262 679.63383529 686.49755202 19.16448469 -162.56095955 -624.35739488 -956.43612870 -504.60010181 -2452.52573513 98.78237494 75.42892551 -1222.49161368 -76.12252878 -620.12448981 -132.02364270 -1652.25558738 -464.90970558 -456.87845840 -850.63709445 -397.27063341 -940.12943136 -45.81136508 -1369.20553286 -905.89146810 -184.47458450 -254.82714982 -398.13409229 -79.88982434 -5.78131879 -1448.74450076 -1845.14613108 1040.71160245 -575.12270953 -53.11047204 -1140.20406149 103.02353829 -976.40248360 -1881.01537682 -1291.76769225 -1866.04690633 -360.08969815 1281.12698986 -1282.59096776 -496.19969834 207.85896027 -741.75679154 -423.21226258 164.52553820 -793.08750218 -152.78525057 227.48484682 -329.90802584 -591.10768123 276.34421124 -494.49242638 -266.62409980 -1132.53990192 317.13955563 373.57967587 -11.51600580 721.61115137 -1021.61568721 23.63339959 845.77428890 -1736.99951462 -292.95898954 -1868.65207795 -868.90879793
0.00000000 0.00000000 0.00000000 0.00000000 0.00000000 0.00000000 0.00000000 0.00000000 0.00000000 0.00000000 0.00000000 0.00000000 0.00000000 0.00000000 0.00000000 0.00000000 0.00000000 0.00000000 0.00000000 0.00000000 0.00000000 0.00000000 0.00000000 74.91968743 136.03856269 56.91231611 88.66243639 234.53355866 -295.83214335 67.84562363 15.54709916 -215.70983582 -341.58749064 225.18490456 13.58296964 -39.88795848 23.13782336 -33.27980756 -115.14150436 241.62667256 -100.13338716 71.20354247 -7.73573971 -13.37392674 -170.62772414 229.85364547 161.37400903 45.44671314 58.92685350 61.39044762 -76.26550613 -119.83860835 32.31000665 -81.76031930 -46.81711489 157.66273920 41.19269786 188.57853342 90.54521638 -28.11302064 130.81856658 -139.00185510 -112.27243771 39.37018925 130.22272986 3.28544750 4.55531949 55.99465517 173.35279573 -34.12208088 157.74962100 -161.86706180 228.11340772 211.46992764 -19.38396690 115.88214452 205.88657602 -142.14599948 -77.97543282 -125.02957425 -250.75424094 -5.14152615 165.77154036 205.28606118 -15.47928733 66.28528708 35.81775762 52.98414102 -240.81137134 -23.46838508 212.30510744 225.39243746 -55.64489277 -59.10776975 200.98346018 -51.66092359 -186.91575076 4.84700002 -111.19005755 -255.15811599
0.00000000 0.00000000 0.00000000 0.00000000 0.00000000 0.00000000 0.00000000 0.00000000 0.00000000 0.00000000 0.00000000 0.00000000 0.00000000 0.00000000 0.00000000 0.00000000 0.00000000 0.00000000 0.00000000 0.00000000 0.00000000 0.00000000 0.00000000 0.00000000 418.32729332 56.31368505 514.28817167 736.69287539 -1385.59602337 126.52523316 -390.69289803 -527.41309903 -1565.42839763 845.93244299 90.64433788 -175.51155520 -188.86853019 -121.73070166 -705.70078820 730.85599337 -698.24868661 267.13991599 115.15416484 -147.47702102 -630.93424656 828.38016681 480.28683746 -47.76100651 -171.72159064 -75.62475274 -428.35842716 -426.00420149 45.72607644 -238.05741370 -177.52817989 619.74658551 -173.42908582 206.69130837 149.58152716 -157.40047748 660.01485931 -536.33638096 -467.99048689 -73.48303315 178.67294072 264.30391626 -103.28877497 196.49276247 439.16530695 -356.14183957 546.13562825 -766.70355119 583.69803371 638.54753630 -31.32185867 529.09571052 773.06653476 -769.75068445 -258.78992000 -347.24161381 -698.88076818 -122.91600191 315.09331107 246.15875832 -118.88811289 302.52089622 -184.87646945 -13.74438628 -950.18128015 -188.33595597 548.41021575 714.88715842 -275.78865543 -608.79627717 968.22320811 -55.01096757 -753.04714718 -224.19998492 -655.36699929 -431.21143442
0.00000000 0.00000000 0.00000000 0.00000000 0.00000000 0.00000000 0.00000000 0.00000000 0.00000000 0.00000000 0.00000000 0.00000000 0.00000000 0.00000000 0.00000000 0.00000000 0.00000000 0.00000000 0.00000000 0.00000000 0.00000000 0.00000000 0.00000000 0.00000000 0.00000000 358.74756631 -449.16324894 -386.35685514 611.82446848 -101.46345349 353.21166253 -169.31331511 283.61254855 213.87409968 -432.40274916 29.23777416 239.31607276 133.18057690 589.68641262 347.69995667 749.68540065 -195.42843083 -25.79908241 746.50756826 22.35129882 212.10195190 198.40530172 1023.31315634 367.19706804 69.59698409 456.78224726 -128.64889586 324.04173603 -118.32275157 290.74908257 430.28239112 -132.73665951 603.03370418 433.04047274 208.51916242 -371.01387149 358.35226509 859.65039265 -581.01624991 613.53727532 -159.86822706 606.02693094 -75.34314037 495.62369172 483.14741259 387.83488716 601.40881916 615.53943111 -717.05789272 352.28128420 -109.39738808 189.30003475 137.00898977 68.82788716 -302.63102410 49.38787747 19.95523444 -146.84482264 676.37797802 555.34731514 48.38117844 338.17493412 529.37307132 745.36922280 63.53377654 -43.10752350 288.04732087 -588.82627575 366.77853639 53.39748653 -343.66327101 621.47125857 18.13292228 421.17090552 -158.15910550
0.00000000 0.00000000 0.00000000 0.00000000 0.00000000 0.00000000 0.00000000 0.00000000 0.00000000 0.00000000 0.00000000 0.00000000 0.00000000 0.00000000 0.00000000 0.00000000 0.00000000 0.00000000 0.00000000 0.00000000 0.00000000 0.00000000 0.00000000 0.00000000 0.00000000 0.00000000 64.84703681 -194.81715481 283.38576898 126.30739953 124.18453480 -120.91064861 367.60754169 93.41548554 -121.78753089 194.13749459 33.26414411 -34.92284302 369.86174888 -37.64563336 167.71925018 -120.31012079 53.43320923 139.96281205 255.27255105 -206.33936662 -69.41152582 277.13660921 166.79753949 -93.06537523 130.48349851 101.97983102 -59.11419885 91.04157956 -85.88088249 17.37240741 -75.42578510 320.35917082 213.64876913 236.69251650 -290.70268855 149.47431637 251.45902408 -143.34902531 125.68102771 -331.43081332 142.49863745 -38.12917492 97.95886843 -16.90617411 -73.90772817 236.40251164 88.56490686 -279.90217317 28.23465211 -204.46989655 -4.37837883 141.40297792 -67.14625458 -119.64994467 137.32206868 -10.10096055 -34.26254038 296.55721484 200.01604317 104.30346856 84.52296322 106.70503966 429.45699534 126.69595087 17.23667414 -117.97077220 -38.90916484 -125.37239963 -152.16561427 18.25573403 185.65066213 -101.94206468 105.93408144 -50.63513260
0.00000000 0.00000000 0.00000000 0.00000000 0.00000000 0.00000000 0.00000000 0.00000000 0.00000000 0.00000000 0.00000000 0.00000000 0.00000000 0.00000000 0.00000000 0.00000000 0.00000000 0.00000000 0.00000000 0.00000000 0.00000000 0.00000000 0.00000000 0.00000000 0.00000000 0.00000000 0.00000000 1217.76190288 -2283.17831416 -595.67296183 -984.61043654 437.49269960 -2678.74028536 2.87927065 682.41078147 -996.76270856 -427.28618873 32.14813931 -2253.05685809 474.76184818 -1452.31507524 960.60077074 -104.24005171 -840.91905485 -1537.12887866 1294.19775153 733.35463943 -1578.85989764 -1004.82752388 117.36319983 -1014.96399187 -684.66996612 178.79649284 -570.98171085 410.31135055 278.64093406 45.10539614 -1660.81744673 -1050.76509553 -1215.72551204 1996.50854679 -1290.18186526 -1478.26117615 694.27505751 -577.15816343 1733.90029806 -853.32049025 338.62924632 -336.23291029 -129.91304027 422.01008544 -1837.85619152 -499.43833102 1758.42095975 -267.24735516 1196.04489272 318.63897331 -1407.11659532 337.95352493 412.74435095 -990.05339123 35.71943063 372.99337763 -1498.58376110 -1148.64122092 -366.97298660 -807.14760174 -893.33417059 -2518.26503750 -721.50846448 130.62145076 844.83684064 319.30633012 -77.74616841 1364.98263205 -118.20833065 -1323.77951777 286.66847019 -1070.14396719 218.62363396
0.00000000 0.00000000 0.00000000 0.00000000 0.00000000 0.00000000 0.00000000 0.00000000 0.00000000 0.00000000 0.00000000 0.00000000 0.00000000 0.00000000 0.00000000 0.00000000 0.00000000 0.00000000 0.00000000 0.00000000 0.00000000 0.00000000 0.00000000 0.00000000 0.00000000 0.00000000 0.00000000 0.00000000 -74.55566416 307.07458819 47.89803874 -201.15539321 -81.45661461 316.74895964 -103.20887521 308.68355108 -176.64786933 -68.96755041 194.98147216 220.80302136 -107.98026322 204.34443981 47.92042474 -48.57861244 101.60185465 68.00051560 211.66731264 23.63038879 -49.29454246 -242.04406268 -227.29926670 166.23084402 -77.13308357 75.10103281 148.03817899 378.45901795 -117.36545159 167.44622832 269.27822436 136.93502524 148.29631790 -131.34926406 194.25863990 -125.50547436 85.10042337 -370.53023864 77.51558261 184.90143336 367.64898353 158.40750242 33.55919040 -279.33194578 -212.63413920 32.17046555 -45.16160811 -15.63411421 147.38023552 -365.31515773 1.39945722 -236.94492659 -21.20153258 32.84054227 394.49708602 231.68957795 -125.71307984 132.54819776 -188.69662600 -420.56738413 -18.23936954 -23.09770002 166.31595917 -86.50864135 299.32367135 -646.99490747 195.38419916 -252.44515350 6.30318952 -102.75004804 54.41882197 93.67871402
0.00000000 0.00000000 0.00000000 0.00000000 0.00000000 0.00000000 0.00000000 0.00000000 0.00000000 0.00000000 0.00000000 0.00000000 0.00000000 0.00000000 0.00000000 0.00000000 0.00000000 0.00000000 0.00000000 0.00000000 0.00000000 0.00000000 0.00000000 0.00000000 0.00000000 0.00000000 0.00000000 0.00000000 0.00000000 410.26818839 -6.99618266 -104.36112295 -36.42035105 187.25677793 19.69854372 340.79513270 -301.03659948 -112.28562081 145.02813945 135.50573275 -230.45177034 285.31129291 116.10176805 -384.63421657 103.11440738 27.73108805 163.08432669 -304.89640296 -203.15141236 -400.31652091 -189.98619831 271.49784346 -171.13579141 153.01050478 197.94701222 378.90936701 -134.61811752 -31.49768615 57.70991445 165.95263873 213.07769575 -288.88181337 173.13418531 36.14757196 107.75917023 -495.36766040 147.82890914 162.96664387 341.94289832 169.83655296 35.79796350 -359.22201958 -395.69186365 19.73083446 -159.52556497 30.92856204 136.55489676 -529.60273478 98.36109438 -213.06772447 -36.44647297 101.57301548 571.01384630 89.74272610 -396.84356666 154.94164246 -378.57609221 -876.44361132 -162.25948996 -114.41995644 95.25232870 -273.64123589 610.15064528 -771.53505980 143.80774434 -244.68897237 49.45016627 -53.49532022 161.92088759 216.18363607
0.00000000 0.00000000 0.00000000 0.00000000 0.00000000 0.00000000 0.00000000 0.00000000 0.00000000 0.00000000 0.00000000 0.00000000 0.00000000 0.00000000 0.00000000 0.00000000 0.00000000 0.00000000 0.00000000 0.00000000 0.00000000 0.00000000 0.00000000 0.00000000 0.00000000 0.00000000 0.00000000 0.00000000 0.00000000 0.00000000 250.60251950 -374.54903898 92.42553522 294.54396015 -229.32690528 248.27664289 178.63428745 4.32375041 383.09304415 217.18198360 436.04753546 -242.12485251 -261.61368887 700.11496262 152.10067288 163.14544494 26.71685344 779.37801160 180.81868817 332.20920926 -294.49644780 -6.06301218 106.20216509 67.61491690 -49.56520418 130.62963978 171.50374746 417.33634932 735.93531255 -78.80580302 -89.68261713 473.44384256 218.88228517 -492.93618631 -200.92122290 -33.31761507 -177.50773497 96.50127431 269.68069937 86.39915856 144.97261292 19.02574262 128.46083545 89.73526508 215.29200423 -165.12134741 33.91689600 318.40151546 -430.26305388 -194.49971715 152.54444862 -234.85908356 -96.50407267 359.27769654 552.69682225 -82.37294121 368.83067286 696.68420047 231.44382700 167.20853189 305.54842410 188.05222990 -442.24105542 -279.79624477 112.34248071 -146.64341327 -115.85198605 -114.60745298 -29.95502525 -78.92317284
0.00000000 0.00000000 0.00000000 0.00000000 0.00000000 0.00000000 0.00000000 0.00000000 0.00000000 0.00000000 0.00000000 0.00000000 0.00000000 0.00000000 0.00000000 0.00000000 0.00000000 0.00000000 0.00000000 0.00000000 0.00000000 0.00000000 0.00000000 0.00000000 0.00000000 0.00000000 0.00000000 0.00000000 0.00000000 0.00000000 0.00000000 -126.50020718 105.42534974 -87.52487808 144.82386556 191.23927524 -139.76128656 -231.79726001 63.42394075 -90.44710071 78.06358340 -68.27600070 -218.36347213 -62.17830947 83.92730266 84.57752362 -81.88363959 -113.09920100 -344.36783018 37.70663467 -412.51007252 219.32717894 -229.27610486 179.07278491 58.76488694 -22.35977500 270.15982378 -407.95830922 160.19203332 -231.94425798 278.72495550 -10.20046546 1.02950008 4.69795463 -422.90205510 -72.50129629 -403.78240449 61.01494670 -49.92349514 32.89829699 -19.77757803 -552.29676290 -636.51009293 314.56906064 -243.20204799 -64.33969964 -162.67128056 -27.62545042 -324.01443324 -70.38356698 116.23822719 -141.18856963 251.02920824 -341.97141172 -114.42804033 -333.56466466 -128.31502263 -292.50166498 -276.78610804 -50.71605014 215.99982926 -167.83352066 405.54355966 -664.49820198 78.97238956 -128.93914427 -305.76296624 37.83451345 -19.64310562 278.01925530
0.00000000 0.00000000 0.00000000 0.00000000 0.00000000 0.00000000 0.00000000 0.00000000 0.00000000 0.00000000 0.00000000 0.00000000 0.00000000 0.00000000 0.00000000 0.00000000 0.00000000 0.00000000 0.00000000 0.00000000 0.00000000 0.00000000 0.00000000 0.00000000 0.00000000 0.00000000 0.00000000 0.00000000 0.00000000 0.00000000 0.00000000 0.00000000 -206.85006730 237.64434082 -260.89440494 -261.42692873 59.06191016 152.09503532 48.20001409 275.01111157 -97.18801021 159.64903901 248.92071335 127.83654348 70.55078943 5.52568887 270.83449465 384.24957965 398.61580297 176.30594684 191.08499113 -146.87905646 116.90936430 -296.54519776 -66.53497760 155.17381940 -105.11386084 439.85646111 86.35079058 251.10492704 -147.78683398 -42.56083777 101.04797694 37.09492782 316.68411059 -30.69762249 176.39835378 158.16690889 203.91665273 110.56269090 -73.85076992 334.86312552 414.47731441 -98.82001833 173.78782988 178.08661586 171.26338523 26.56296027 160.54755857 -77.94854176 -103.58393278 75.82577748 -61.31779845 379.86082252 100.29564466 176.59123267 153.67923575 471.53657711 313.55240884 134.09987280 43.87086771 361.94035911 -218.71519958 400.45672608 101.35179620 -73.34698852 160.20910787 -84.70154529 -76.77404297 -297.45589984
0.00000000 0.00000000 0.00000000 0.00000000 0.00000000 0.00000000 0.00000000 0.00000000 0.00000000 0.00000000 0.00000000 0.00000000 0.00000000 0.00000000 0.00000000 0.00000000 0.00000000 0.00000000 0.00000000 0.00000000 0.00000000 0.00000000 0.00000000 0.00000000 0.00000000 0.00000000 0.00000000 0.00000000 0.00000000 0.00000000 0.00000000 0.00000000 0.00000000 146.75173642 -67.24847065 -3.51383439 -49.19955080 -0.45626569 5.61986028 91.99348536 -44.22624249 50.38576587 -65.68225303 -102.28469814 16.81469065 -46.45933900 112.60720025 43.17365817 34.11727640 48.57862376 -33.21124120 -28.92699820 7.07678586 -56.21970605 -44.54855513 32.39163523 69.23737612 38.22412990 80.46970106 17.03914112 -30.40228909 -1.95490131 -41.95733297 33.34573005 19.60673495 -113.53378719 -85.76859709 -20.64482462 -45.66579434 -1.80620349 40.94159342 -36.28425313 26.86387755 -45.73468589 -57.94435578 -18.96823453 -46.00939696 9.84505156 -41.00414037 -126.16841501 -78.77272053 7.35805882 63.30984528 35.04105065 19.21830519 -16.87848264 0.29176068 92.58162086 -50.65864471 -9.50545539 59.96529575 79.64051982 33.02153631 -31.29249966 7.60029362 -65.92966168 -74.92201947 3.23196621 -133.09596890 -82.11894102
0.00000000 0.00000000 0.00000000 0.00000000 0.00000000 0.00000000 0.00000000 0.00000000 0.00000000 0.00000000 0.00000000 0.00000000 0.00000000 0.00000000 0.00000000 0.00000000 0.00000000 0.00000000 0.00000000 0.00000000 0.00000000 0.00000000 0.00000000 0.00000000 0.00000000 0.00000000 0.00000000 0.00000000 0.00000000 0.00000000 0.00000000 0.00000000 0.00000000 0.00000000 27.88260826 88.88656392 -12.10832853 -105.01197738 26.45691461 177.60256676 31.67304269 80.82048983 -80.20065808 -181.49841644 -133.37740060 -159.46280018 -11.97336245 17.64147117 -122.38975609 -103.11765375 -85.26947707 11.49018753 86.87885589 85.62140291 98.59932248 140.91909122 -23.35626190 -5.65229165 29.29398355 26.50219868 134.50772947 91.00824292 13.39511656 -46.31094315 8.15401414 -22.69721458 -6.10433641 -116.73057589 -13.17045358 -26.47396409 146.20913533 118.23345549 -16.64079467 -109.76496335 -150.72026384 -60.24102766 33.47038622 17.15097004 45.19869292 -162.11293659 -61.38210358 151.62283941 91.64553969 -76.75930862 38.05940325 -33.75167160 -98.05686985 -212.87903601 -76.54743672 -93.74632849 -123.31381397 -88.37374960 129.90530600 -42.58685650 81.82493217 8.50926002 -13.78143125 -3.39772654 -123.14324121 149.68007101
0.00000000 0.00000000 0.00000000 0.00000000 0.00000000 0.00000000 0.00000000 0.00000000 0.00000000 0.00000000 0.00000000 0.00000000 0.00000000 0.00000000 0.00000000 0.00000000 0.00000000 0.00000000 0.00000000 0.00000000 0.00000000 0.00000000 0.00000000 0.00000000 0.00000000 0.00000000 0.00000000 0.00000000 0.00000000 0.00000000 0.00000000 0.00000000 0.00000000 0.00000000 0.00000000 69.36387830 34.40517808 178.53656063 222.40935681 -270.72337636 26.92966597 -87.48526987 106.90353599 410.25837479 153.04409965 162.02505682 -117.45031433 -148.29476635 -36.35944998 -10.89129501 67.32625634 188.07371944 -176.15524988 -75.47549512 44.57682941 -99.22009389 -37.85002082 -81.44935331 -22.35853012 66.18100993 -169.35963514 -130.86511582 199.20725916 -45.11888370 68.99656337 57.10641850 330.36146340 212.97043629 291.49772663 170.97393106 -155.05480252 -189.12123390 -65.29174881 52.89107485 179.68250296 32.80129025 110.98945851 -200.06277748 61.67619586 325.44020662 126.59606471 -108.63512015 11.93453474 118.18671267 -59.54700556 6.60680741 88.82104257 -54.95274341 122.57082785 -15.89528557 66.82292607 -74.13958579 -77.62074904 -54.97957522 -98.47393445 -67.64287108 313.50208554 5.31024781 370.92823142 104.41898649
0.00000000 0.00000000 0.00000000 0.00000000 0.00000000 0.00000000 0.00000000 0.00000000 0.00000000 0.00000000 0.00000000 0.00000000 0.00000000 0.00000000 0.00000000 0.00000000 0.00000000 0.00000000 0.00000000 0.00000000 0.00000000 0.00000000 0.00000000 0.00000000 0.00000000 0.00000000 0.00000000 0.00000000 0.00000000 0.00000000 0.00000000 0.00000000 0.00000000 0.00000000 0.00000000 0.00000000 -60.86527757 -85.44519931 -110.08880007 311.96756442 -62.29776311 157.80901317 -74.44175380 -394.99323750 -173.09259059 -250.08577388 146.62671834 74.00095262 -53.33646688 -99.08791165 -209.10053905 -47.51866708 191.42343697 42.03731158 149.08886602 302.91605304 17.12993548 -81.93605466 47.09638105 51.63141409 256.71574000 32.98930187 -62.03690365 73.55689195 -29.68185687 -35.81510036 -180.69969363 -194.80732955 -59.92707525 -2.90348233 208.62338205 126.16087271 -123.27005409 -117.02519857 -260.46841836 16.55693190 86.15439625 -0.05984982 23.54547100 -210.59487376 -131.29059433 296.09045884 206.19765099 -139.76365327 -32.72507291 -135.91486282 -184.09167398 -292.00897378 -174.83369659 -173.54414825 -39.44540359 -80.62900841 270.78325173 40.94987460 82.51316934 -97.15703528 -76.20064465 33.91222265 -281.54912417 121.30955002
0.00000000 0.00000000 0.00000000 0.00000000 0.00000000 0.00000000 0.00000000 0.00000000 0.00000000 0.00000000 0.00000000 0.00000000 0.00000000 0.00000000 0.00000000 0.00000000 0.00000000 0.00000000 0.00000000 0.00000000 0.00000000 0.00000000 0.00000000 0.00000000 0.00000000 0.00000000 0.00000000 0.00000000 0.00000000 0.00000000 0.00000000 0.00000000 0.00000000 0.00000000 0.00000000 0.00000000 0.00000000 -409.20937919 -114.32903598 759.28028085 104.10746432 297.38382515 -295.63222659 -729.09270545 -389.24119802 -552.08256082 60.79600965 286.09610872 -328.71608001 29.27387078 -249.56144585 -31.06526621 344.86033604 221.44602135 228.56911356 337.44690279 126.21138162 59.50007305 95.89747521 -40.13454652 527.66249083 511.00745498 -111.98078717 -59.26578738 -173.59735237 -95.64065950 -348.87718799 -291.75294030 -272.04534763 -91.14937653 449.18293693 589.38599150 -19.46931772 -187.52143287 -445.12841404 -78.63435984 -3.82488830 318.17860925 50.36123857 -571.21338510 -177.45353171 290.18492216 217.96217904 -381.26494704 68.42328165 -133.14684063 -162.18796109 -276.29584010 -150.46614607 -148.21744815 -319.27266091 -14.95211964 434.65821666 53.14883746 363.40027986 118.25042691 -328.99794356 -90.98429407 -568.32477050 338.46772887
0.00000000 0.00000000 0.00000000 0.00000000 0.00000000 0.00000000 0.00000000 0.00000000 0.00000000 0.00000000 0.00000000 0.00000000 0.00000000 0.00000000 0.00000000 0.00000000 0.00000000 0.00000000 0.00000000 0.00000000 0.00000000 0.00000000 0.00000000 0.00000000 0.00000000 0.00000000 0.00000000 0.00000000 0.00000000 0.00000000 0.00000000 0.00000000 0.00000000 0.00000000 0.00000000 0.00000000 0.00000000 0.00000000 -409.78576122 -471.71369933 -239.77140520 -190.44264418 308.85905608 131.91338637 -44.86022122 260.74648656 22.72778587 -80.16283520 727.32151574 -589.72516469 620.58746689 -567.10428851 18.57459241 -37.37088924 -459.41285984 -264.87604076 -665.00703320 520.74909170 -240.17103632 136.49513043 -487.18446761 -551.90295218 -317.65240248 96.40516947 492.58784282 156.40804754 88.56393366 -340.79028879 -332.31587665 -490.92414009 -420.14849963 -24.55128769 731.72737416 -209.33728848 170.90888799 -251.48676158 -333.08445812 64.33028933 131.69174465 -41.97034315 -137.16526963 104.53695838 -599.04156974 573.49345447 295.34456690 487.07736681 -83.70658207 439.03729180 191.99057599 424.11780608 -191.03418003 54.80474548 -672.89174546 278.09389101 -246.77767089 262.97768656 -98.00524345 99.03244541 -102.06776056 -953.74150404
0.00000000 0.00000000 0.00000000 0.00000000 0.00000000 0.00000000 0.00000000 0.00000000 0.00000000 0.00000000 0.00000000 0.00000000 0.00000000 0.00000000 0.00000000 0.00000000 0.00000000 0.00000000 0.00000000 0.00000000 0.00000000 0.00000000 0.00000000 0.00000000 0.00000000 0.00000000 0.00000000 0.00000000 0.00000000 0.00000000 0.00000000 0.00000000 0.00000000 0.00000000 0.00000000 0.00000000 0.00000000 0.00000000 0.00000000 -93.74295760 24.33904671 -31.21804976 114.64138828 237.75101234 98.23928323 165.33414593 -48.47675027 29.19709375 160.80652657 8.18541141 400.23959626 -94.87093252 -87.67179702 -7.58518093 -211.73409589 -193.45227798 -274.15249057 353.10591654 -24.54503024 53.58555136 -273.99856335 -76.59507246 52.92578364 -166.38107037 203.03753443 -23.59150191 252.28212131 34.98855672 78.71968630 -123.52644968 -104.93057265 111.52355943 334.66079459 -65.84582781 248.96749451 -73.42105388 -155.02689895 53.18217161 -21.86743226 -16.08063975 -2.84305530 -185.28514060 -293.20703352 338.22931707 229.73551980 266.19823364 191.86551509 285.37524599 353.06799513 307.48135567 -59.22630151 212.35132374 -307.05237968 -58.71587021 48.16817125 209.49824895 -10.50431658 -162.38962352 188.02322099 -387.15759955
0.00000000 0.00000000 0.00000000 0.00000000 0.00000000 0.00000000 0.00000000 0.00000000 0.00000000 0.00000000 0.00000000 0.00000000 0.00000000 0.00000000 0.00000000 0.00000000 0.00000000 0.00000000 0.00000000 0.00000000 0.00000000 0.00000000 0.00000000 0.00000000 0.00000000 0.00000000 0.00000000 0.00000000 0.00000000 0.00000000 0.00000000 0.00000000 0.00000000 0.00000000 0.00000000 0.00000000 0.00000000 0.00000000 0.00000000 0.00000000 -236.14864979 196.78198143 -308.01401887 -1224.56016571 -328.13449848 -721.68874090 233.17746730 -434.39417053 -620.14305406 -243.66489006 -2006.43087978 443.03538569 111.43824097 -127.20941757 1003.06739797 816.43394625 1414.56420525 -1842.32343852 -66.15669480 -228.09580619 1387.53998823 68.65012012 -301.03984017 1224.14795079 -889.99818516 53.17760958 -1363.53734151 -26.14910810 -534.50795099 595.92114948 53.49099618 -991.28316437 -1830.96930794 596.70863129 -1352.74996350 492.93043840 779.41010279 -432.37833627 163.95219898 129.07687159 20.12901157 923.96511786 1523.92116657 -1651.40762918 -1390.76767887 -1328.26225203 -1133.64316417 -1532.11615388 -1884.94244963 -1519.31916974 427.78567866 -1153.43408931 1675.49285187 278.88672505 -487.98224767 -1088.47106059 -26.72063309 931.59599017 -927.64554808 1827.68353363
0.00000000 0.00000000 0.00000000 0.00000000 0.00000000 0.00000000 0.00000000 0.00000000 0.00000000 0.00000000 0.00000000 0.00000000 0.00000000 0.00000000 0.00000000 0.00000000 0.00000000 0.00000000 0.00000000 0.00000000 0.00000000 0.00000000 0.00000000 0.00000000 0.00000000 0.00000000 0.00000000 0.00000000 0.00000000 0.00000000 0.00000000 0.00000000 0.00000000 0.00000000 0.00000000 0.00000000 0.00000000 0.00000000 0.00000000 0.00000000 0.00000000 -482.00249479 -906.49632067 -768.14104039 -267.11147800 -120.08628748 -5.25361839 -51.67964180 -843.42226049 357.65495342 -2009.74399824 370.22351828 268.99284404 198.76603419 495.52277543 359.19280154 1796.19747506 -1742.90388310 368.71687348 -747.14630611 932.63977448 579.24869597 -631.87428737 466.41877526 -1446.89983152 187.32535937 -1567.19765078 -73.40253192 -782.32014092 327.66756391 505.43636331 -914.44352264 -1434.15285847 648.38508164 -815.12598263 86.99218990 196.46612486 101.57688043 -354.11189386 165.06251235 232.44185491 206.02943404 1027.92599710 -1769.69397516 -954.31580652 -1157.50649354 -650.86069474 -481.67235637 -2084.58012821 -1284.63670314 467.34885695 -977.25154265 779.12687739 -82.71476936 -422.42435895 -920.04751288 -214.19006283 871.73994465 -864.39649956 1640.26473042
0.00000000 0.00000000 0.00000000 0.00000000 0.00000000 0.00000000 0.00000000 0.00000000 0.00000000 0.00000000 0.00000000 0.00000000 0.00000000 0.00000000 0.00000000 0.00000000 0.00000000 0.00000000 0.00000000 0.00000000 0.00000000 0.00000000 0.00000000 0.00000000 0.00000000 0.00000000 0.00000000 0.00000000 0.00000000 0.00000000 0.00000000 0.00000000 0.00000000 0.00000000 0.00000000 0.00000000 0.00000000 0.00000000 0.00000000 0.00000000 0.00000000 0.00000000 -231.51653329 -492.20528998 18.27907123 -20.75670343 196.38207301 -62.57795943 -259.02464886 292.27050593 -742.22920150 152.04228116 -45.94546784 -35.53759540 106.97023512 145.87002211 724.13130006 -582.09380408 238.92236273 -212.10614408 411.45868273 256.02338997 -237.80125960 377.16438739 -398.69602768 -132.33409099 -611.50790413 -3.63016117 -184.48577952 186.39117885 232.34388711 -319.93492142 -545.67417833 273.13346968 -338.50305557 185.43096858 166.12346508 107.93574735 -233.80103524 -183.16081262 34.86466640 93.49359731 473.97386746 -505.03472360 -318.53158750 -403.22922921 -200.67087582 -160.30931706 -807.83110028 -397.27586250 313.40797034 -181.87552734 381.46245748 -27.81238155 -211.73700677 -347.33749977 -280.56126242 181.15673966 -363.70535803 440.05996525
0.00000000 0.00000000 0.00000000 0.00000000 0.00000000 0.00000000 0.00000000 0.00000000 0.00000000 0.00000000 0.00000000 0.00000000 0.00000000 0.00000000 0.00000000 0.00000000 0.00000000 0.00000000 0.00000000 0.00000000 0.00000000 0.00000000 0.00000000 0.00000000 0.00000000 0.00000000 0.00000000 0.00000000 0.00000000 0.00000000 0.00000000 0.00000000 0.00000000 0.00000000 0.00000000 0.00000000 0.00000000 0.00000000 0.00000000 0.00000000 0.00000000 0.00000000 0.00000000 -490.23640006 23.46684149 61.97805130 198.12842424 5.43679695 -188.14584511 38.64276534 -186.76115931 -106.19351860 39.42489505 -65.69552547 -129.74265003 265.29652883 251.60829742 -7.49027809 37.58767372 -84.89769111 51.21438635 220.17114675 -98.49990292 -8.82525086 98.31507899 -254.25936849 -69.69332067 -206.11774072 -92.76955242 -124.03814125 331.64546016 99.45452507 79.50078509 -97.57110897 -35.13514875 136.45794125 156.24648212 19.86494872 -177.05031459 -381.02540653 -31.70225407 -8.64942650 208.85197369 45.17244158 -22.91068358 56.48063864 -102.19937171 -125.08520580 -432.81214635 -154.56265458 79.11235572 -72.94148870 -151.91016538 79.83320974 -226.42877582 -83.79346678 -164.50634224 -87.32698543 -77.85353185 -95.26713717
0.00000000 0.00000000 0.00000000 0.00000000 0.00000000 0.00000000 0.00000000 0.00000000 0.00000000 0.00000000 0.00000000 0.00000000 0.00000000 0.00000000 0.00000000 0.00000000 0.00000000 0.00000000 0.00000000 0.00000000 0.00000000 0.00000000 0.00000000 0.00000000 0.00000000 0.00000000 0.00000000 0.00000000 0.00000000 0.00000000 0.00000000 0.00000000 0.00000000 0.00000000 0.00000000 0.00000000 0.00000000 0.00000000 0.00000000 0.00000000 0.00000000 0.00000000 0.00000000 0.00000000 167.54114566 437.74552194 235.15307569 70.79018350 195.98312050 253.44937766 449.36089066 -189.41300948 -127.64390585 -91.45204873 -488.85827896 -229.81295488 -125.85491569 664.36002714 450.93336814 57.59465409 -284.32049755 34.44528654 -206.19819714 -147.99033468 452.65891880 -251.35721975 338.44567715 -217.76428761 220.14936320 -196.57308406 321.14829969 430.08679491 737.38088097 -194.41456912 329.02528587 -185.45685097 -250.03747371 328.01476299 -223.22139796 -362.49609715 -285.45527204 -147.37613917 -257.46130941 684.86363945 628.00255393 419.56668390 384.90138262 606.60115154 73.50146148 370.61689647 102.40146238 491.70760327 -565.04125721 -37.99968842 -105.40735596 328.14995337 -154.72576487 -453.55665589 38.49967050 -860.26763156
0.00000000 0.00000000 0.00000000 0.00000000 0.00000000 0.00000000 0.00000000 0.00000000 0.00000000 0.00000000 0.00000000 0.00000000 0.00000000 0.00000000 0.00000000 0.00000000 0.00000000 0.00000000 0.00000000 0.00000000 0.00000000 0.00000000 0.00000000 0.00000000 0.00000000 0.00000000 0.00000000 0.00000000 0.00000000 0.00000000 0.00000000 0.00000000 0.00000000 0.00000000 0.00000000 0.00000000 0.00000000 0.00000000 0.00000000 0.00000000 0.00000000 0.00000000 0.00000000 0.00000000 0.00000000 111.79612035 146.42703622 -90.06486653 98.89584733 102.28508275 468.53923125 -112.05743767 -160.87533686 -182.23455009 -324.71090996 -241.69371337 -135.15153214 422.46710791 110.79141244 80.83685917 -296.14402418 -81.16714195 -129.08521082 40.57513808 448.16408398 -244.78498347 439.00769933 -249.77074344 242.57616413 -149.20545089 243.47727130 419.19105395 649.90506646 -290.81581871 183.50755604 -115.55415775 -153.08388564 101.20708766 -11.84777921 -98.29282741 -213.54119407 55.67362296 -49.98828001 483.51711702 310.25290315 284.65598709 277.74262860 396.65078552 29.06052761 257.91747108 -60.22438004 441.14445775 -282.08985477 217.25483297 -114.37116295 232.24108704 37.17468099 -292.46330523 112.14913539 -708.14172603
0.00000000 0.00000000 0.00000000 0.00000000 0.00000000 0.00000000 0.00000000 0.00000000 0.00000000 0.00000000 0.00000000 0.00000000 0.00000000 0.00000000 0.00000000 0.00000000 0.00000000 0.00000000 0.00000000 0.00000000 0.00000000 0.00000000 0.00000000 0.00000000 0.00000000 0.00000000 0.00000000 0.00000000 0.00000000 0.00000000 0.00000000 0.00000000 0.00000000 0.00000000 0.00000000 0.00000000 0.00000000 0.00000000 0.00000000 0.00000000 0.00000000 0.00000000 0.00000000 0.00000000 0.00000000 0.00000000 -96.64697109 46.69865700 -99.20132938 69.42685754 -175.55271175 103.87553829 118.53932059 55.29785127 6.96281057 18.51703190 -6.08550677 -196.05160787 -105.85003575 -93.71853392 -115.78563062 174.85459829 88.89652081 -153.61589657 -250.11513966 47.00968684 -163.43045880 191.86756088 -51.61542349 49.75129360 -53.70306766 -221.01844428 -223.31237979 -61.20488094 49.74400714 19.41076685 95.89116116 95.49870189 -53.78833479 -11.07287237 306.30384335 -195.63533644 -144.12021962 -214.80193497 -143.51957587 49.55392088 20.00731100 15.66063976 112.21538826 93.57084172 38.99850295 -91.70465813 -110.38248559 -128.80326383 75.32080222 -97.70563257 -99.78336668 28.97259998 22.67127458 301.07897972
0.00000000 0.00000000 0.00000000 0.00000000 0.00000000 0.00000000 0.00000000 0.00000000 0.00000000 0.00000000 0.00000000 0.00000000 0.00000000 0.00000000 0.00000000 0.00000000 0.00000000 0.00000000 0.00000000 0.00000000 0.00000000 0.00000000 0.00000000 0.00000000 0.00000000 0.00000000 0.00000000 0.00000000 0.00000000 0.00000000 0.00000000 0.00000000 0.00000000 0.00000000 0.00000000 0.00000000 0.00000000 0.00000000 0.00000000 0.00000000 0.00000000 0.00000000 0.00000000 0.00000000 0.00000000 0.00000000 0.00000000 116.99846026 196.10197738 -102.89464501 -301.34616258 -37.07935238 63.86268366 139.99087385 122.20177104 116.62285282 54.50784773 -54.82254216 82.59953627 -51.48710999 272.85806229 -60.80602030 -16.70618657 14.63737419 -179.68997180 59.42881524 -217.92242753 69.91904763 -105.80139425 91.67642895 -234.83715890 -167.60869158 -255.28167959 329.84372128 -93.81249825 51.68894376 4.60323646 -112.90966009 9.16626707 46.56452313 12.28003626 164.78175262 91.43411459 -174.31302899 -136.21244238 -130.88199284 -183.05528413 -222.40405354 -24.56515074 -134.76968513 72.92096178 -152.88587235 239.21817884 -191.87184451 -11.08393220 -54.02891165 -58.55916131 151.65375398 -135.52556121 165.35481030
0.00000000 0.00000000 0.00000000 0.00000000 0.00000000 0.00000000 0.00000000 0.00000000 0.00000000 0.00000000 0.00000000 0.00000000 0.00000000 0.00000000 0.00000000 0.00000000 0.00000000 0.00000000 0.00000000 0.00000000 0.00000000 0.00000000 0.00000000 0.00000000 0.00000000 0.00000000 0.00000000 0.00000000 0.00000000 0.00000000 0.00000000 0.00000000 0.00000000 0.00000000 0.00000000 0.00000000 0.00000000 0.00000000 0.00000000 0.00000000 0.00000000 0.00000000 0.00000000 0.00000000 0.00000000 0.00000000 0.00000000 0.00000000 -173.49596219 26.16918471 117.07268170 137.46605227 79.75573161 31.27435669 46.31701861 48.89406688 -94.72983644 15.37864725 90.57671825 244.09677390 -47.81468192 49.89010506 41.27807094 -59.50791902 126.94397154 137.87695594 64.35660963 -114.42022612 38.34566644 100.69602814 136.48097609 74.65273694 -10.47611428 -310.85102242 -97.05683154 -143.20404297 67.95924357 130.03413062 -28.41207473 3.83387928 -63.72830918 -90.61149046 -110.15693229 105.29828927 205.53099852 -69.21933852 -3.24377575 37.61143826 -18.83108171 -74.24367215 -37.11425260 -133.37839212 -25.24520049 124.41408284 58.21202502 11.87582602 70.46954111 67.08580192 -24.40895924 203.39523157
0.00000000 0.00000000 0.00000000 0.00000000 0.00000000 0.00000000 0.00000000 0.00000000 0.00000000 0.00000000 0.00000000 0.00000000 0.00000000 0.00000000 0.00000000 0.00000000 0.00000000 0.00000000 0.00000000 0.00000000 0.00000000 0.00000000 0.00000000 0.00000000 0.00000000 0.00000000 0.00000000 0.00000000 0.00000000 0.00000000 0.00000000 0.00000000 0.00000000 0.00000000 0.00000000 0.00000000 0.00000000 0.00000000 0.00000000 0.00000000 0.00000000 0.00000000 0.00000000 0.00000000 0.00000000 0.00000000 0.00000000 0.00000000 0.00000000 -536.25750636 84.98739965 163.52255850 98.45184293 375.85127172 660.85839705 440.51380386 -107.06488101 149.31948875 419.52011488 642.10296576 1008.05370168 -386.52365484 -62.44798559 222.45485265 487.72831561 464.21643490 74.36838905 -523.35854822 -160.20378175 436.94659634 -33.43834908 318.57688999 -318.65414150 284.43534838 -692.10410613 -204.12587916 -31.68968806 -326.29039983 264.25694179 312.44983556 -990.20691280 507.97762536 409.92075428 122.14292422 401.07150898 -726.32385670 -614.15387098 -899.24348308 -369.73711022 -1018.72643888 -132.57793471 -784.76642184 1012.01592994 104.32698128 -11.69539263 268.06760741 503.06424738 432.66118725 -251.00800363 544.13705774
0.00000000 0.00000000 0.00000000 0.00000000 0.00000000 0.00000000 0.00000000 0.00000000 0.00000000 0.00000000 0.00000000 0.00000000 0.00000000 0.00000000 0.00000000 0.00000000 0.00000000 0.00000000 0.00000000 0.00000000 0.00000000 0.00000000 0.00000000 0.00000000 0.00000000 0.00000000 0.00000000 0.00000000 0.00000000 0.00000000 0.00000000 0.00000000 0.00000000 0.00000000 0.00000000 0.00000000 0.00000000 0.00000000 0.00000000 0.00000000 0.00000000 0.00000000 0.00000000 0.00000000 0.00000000 0.00000000 0.00000000 0.00000000 0.00000000 0.00000000 -190.85757154 17.81802136 -34.58099510 146.27978804 116.89868827 161.87413650 3.57387750 112.18037972 189.43397799 140.95705893 205.92897049 -78.02246150 -81.96626745 -44.41140011 -56.31384223 201.90896142 -75.04518925 -86.64924771 11.14684246 1.39249587 -45.94085457 -12.19300150 -156.28206240 100.85770348 -114.42895188 -51.90709174 -57.09972558 -81.54830523 -45.58913536 -75.47065603 -163.68382757 83.66850882 70.00731479 10.09512333 161.22611175 -146.24858018 -153.37710857 -184.24643124 -124.96080523 -136.93484057 29.06141486 -93.28023618 235.67059397 -144.51228416 61.19325554 -5.28844638 -5.23498889 118.42975082 -195.54848787 240.14514514
0.00000000 0.00000000 0.00000000 0.00000000 0.00000000 0.00000000 0.00000000 0.00000000 0.00000000 0.00000000 0.00000000 0.00000000 0.00000000 0.00000000 0.00000000 0.00000000 0.00000000 0.00000000 0.00000000 0.00000000 0.00000000 0.00000000 0.00000000 0.00000000 0.00000000 0.00000000 0.00000000 0.00000000 0.00000000 0.00000000 0.00000000 0.00000000 0.00000000 0.00000000 0.00000000 0.00000000 0.00000000 0.00000000 0.00000000 0.00000000 0.00000000 0.00000000 0.00000000 0.00000000 0.00000000 0.00000000 0.00000000 0.00000000 0.00000000 0.00000000 0.00000000 -55.88653952 -147.44736149 -204.89196576 113.07514782 -61.02641140 444.77446892 -232.53731579 29.59083718 -80.78742996 240.64086630 -138.27639246 32.80705944 438.14993008 13.44171790 74.57253585 -48.35670820 203.57326379 -66.37467791 51.31964149 27.98500589 -56.97202858 53.34184307 304.15879403 -51.69453643 80.67926671 113.63000739 6.99715124 130.82701278 50.81639470 -136.22939775 70.35927919 179.71473728 -51.57597262 -241.63674030 -71.53251138 15.55341949 19.14630435 -272.13740886 -216.13562466 92.71944271 -160.10834586 7.45019403 203.33458014 -26.60883458 -211.62967614 142.44473850 25.42472643 -35.20388370 -59.56051729
0.00000000 0.00000000 0.00000000 0.00000000 0.00000000 0.00000000 0.00000000 0.00000000 0.00000000 0.00000000 0.00000000 0.00000000 0.00000000 0.00000000 0.00000000 0.00000000 0.00000000 0.00000000 0.00000000 0.00000000 0.00000000 0.00000000 0.00000000 0.00000000 0.00000000 0.00000000 0.00000000 0.00000000 0.00000000 0.00000000 0.00000000 0.00000000 0.00000000 0.00000000 0.00000000 0.00000000 0.00000000 0.00000000 0.00000000 0.00000000 0.00000000 0.00000000 0.00000000 0.00000000 0.00000000 0.00000000 0.00000000 0.00000000 0.00000000 0.00000000 0.00000000 0.00000000 -316.02052517 -111.59718374 337.06069755 171.11208300 519.85355377 -79.59996114 368.07000005 410.92696513 456.22050185 -378.49213023 11.42762587 556.95058353 244.22130452 532.63489313 136.45306869 167.07857474 86.38253299 92.65929144 59.30582656 48.08294829 33.92618800 240.29293937 -302.73203637 -162.60436697 185.91328592 -59.98559698 178.34240323 -90.74300229 -567.73574028 214.42857648 128.85730209 221.71249679 133.40464415 -213.40292123 -126.13981104 -68.81932139 -597.76731909 -436.18729510 99.14148943 -408.00714973 240.44490541 245.02916086 124.10099424 -330.59792926 318.76962675 336.36838761 -294.81515722 275.64807606
0.00000000 0.00000000 0.00000000 0.00000000 0.00000000 0.00000000 0.00000000 0.00000000 0.00000000 0.00000000 0.00000000 0.00000000 0.00000000 0.00000000 0.00000000 0.00000000 0.00000000 0.00000000 0.00000000 0.00000000 0.00000000 0.00000000 0.00000000 0.00000000 0.00000000 0.00000000 0.00000000 0.00000000 0.00000000 0.00000000 0.00000000 0.00000000 0.00000000 0.00000000 0.00000000 0.00000000 0.00000000 0.00000000 0.00000000 0.00000000 0.00000000 0.00000000 0.00000000 0.00000000 0.00000000 0.00000000 0.00000000 0.00000000 0.00000000 0.00000000 0.00000000 0.00000000 0.00000000 -739.51359219 -150.47463737 -633.15768787 1111.00408954 -877.63072731 -203.94552045 -846.76701946 360.69241001 -115.01258208 242.71409049 1260.36352275 -154.86471900 -406.21333981 -306.93925791 714.79870114 -272.84980095 451.36160204 -112.25240198 -407.01842573 160.05329698 768.21422897 119.79413994 323.56268597 394.54054061 414.89527758 443.91635945 420.40391543 336.05430284 73.24895352 497.53412776 -466.13095142 -1258.07845113 101.15951621 391.48931527 164.21712140 -178.42109091 -295.37552670 267.68306779 -428.85393217 -242.72550393 581.47884204 -340.90542025 -387.92488636 263.90188668 -459.40295868 246.76686280 -511.94058824
0.00000000 0.00000000 0.00000000 0.00000000 0.00000000 0.00000000 0.00000000 0.00000000 0.00000000 0.00000000 0.00000000 0.00000000 0.00000000 0.00000000 0.00000000 0.00000000 0.00000000 0.00000000 0.00000000 0.00000000 0.00000000 0.00000000 0.00000000 0.00000000 0.00000000 0.00000000 0.00000000 0.00000000 0.00000000 0.00000000 0.00000000 0.00000000 0.00000000 0.00000000 0.00000000 0.00000000 0.00000000 0.00000000 0.00000000 0.00000000 0.00000000 0.00000000 0.00000000 0.00000000 0.00000000 0.00000000 0.00000000 0.00000000 0.00000000 0.00000000 0.00000000 0.00000000 0.00000000 0.00000000 341.89365558 -137.05703584 120.85676206 -24.95977564 132.22009086 35.09044400 448.14171709 -22.41274521 -176.73171814 95.16799210 -21.96618959 -95.86615651 -245.19922294 -297.48492322 -319.17112398 121.31644700 120.48319217 114.75757626 -64.10491670 324.31448836 -177.69842921 145.87155143 -109.13626112 -91.88590188 -10.37851321 355.99303386 -380.69942035 46.38218852 330.73851970 -137.88991469 -8.22342662 -450.53156760 -272.17928644 -158.08476448 -140.38267603 -452.23114130 129.54903409 28.71146990 412.64449777 114.78282298 -74.11021819 266.55010621 108.43444772 81.31904881 -108.86433473 21.51954666
0.00000000 0.00000000 0.00000000 0.00000000 0.00000000 0.00000000 0.00000000 0.00000000 0.00000000 0.00000000 0.00000000 0.00000000 0.00000000 0.00000000 0.00000000 0.00000000 0.00000000 0.00000000 0.00000000 0.00000000 0.00000000 0.00000000 0.00000000 0.00000000 0.00000000 0.00000000 0.00000000 0.00000000 0.00000000 0.00000000 0.00000000 0.00000000 0.00000000 0.00000000 0.00000000 0.00000000 0.00000000 0.00000000 0.00000000 0.00000000 0.00000000 0.00000000 0.00000000 0.00000000 0.00000000 0.00000000 0.00000000 0.00000000 0.00000000 0.00000000 0.00000000 0.00000000 0.00000000 0.00000000 0.00000000 -46.12800090 34.56979902 -545.77318545 -495.40730760 -191.75008563 -125.49610014 120.30847065 117.45443037 69.83320338 -165.38205948 -366.51147296 -300.27968979 64.43868402 -224.58690039 60.46452437 -6.09350778 -221.32565895 -313.32663352 116.52448174 -15.83930153 279.56788667 -27.48515617 -137.18719364 -171.50493632 9.61782471 442.89406561 -115.22919288 98.09076365 -382.20877431 -579.29484247 -158.17218676 -73.80179690 132.58735006 -41.76221461 46.47053350 47.90485352 309.46518467 12.95611610 11.94222650 -32.29460012 -213.57366090 -259.31114409 112.20318943 217.35762496 -23.85681999
0.00000000 0.00000000 0.00000000 0.00000000 0.00000000 0.00000000 0.00000000 0.00000000 0.00000000 0.00000000 0.00000000 0.00000000 0.00000000 0.00000000 0.00000000 0.00000000 0.00000000 0.00000000 0.00000000 0.00000000 0.00000000 0.00000000 0.00000000 0.00000000 0.00000000 0.00000000 0.00000000 0.00000000 0.00000000 0.00000000 0.00000000 0.00000000 0.00000000 0.00000000 0.00000000 0.00000000 0.00000000 0.00000000 0.00000000 0.00000000 0.00000000 0.00000000 0.00000000 0.00000000 0.00000000 0.00000000 0.00000000 0.00000000 0.00000000 0.00000000 0.00000000 0.00000000 0.00000000 0.00000000 0.00000000 0.00000000 265.66411495 735.07360545 1002.18406496 473.76213063 472.05403796 -349.67138296 -373.34806506 336.11506370 297.46353023 884.46800258 214.79216103 -227.28549459 119.66358423 -2.61512432 126.11668807 407.77864928 479.64619301 -22.74691902 -116.07902895 -424.30264391 -87.19523439 452.95973649 246.78144289 16.45996178 -907.39600047 201.53590087 -67.77477184 594.45449144 987.72357970 -5.02290685 -23.20283809 -69.91185215 -220.83070191 -488.33750192 -19.34999101 -760.29230577 -10.17437832 249.01528502 74.26494548 205.79858727 478.09582039 -121.73405466 -687.01296359 145.39260828
0.00000000 0.00000000 0.00000000 0.00000000 0.00000000 0.00000000 0.00000000 0.00000000 0.00000000 0.00000000 0.00000000 0.00000000 0.00000000 0.00000000 0.00000000 0.00000000 0.00000000 0.00000000 0.00000000 0.00000000 0.00000000 0.00000000 0.00000000 0.00000000 0.00000000 0.00000000 0.00000000 0.00000000 0.00000000 0.00000000 0.00000000 0.00000000 0.00000000 0.00000000 0.00000000 0.00000000 0.00000000 0.00000000 0.00000000 0.00000000 0.00000000 0.00000000 0.00000000 0.00000000 0.00000000 0.00000000 0.00000000 0.00000000 0.00000000 0.00000000 0.00000000 0.00000000 0.00000000 0.00000000 0.00000000 0.00000000 0.00000000 1171.66809945 1034.03898735 157.48059841 560.82633861 -118.71268773 -292.88489124 -60.70076550 303.26144794 558.20211691 597.11797672 -173.64662138 566.76088390 8.08782035 131.22495964 619.63255368 827.58889764 49.67379760 105.01308670 -459.86532854 86.20446357 277.04281915 515.02551776 47.12547416 -998.55675648 362.40158364 120.06602226 670.81162715 1053.62299878 396.53273480 279.14011505 -413.04969848 97.51974271 -46.73731061 -121.77456696 -514.25784866 77.12432167 7.09437803 -71.35022126 672.32042581 614.50003794 -568.01306224 -251.09951947 -188.84134094
0.00000000 0.00000000 0.00000000 0.00000000 0.00000000 0.00000000 0.00000000 0.00000000 0.00000000 0.00000000 0.00000000 0.00000000 0.00000000 0.00000000 0.00000000 0.00000000 0.00000000 0.00000000 0.00000000 0.00000000 0.00000000 0.00000000 0.00000000 0.00000000 0.00000000 0.00000000 0.00000000 0.00000000 0.00000000 0.00000000 0.00000000 0.00000000 0.00000000 0.00000000 0.00000000 0.00000000 0.00000000 0.00000000 0.00000000 0.00000000 0.00000000 0.00000000 0.00000000 0.00000000 0.00000000 0.00000000 0.00000000 0.00000000 0.00000000 0.00000000 0.00000000 0.00000000 0.00000000 0.00000000 0.00000000 0.00000000 0.00000000 0.00000000 27.72833376 205.80966869 -74.92651640 -140.72257665 210.93817948 -2.70925118 26.79643564 96.86087049 81.85423053 115.47118164 -46.66358534 125.91014916 -263.18127025 -242.61213292 -158.19239630 -57.61583936 -69.30561977 -171.54520916 66.90890300 36.56975266 -64.81990039 -11.74194930 35.92078695 -160.04059137 -256.91133721 103.83244553 -51.13611625 -33.95576025 -31.03427742 -52.28585411 47.14055119 -13.61953022 59.81807243 -201.13140755 11.25463982 -81.09227537 160.66595627 -111.19434053 -36.81784963 146.54648687 -85.23222528 172.24360448
0.00000000 0.00000000 0.00000000 0.00000000 0.00000000 0.00000000 0.00000000 0.00000000 0.00000000 0.00000000 0.00000000 0.00000000 0.00000000 0.00000000 0.00000000 0.00000000 0.00000000 0.00000000 0.00000000 0.00000000 0.00000000 0.00000000 0.00000000 0.00000000 0.00000000 0.00000000 0.00000000 0.00000000 0.00000000 0.00000000 0.00000000 0.00000000 0.00000000 0.00000000 0.00000000 0.00000000 0.00000000 0.00000000 0.00000000 0.00000000 0.00000000 0.00000000 0.00000000 0.00000000 0.00000000 0.00000000 0.00000000 0.00000000 0.00000000 0.00000000 0.00000000 0.00000000 0.00000000 0.00000000 0.00000000 0.00000000 0.00000000 0.00000000 0.00000000 -440.26996268 436.65835339 527.57738851 312.64187872 -24.45510579 91.01515923 -762.30004879 333.01330748 248.84325430 722.04786300 370.47374300 423.04328630 345.34283934 537.97385891 260.85305315 275.18771627 -68.61793319 630.79906953 -56.11540243 499.50112303 -478.04946987 128.12473781 331.29593418 404.64007984 -196.81965077 -429.36860088 752.85476218 711.89992750 -296.08071272 25.16711048 595.32037959 -33.95023362 469.46881039 -132.08631754 -133.03984020 -320.24645620 395.84792679 178.30453299 -844.85724316 804.30176277 -374.73209114
0.00000000 0.00000000 0.00000000 0.00000000 0.00000000 0.00000000 0.00000000 0.00000000 0.00000000 0.00000000 0.00000000 0.00000000 0.00000000 0.00000000 0.00000000 0.00000000 0.00000000 0.00000000 0.00000000 0.00000000 0.00000000 0.00000000 0.00000000 0.00000000 0.00000000 0.00000000 0.00000000 0.00000000 0.00000000 0.00000000 0.00000000 0.00000000 0.00000000 0.00000000 0.00000000 0.00000000 0.00000000 0.00000000 0.00000000 0.00000000 0.00000000 0.00000000 0.00000000 0.00000000 0.00000000 0.00000000 0.00000000 0.00000000 0.00000000 0.00000000 0.00000000 0.00000000 0.00000000 0.00000000 0.00000000 0.00000000 0.00000000 0.00000000 0.00000000 0.00000000 -328.85239028 -317.14950425 -1297.76732438 95.96324857 -167.07963979 859.06613247 -723.12659847 -964.86553472 -906.06710215 -1029.94663161 483.06938494 439.52541747 -153.86482708 -297.86516438 -184.95121443 700.42986955 -1118.23682820 -65.80039246 -502.95123331 887.11316965 -420.47526959 135.47282504 273.66088970 -39.39560368 1012.88816612 -1091.52328048 -956.98824622 893.98567784 -450.76567845 -859.58875938 -52.46691428 30.48738160 171.54877967 493.70716851 -116.91622631 -77.76463989 -99.82888576 757.14756105 -1045.84925144 58.55469472
0.00000000 0.00000000 0.00000000 0.00000000 0.00000000 0.00000000 0.00000000 0.00000000 0.00000000 0.00000000 0.00000000 0.00000000 0.00000000 0.00000000 0.00000000 0.00000000 0.00000000 0.00000000 0.00000000 0.00000000 0.00000000 0.00000000 0.00000000 0.00000000 0.00000000 0.00000000 0.00000000 0.00000000 0.00000000 0.00000000 0.00000000 0.00000000 0.00000000 0.00000000 0.00000000 0.00000000 0.00000000 0.00000000 0.00000000 0.00000000 0.00000000 0.00000000 0.00000000 0.00000000 0.00000000 0.00000000 0.00000000 0.00000000 0.00000000 0.00000000 0.00000000 0.00000000 0.00000000 0.00000000 0.00000000 0.00000000 0.00000000 0.00000000 0.00000000 0.00000000 0.00000000 -536.75740331 -1564.39456502 332.28258163 -145.47849607 845.59190610 -833.71428212 -1558.08635173 -1185.13943298 -1074.81979811 544.94302201 652.11315188 -230.61295084 -78.09863257 -271.04305233 946.65616306 -1317.01880393 -191.36046740 -712.25527124 1329.73080565 -594.82526053 273.68199502 597.80625722 -96.57688958 1105.80725542 -1691.08891622 -1215.98673818 1149.19121468 -873.08263011 -1170.67775213 176.01206829 141.38827146 588.05196075 484.81252210 -217.12367744 238.49774744 -244.94028912 817.85191230 -1330.79932738 75.23412201
0.00000000 0.00000000 0.00000000 0.00000000 0.00000000 0.00000000 0.00000000 0.00000000 0.00000000 0.00000000 0.00000000 0.00000000 0.00000000 0.00000000 0.00000000 0.00000000 0.00000000 0.00000000 0.00000000 0.00000000 0.00000000 0.00000000 0.00000000 0.00000000 0.00000000 0.00000000 0.00000000 0.00000000 0.00000000 0.00000000 0.00000000 0.00000000 0.00000000 0.00000000 0.00000000 0.00000000 0.00000000 0.00000000 0.00000000 0.00000000 0.00000000 0.00000000 0.00000000 0.00000000 0.00000000 0.00000000 0.00000000 0.00000000 0.00000000 0.00000000 0.00000000 0.00000000 0.00000000 0.00000000 0.00000000 0.00000000 0.00000000 0.00000000 0.00000000 0.00000000 0.00000000 0.00000000 530.51418940 122.33324786 31.43100614 179.26656175 173.65388022 658.82729797 456.00855894 357.23250684 -371.67152860 -481.32117970 37.19009330 21.78449050 -37.59445711 -288.63013199 454.56007193 139.96625617 303.58565781 -136.45720479 11.21836893 -81.39813173 -254.74751489 133.88707725 -272.41971291 449.01458691 388.37561430 -434.07212497 324.57480368 432.12363509 -162.89767407 -333.40385699 -80.55164563 153.08376645 183.20411130 -238.88618944 200.79258084 -253.44034379 417.92945206 10.60448725
0.00000000 0.00000000 0.00000000 0.00000000 0.00000000 0.00000000 0.00000000 0.00000000 0.00000000 0.00000000 0.00000000 0.00000000 0.00000000 0.00000000 0.00000000 0.00000000 0.00000000 0.00000000 0.00000000 0.00000000 0.00000000 0.00000000 0.00000000 0.00000000 0.00000000 0.00000000 0.00000000 0.00000000 0.00000000 0.00000000 0.00000000 0.00000000 0.00000000 0.00000000 0.00000000 0.00000000 0.00000000 0.00000000 0.00000000 0.00000000 0.00000000 0.00000000 0.00000000 0.00000000 0.00000000 0.00000000 0.00000000 0.00000000 0.00000000 0.00000000 0.00000000 0.00000000 0.00000000 0.00000000 0.00000000 0.00000000 0.00000000 0.00000000 0.00000000 0.00000000 0.00000000 0.00000000 0.00000000 -22.60879108 -5.86135104 -363.28194460 -85.59240236 18.04901026 -132.60737686 12.69155348 -135.51830523 143.12612198 -109.95861132 211.46581313 -16.58967675 9.01665054 -155.68939579 -27.98535970 -166.62031098 -339.90674767 213.02160914 102.05957208 265.94595163 -4.16549825 -261.52923475 56.38511426 -32.03418919 -352.81889312 225.56533695 -197.38400634 -9.80375178 140.99422635 116.68411229 -107.36911205 -156.66020484 -63.22563284 -90.78655300 51.80613283 84.80285272 -134.41098584
0.00000000 0.00000000 0.00000000 0.00000000 0.00000000 0.00000000 0.00000000 0.00000000 0.00000000 0.00000000 0.00000000 0.00000000 0.00000000 0.00000000 0.00000000 0.00000000 0.00000000 0.00000000 0.00000000 0.00000000 0.00000000 0.00000000 0.00000000 0.00000000 0.00000000 0.00000000 0.00000000 0.00000000 0.00000000 0.00000000 0.00000000 0.00000000 0.00000000 0.00000000 0.00000000 0.00000000 0.00000000 0.00000000 0.00000000 0.00000000 0.00000000 0.00000000 0.00000000 0.00000000 0.00000000 0.00000000 0.00000000 0.00000000 0.00000000 0.00000000 0.00000000 0.00000000 0.00000000 0.00000000 0.00000000 0.00000000 0.00000000 0.00000000 0.00000000 0.00000000 0.00000000 0.00000000 0.00000000 0.00000000 -30.54080731 -1403.10468107 -501.94653188 285.93351189 -482.38456781 62.67596508 -782.33086800 628.40588872 -468.72594958 984.20908427 -239.96257879 25.21110005 -670.20735169 -39.77701036 -696.84821942 -1409.50733317 902.21900406 626.27983984 1298.31212190 104.03661459 -1203.13541565 296.51366984 8.61604382 -1747.68804768 1161.71379966 -784.74345683 -247.79312320 697.46267794 568.68239865 74.92109540 -896.24012383 -441.61704929 -340.52606488 194.13945642 603.81113053 -749.62863432
0.00000000 0.00000000 0.00000000 0.00000000 0.00000000 0.00000000 0.00000000 0.00000000 0.00000000 0.00000000 0.00000000 0.00000000 0.00000000 0.00000000 0.00000000 0.00000000 0.00000000 0.00000000 0.00000000 0.00000000 0.00000000 0.00000000 0.00000000 0.00000000 0.00000000 0.00000000 0.00000000 0.00000000 0.00000000 0.00000000 0.00000000 0.00000000 0.00000000 0.00000000 0.00000000 0.00000000 0.00000000 0.00000000 0.00000000 0.00000000 0.00000000 0.00000000 0.00000000 0.00000000 0.00000000 0.00000000 0.00000000 0.00000000 0.00000000 0.00000000 0.00000000 0.00000000 0.00000000 0.00000000 0.00000000 0.00000000 0.00000000 0.00000000 0.00000000 0.00000000 0.00000000 0.00000000 0.00000000 0.00000000 0.00000000 -1800.83821481 -693.91222719 358.22866041 -751.17655819 -34.96030269 -1180.57041027 830.68436582 -659.68130846 1217.05554110 -380.74084886 -39.03024451 -865.17383301 -4.23981666 -1020.85456819 -1944.15662233 1275.43003100 737.91853174 1546.91130334 112.99400692 -1554.15829954 390.32801333 -12.82587085 -2322.67621996 1612.36737218 -1058.17764426 -307.38671173 921.22391223 726.71109260 105.01465109 -1151.92118823 -589.09942277 -608.56178431 341.29273062 610.76409811 -968.97133494
0.00000000 0.00000000 0.00000000 0.00000000 0.00000000 0.00000000 0.00000000 0.00000000 0.00000000 0.00000000 0.00000000 0.00000000 0.00000000 0.00000000 0.00000000 0.00000000 0.00000000 0.00000000 0.00000000 0.00000000 0.00000000 0.00000000 0.00000000 0.00000000 0.00000000 0.00000000 0.00000000 0.00000000 0.00000000 0.00000000 0.00000000 0.00000000 0.00000000 0.00000000 0.00000000 0.00000000 0.00000000 0.00000000 0.00000000 0.00000000 0.00000000 0.00000000 0.00000000 0.00000000 0.00000000 0.00000000 0.00000000 0.00000000 0.00000000 0.00000000 0.00000000 0.00000000 0.00000000 0.00000000 0.00000000 0.00000000 0.00000000 0.00000000 0.00000000 0.00000000 0.00000000 0.00000000 0.00000000 0.00000000 0.00000000 0.00000000 669.38645265 -330.34656671 862.46728926 642.12540324 1381.08066321 -129.18562662 576.51351397 99.44111716 547.58491081 404.38058141 365.37400649 -367.00300763 848.11505931 960.00352633 -787.43902230 435.96264504 550.16509941 38.58615766 319.83817136 42.10864955 127.05345277 937.16959786 -1170.64883230 269.01189391 292.60788663 -283.49324846 22.02577973 -458.82763872 92.38181601 505.95528754 1063.94784240 -531.82239523 650.64523487 328.02504911
0.00000000 0.00000000 0.00000000 0.00000000 0.00000000 0.00000000 0.00000000 0.00000000 0.00000000 0.00000000 0.00000000 0.00000000 0.00000000 0.00000000 0.00000000 0.00000000 0.00000000 0.00000000 0.00000000 0.00000000 0.00000000 0.00000000 0.00000000 0.00000000 0.00000000 0.00000000 0.00000000 0.00000000 0.00000000 0.00000000 0.00000000 0.00000000 0.00000000 0.00000000 0.00000000 0.00000000 0.00000000 0.00000000 0.00000000 0.00000000 0.00000000 0.00000000 0.00000000 0.00000000 0.00000000 0.00000000 0.00000000 0.00000000 0.00000000 0.00000000 0.00000000 0.00000000 0.00000000 0.00000000 0.00000000 0.00000000 0.00000000 0.00000000 0.00000000 0.00000000 0.00000000 0.00000000 0.00000000 0.00000000 0.00000000 0.00000000 0.00000000 -249.49236022 -423.01229833 -329.28414170 84.15329570 -58.45924487 -79.84315852 -200.25330648 195.26919628 -49.87099737 -72.58780977 52.75706707 -255.12229536 -151.64368535 85.12978927 -557.29697163 -548.98479919 -361.95368825 343.46736915 -90.59539671 -327.04240742 240.06179818 14.75523725 -288.95554109 403.34961397 -410.96258594 -170.07243354 -916.66850230 609.82626537 265.33900391 -210.64476964 113.24440510 -906.25424874 413.92146726
0.00000000 0.00000000 0.00000000 0.00000000 0.00000000 0.00000000 0.00000000 0.00000000 0.00000000 0.00000000 0.00000000 0.00000000 0.00000000 0.00000000 0.00000000 0.00000000 0.00000000 0.00000000 0.00000000 0.00000000 0.00000000 0.00000000 0.00000000 0.00000000 0.00000000 0.00000000 0.00000000 0.00000000 0.00000000 0.00000000 0.00000000 0.00000000 0.00000000 0.00000000 0.00000000 0.00000000 0.00000000 0.00000000 0.00000000 0.00000000 0.00000000 0.00000000 0.00000000 0.00000000 0.00000000 0.00000000 0.00000000 0.00000000 0.00000000 0.00000000 0.00000000 0.00000000 0.00000000 0.00000000 0.00000000 0.00000000 0.00000000 0.00000000 0.00000000 0.00000000 0.00000000 0.00000000 0.00000000 0.00000000 0.00000000 0.00000000 0.00000000 0.00000000 41.38183847 -14.15167239 266.73258559 23.30437042 41.80769690 -46.48431396 -48.45427810 57.48239923 -76.53134141 -100.08981237 174.81339625 300.01059671 -273.05000341 241.35825391 84.81249831 80.48326788 129.81015636 -126.47163214 -11.13082605 197.94651628 -200.92694042 -63.19047133 -41.79090198 -16.48559924 67.84908719 57.95667222 1.84770916 86.26646956 200.63370751 2.90380381 102.66092798 137.27629647
0.00000000 0.00000000 0.00000000 0.00000000 0.00000000 0.00000000 0.00000000 0.00000000 0.00000000 0.00000000 0.00000000 0.00000000 0.00000000 0.00000000 0.00000000 0.00000000 0.00000000 0.00000000 0.00000000 0.00000000 0.00000000 0.00000000 0.00000000 0.00000000 0.00000000 0.00000000 0.00000000 0.00000000 0.00000000 0.00000000 0.00000000 0.00000000 0.00000000 0.00000000 0.00000000 0.00000000 0.00000000 0.00000000 0.00000000 0.00000000 0.00000000 0.00000000 0.00000000 0.00000000 0.00000000 0.00000000 0.00000000 0.00000000 0.00000000 0.00000000 0.00000000 0.00000000 0.00000000 0.00000000 0.00000000 0.00000000 0.00000000 0.00000000 0.00000000 0.00000000 0.00000000 0.00000000 0.00000000 0.00000000 0.00000000 0.00000000 0.00000000 0.00000000 0.00000000 -266.15320007 1113.72159159 389.45444633 177.29895109 -8.49227399 -334.98575143 370.90650216 -536.57573178 -514.84773227 691.48770103 1827.79085703 -1285.73883996 1369.98655201 531.91674879 351.50358059 844.90888090 -638.22369160 -20.24367305 822.79965196 -770.75721863 -637.42692060 -39.01191161 -124.72052395 494.81888505 394.25870649 -197.48109104 526.45085918 1089.88719180 -15.14715835 275.35797206 649.34473180
0.00000000 0.00000000 0.00000000 0.00000000 0.00000000 0.00000000 0.00000000 0.00000000 0.00000000 0.00000000 0.00000000 0.00000000 0.00000000 0.00000000 0.00000000 0.00000000 0.00000000 0.00000000 0.00000000 0.00000000 0.00000000 0.00000000 0.00000000 0.00000000 0.00000000 0.00000000 0.00000000 0.00000000 0.00000000 0.00000000 0.00000000 0.00000000 0.00000000 0.00000000 0.00000000 0.00000000 0.00000000 0.00000000 0.00000000 0.00000000 0.00000000 0.00000000 0.00000000 0.00000000 0.00000000 0.00000000 0.00000000 0.00000000 0.00000000 0.00000000 0.00000000 0.00000000 0.00000000 0.00000000 0.00000000 0.00000000 0.00000000 0.00000000 0.00000000 0.00000000 0.00000000 0.00000000 0.00000000 0.00000000 0.00000000 0.00000000 0.00000000 0.00000000 0.00000000 0.00000000 -1159.82720009 489.11852960 -34.26798314 682.40060023 -135.63805414 -78.28599235 129.79855282 333.33833096 -690.94960766 -525.50737046 1103.25404234 -98.37279009 407.96515586 -132.20310987 -375.03886821 637.32844639 389.17129627 -1087.30298911 1021.34045137 -51.41808125 169.76108614 404.33412301 45.15886464 624.56997955 -760.48129031 -323.35488625 -364.91892074 -268.47373872 -29.46547919 -874.77018777
0.00000000 0.00000000 0.00000000 0.00000000 0.00000000 0.00000000 0.00000000 0.00000000 0.00000000 0.00000000 0.00000000 0.00000000 0.00000000 0.00000000 0.00000000 0.00000000 0.00000000 0.00000000 0.00000000 0.00000000 0.00000000 0.00000000 0.00000000 0.00000000 0.00000000 0.00000000 0.00000000 0.00000000 0.00000000 0.00000000 0.00000000 0.00000000 0.00000000 0.00000000 0.00000000 0.00000000 0.00000000 0.00000000 0.00000000 0.00000000 0.00000000 0.00000000 0.00000000 0.00000000 0.00000000 0.00000000 0.00000000 0.00000000 0.00000000 0.00000000 0.00000000 0.00000000 0.00000000 0.00000000 0.00000000 0.00000000 0.00000000 0.00000000 0.00000000 0.00000000 0.00000000 0.00000000 0.00000000 0.00000000 0.00000000 0.00000000 0.00000000 0.00000000 0.00000000 0.00000000 0.00000000 -632.63168654 -76.31606774 -639.57310787 278.96291944 -347.98810594 324.50906441 -6.51899697 87.68179203 -1248.05782413 161.59095660 -824.99466497 -762.09809421 -35.95356313 -350.69814686 10.07742036 -274.64028749 211.26572818 -256.54170317 587.41646585 -274.64074544 -140.55805052 -494.41070161 -799.77616472 800.51877649 -116.45546419 -741.39413754 462.22226495 -198.79144579 302.38503083
0.00000000 0.00000000 0.00000000 0.00000000 0.00000000 0.00000000 0.00000000 0.00000000 0.00000000 0.00000000 0.00000000 0.00000000 0.00000000 0.00000000 0.00000000 0.00000000 0.00000000 0.00000000 0.00000000 0.00000000 0.00000000 0.00000000 0.00000000 0.00000000 0.00000000 0.00000000 0.00000000 0.00000000 0.00000000 0.00000000 0.00000000 0.00000000 0.00000000 0.00000000 0.00000000 0.00000000 0.00000000 0.00000000 0.00000000 0.00000000 0.00000000 0.00000000 0.00000000 0.00000000 0.00000000 0.00000000 0.00000000 0.00000000 0.00000000 0.00000000 0.00000000 0.00000000 0.00000000 0.00000000 0.00000000 0.00000000 0.00000000 0.00000000 0.00000000 0.00000000 0.00000000 0.00000000 0.00000000 0.00000000 0.00000000 0.00000000 0.00000000 0.00000000 0.00000000 0.00000000 0.00000000 0.00000000 168.10412596 219.79313678 -108.00896409 102.29586770 -97.46813783 -277.14074654 49.46021615 325.00906719 -388.28720612 413.96761190 457.41881218 74.89276006 173.93142703 -23.89922586 35.92088697 86.11813450 -183.06861764 -67.07785845 -23.19594217 83.28868698 308.99233414 169.49239457 -469.00476578 260.15323219 237.15978437 183.71415933 159.62925069 22.49534902
0.00000000 0.00000000 0.00000000 0.00000000 0.00000000 0.00000000 0.00000000 0.00000000 0.00000000 0.00000000 0.00000000 0.00000000 0.00000000 0.00000000 0.00000000 0.00000000 0.00000000 0.00000000 0.00000000 0.00000000 0.00000000 0.00000000 0.00000000 0.00000000 0.00000000 0.00000000 0.00000000 0.00000000 0.00000000 0.00000000 0.00000000 0.00000000 0.00000000 0.00000000 0.00000000 0.00000000 0.00000000 0.00000000 0.00000000 0.00000000 0.00000000 0.00000000 0.00000000 0.00000000 0.00000000 0.00000000 0.00000000 0.00000000 0.00000000 0.00000000 0.00000000 0.00000000 0.00000000 0.00000000 0.00000000 0.00000000 0.00000000 0.00000000 0.00000000 0.00000000 0.00000000 0.00000000 0.00000000 0.00000000 0.00000000 0.00000000 0.00000000 0.00000000 0.00000000 0.00000000 0.00000000 0.00000000 0.00000000 163.73233700 -12.23475992 134.43099042 102.08076879 177.72455073 -321.87232732 65.57448579 201.79942110 -268.05442522 -30.07718357 -192.15682856 160.33326891 286.70517816 123.52105185 -138.60602305 354.92421599 -113.73691964 387.64363553 -201.75496238 14.45099857 -78.45650065 -137.00563635 -225.80451378 174.63906228 -414.37307185 -296.26131605 -213.08720254
0.00000000 0.00000000 0.00000000 0.00000000 0.00000000 0.00000000 0.00000000 0.00000000 0.00000000 0.00000000 0.00000000 0.00000000 0.00000000 0.00000000 0.00000000 0.00000000 0.00000000 0.00000000 0.00000000 0.00000000 0.00000000 0.00000000 0.00000000 0.00000000 0.00000000 0.00000000 0.00000000 0.00000000 0.00000000 0.00000000 0.00000000 0.00000000 0.00000000 0.00000000 0.00000000 0.00000000 0.00000000 0.00000000 0.00000000 0.00000000 0.00000000 0.00000000 0.00000000 0.00000000 0.00000000 0.00000000 0.00000000 0.00000000 0.00000000 0.00000000 0.00000000 0.00000000 0.00000000 0.00000000 0.00000000 0.00000000 0.00000000 0.00000000 0.00000000 0.00000000 0.00000000 0.00000000 0.00000000 0.00000000 0.00000000 0.00000000 0.00000000 0.00000000 0.00000000 0.00000000 0.00000000 0.00000000 0.00000000 0.00000000 159.54587571 -34.73012930 191.85101625 373.32593384 -452.09104242 17.43965758 627.67710695 -946.63337326 -430.67909548 -407.43476746 202.05749864 461.76798845 234.59009185 -101.90158717 638.25846855 65.34111955 695.57403128 -311.06385492 -358.47015348 -72.90858339 50.32616600 -519.66533671 282.01431275 -968.17658739 -569.29317551 -525.86020613
0.00000000 0.00000000 0.00000000 0.00000000 0.00000000 0.00000000 0.00000000 0.00000000 0.00000000 0.00000000 0.00000000 0.00000000 0.00000000 0.00000000 0.00000000 0.00000000 0.00000000 0.00000000 0.00000000 0.00000000 0.00000000 0.00000000 0.00000000 0.00000000 0.00000000 0.00000000 0.00000000 0.00000000 0.00000000 0.00000000 0.00000000 0.00000000 0.00000000 0.00000000 0.00000000 0.00000000 0.00000000 0.00000000 0.00000000 0.00000000 0.00000000 0.00000000 0.00000000 0.00000000 0.00000000 0.00000000 0.00000000 0.00000000 0.00000000 0.00000000 0.00000000 0.00000000 0.00000000 0.00000000 0.00000000 0.00000000 0.00000000 0.00000000 0.00000000 0.00000000 0.00000000 0.00000000 0.00000000 0.00000000 0.00000000 0.00000000 0.00000000 0.00000000 0.00000000 0.00000000 0.00000000 0.00000000 0.00000000 0.00000000 0.00000000 6.96716946 155.19914311 193.89777263 -580.29551266 317.87044074 479.51650228 -969.13258335 -316.11896397 -553.01329444 456.63068129 450.05873334 250.97692705 14.39745188 567.57828240 123.72017389 971.64459766 -321.52178965 -17.86647245 -281.78440489 -107.34062263 -529.36367866 468.27937806 -1046.68053588 -840.22035863 -583.89259571
0.00000000 0.00000000 0.00000000 0.00000000 0.00000000 0.00000000 0.00000000 0.00000000 0.00000000 0.00000000 0.00000000 0.00000000 0.00000000 0.00000000 0.00000000 0.00000000 0.00000000 0.00000000 0.00000000 0.00000000 0.00000000 0.00000000 0.00000000 0.00000000 0.00000000 0.00000000 0.00000000 0.00000000 0.00000000 0.00000000 0.00000000 0.00000000 0.00000000 0.00000000 0.00000000 0.00000000 0.00000000 0.00000000 0.00000000 0.00000000 0.00000000 0.00000000 0.00000000 0.00000000 0.00000000 0.00000000 0.00000000 0.00000000 0.00000000 0.00000000 0.00000000 0.00000000 0.00000000 0.00000000 0.00000000 0.00000000 0.00000000 0.00000000 0.00000000 0.00000000 0.00000000 0.00000000 0.00000000 0.00000000 0.00000000 0.00000000 0.00000000 0.00000000 0.00000000 0.00000000 0.00000000 0.00000000 0.00000000 0.00000000 0.00000000 0.00000000 -3786.52378225 -5067.49586940 14214.69167819 -7822.41412467 -11825.53468636 23852.42170184 7999.39386166 13653.24707872 -11294.31993144 -10924.81847834 -6205.25387728 -536.82020212 -13780.08227034 -3067.30893977 -23860.79341295 7854.23017546 584.80568342 6816.30221588 2548.95651469 12948.21597586 -11389.36343760 25818.22615052 20690.53118305 14326.76343488
0.00000000 0.00000000 0.00000000 0.00000000 0.00000000 0.00000000 0.00000000 0.00000000 0.00000000 0.00000000 0.00000000 0.00000000 0.00000000 0.00000000 0.00000000 0.00000000 0.00000000 0.00000000 0.00000000 0.00000000 0.00000000 0.00000000 0.00000000 0.00000000 0.00000000 0.00000000 0.00000000 0.00000000 0.00000000 0.00000000 0.00000000 0.00000000 0.00000000 0.00000000 0.00000000 0.00000000 0.00000000 0.00000000 0.00000000 0.00000000 0.00000000 0.00000000 0.00000000 0.00000000 0.00000000 0.00000000 0.00000000 0.00000000 0.00000000 0.00000000 0.00000000 0.00000000 0.00000000 0.00000000 0.00000000 0.00000000 0.00000000 0.00000000 0.00000000 0.00000000 0.00000000 0.00000000 0.00000000 0.00000000 0.00000000 0.00000000 0.00000000 0.00000000 0.00000000 0.00000000 0.00000000 0.00000000 0.00000000 0.00000000 0.00000000 0.00000000 0.00000000 -183.63780604 918.42123637 -497.23005563 -414.90114228 1152.18263621 403.27360236 837.92402970 -829.85965838 -417.29412148 -256.35156785 -56.44884606 -618.66038173 -239.24205029 -1322.80071024 363.30941448 -218.34308357 627.96702071 164.83191203 508.73426277 -614.98353159 1205.72447170 1256.81872694 874.36741233
0.00000000 0.00000000 0.00000000 0.00000000 0.00000000 0.00000000 0.00000000 0.00000000 0.00000000 0.00000000 0.00000000 0.00000000 0.00000000 0.00000000 0.00000000 0.00000000 0.00000000 0.00000000 0.00000000 0.00000000 0.00000000 0.00000000 0.00000000 0.00000000 0.00000000 0.00000000 0.00000000 0.00000000 0.00000000 0.00000000 0.00000000 0.00000000 0.00000000 0.00000000 0.00000000 0.00000000 0.00000000 0.00000000 0.00000000 0.00000000 0.00000000 0.00000000 0.00000000 0.00000000 0.00000000 0.00000000 0.00000000 0.00000000 0.00000000 0.00000000 0.00000000 0.00000000 0.00000000 0.00000000 0.00000000 0.00000000 0.00000000 0.00000000 0.00000000 0.00000000 0.00000000 0.00000000 0.00000000 0.00000000 0.00000000 0.00000000 0.00000000 0.00000000 0.00000000 0.00000000 0.00000000 0.00000000 0.00000000 0.00000000 0.00000000 0.00000000 0.00000000 0.00000000 705.17436858 -526.17495953 -633.31752827 974.03459354 61.03797544 586.22454408 -648.79869491 -753.63309393 -353.80346130 201.13175301 -1037.02215137 -115.58372481 -1230.10691863 374.40068917 -77.71430241 185.01504389 384.84370561 634.35075257 -918.79857352 1153.06365476 918.83259412 930.65850183
0.00000000 0.00000000 0.00000000 0.00000000 0.00000000 0.00000000 0.00000000 0.00000000 0.00000000 0.00000000 0.00000000 0.00000000 0.00000000 0.00000000 0.00000000 0.00000000 0.00000000 0.00000000 0.00000000 0.00000000 0.00000000 0.00000000 0.00000000 0.00000000 0.00000000 0.00000000 0.00000000 0.00000000 0.00000000 0.00000000 0.00000000 0.00000000 0.00000000 0.00000000 0.00000000 0.00000000 0.00000000 0.00000000 0.00000000 0.00000000 0.00000000 0.00000000 0.00000000 0.00000000 0.00000000 0.00000000 0.00000000 0.00000000 0.00000000 0.00000000 0.00000000 0.00000000 0.00000000 0.00000000 0.00000000 0.00000000 0.00000000 0.00000000 0.00000000 0.00000000 0.00000000 0.00000000 0.00000000 0.00000000 0.00000000 0.00000000 0.00000000 0.00000000 0.00000000 0.00000000 0.00000000 0.00000000 0.00000000 0.00000000 0.00000000 0.00000000 0.00000000 0.00000000 0.00000000 1.97066697 183.70628485 -250.56086734 -8.57446489 -74.12757570 156.40457513 150.58257710 63.52074843 -102.34978035 266.41913475 79.04323947 116.00269636 -103.76811909 -64.30689107 -30.27648797 -65.68089861 -191.45451124 255.07084558 -199.56957756 -96.87486115 -182.14815529
0.00000000 0.00000000 0.00000000 0.00000000 0.00000000 0.00000000 0.00000000 0.00000000 0.00000000 0.00000000 0.00000000 0.00000000 0.00000000 0.00000000 0.00000000 0.00000000 0.00000000 0.00000000 0.00000000 0.00000000 0.00000000 0.00000000 0.00000000 0.00000000 0.00000000 0.00000000 0.00000000 0.00000000 0.00000000 0.00000000 0.00000000 0.00000000 0.00000000 0.00000000 0.00000000 0.00000000 0.00000000 0.00000000 0.00000000 0.00000000 0.00000000 0.00000000 0.00000000 0.00000000 0.00000000 0.00000000 0.00000000 0.00000000 0.00000000 0.00000000 0.00000000 0.00000000 0.00000000 0.00000000 0.00000000 0.00000000 0.00000000 0.00000000 0.00000000 0.00000000 0.00000000 0.00000000 0.00000000 0.00000000 0.00000000 0.00000000 0.00000000 0.00000000 0.00000000 0.00000000 0.00000000 0.00000000 0.00000000 0.00000000 0.00000000 0.00000000 0.00000000 0.00000000 0.00000000 0.00000000 -27564.73998998 36753.98500513 1123.81395133 10721.25025524 -22714.32725514 -22817.05448634 -9408.81227942 15281.80128532 -39878.17239297 -11397.92850405 -17097.01273492 15390.88277161 9799.57030207 4203.98095030 9588.87748994 28355.63874078 -37658.60941718 29403.15837443 14199.00698918 26771.13532220
0.00000000 0.00000000 0.00000000 0.00000000 0.00000000 0.00000000 0.00000000 0.00000000 0.00000000 0.00000000 0.00000000 0.00000000 0.00000000 0.00000000 0.00000000 0.00000000 0.00000000 0.00000000 0.00000000 0.00000000 0.00000000 0.00000000 0.00000000 0.00000000 0.00000000 0.00000000 0.00000000 0.00000000 0.00000000 0.00000000 0.00000000 0.00000000 0.00000000 0.00000000 0.00000000 0.00000000 0.00000000 0.00000000 0.00000000 0.00000000 0.00000000 0.00000000 0.00000000 0.00000000 0.00000000 0.00000000 0.00000000 0.00000000 0.00000000 0.00000000 0.00000000 0.00000000 0.00000000 0.00000000 0.00000000 0.00000000 0.00000000 0.00000000 0.00000000 0.00000000 0.00000000 0.00000000 0.00000000 0.00000000 0.00000000 0.00000000 0.00000000 0.00000000 0.00000000 0.00000000 0.00000000 0.00000000 0.00000000 0.00000000 0.00000000 0.00000000 0.00000000 0.00000000 0.00000000 0.00000000 0.00000000 1263.26344822 570.13890163 426.69232478 -874.11719386 145.55067891 -141.74751710 -41.82999979 -14.49763471 -637.80914688 -400.52852360 526.12080407 12.22539404 709.82203487 68.13466229 564.94837430 -505.44434811 756.39276269 667.85098120 618.45727162
0.00000000 0.00000000 0.00000000 0.00000000 0.00000000 0.00000000 0.00000000 0.00000000 0.00000000 0.00000000 0.00000000 0.00000000 0.00000000 0.00000000 0.00000000 0.00000000 0.00000000 0.00000000 0.00000000 0.00000000 0.00000000 0.00000000 0.00000000 0.00000000 0.00000000 0.00000000 0.00000000 0.00000000 0.00000000 0.00000000 0.00000000 0.00000000 0.00000000 0.00000000 0.00000000 0.00000000 0.00000000 0.00000000 0.00000000 0.00000000 0.00000000 0.00000000 0.00000000 0.00000000 0.00000000 0.00000000 0.00000000 0.00000000 0.00000000 0.00000000 0.00000000 0.00000000 0.00000000 0.00000000 0.00000000 0.00000000 0.00000000 0.00000000 0.00000000 0.00000000 0.00000000 0.00000000 0.00000000 0.00000000 0.00000000 0.00000000 0.00000000 0.00000000 0.00000000 0.00000000 0.00000000 0.00000000 0.00000000 0.00000000 0.00000000 0.00000000 0.00000000 0.00000000 0.00000000 0.00000000 0.00000000 0.00000000 65.45811503 252.47655050 25.07238278 274.61755784 357.12598992 -482.62648412 570.45749046 -150.09967864 -65.25462767 -132.63963669 -65.11842528 621.13941966 -514.05608161 -270.58269085 331.71010614 -94.95611124 237.42439357 -365.05104617
0.00000000 0.00000000 0.00000000 0.00000000 0.00000000 0.00000000 0.00000000 0.00000000 0.00000000 0.00000000 0.00000000 0.00000000 0.00000000 0.00000000 0.00000000 0.00000000 0.00000000 0.00000000 0.00000000 0.00000000 0.00000000 0.00000000 0.00000000 0.00000000 0.00000000 0.00000000 0.00000000 0.00000000 0.00000000 0.00000000 0.00000000 0.00000000 0.00000000 0.00000000 0.00000000 0.00000000 0.00000000 0.00000000 0.00000000 0.00000000 0.00000000 0.00000000 0.00000000 0.00000000 0.00000000 0.00000000 0.00000000 0.00000000 0.00000000 0.00000000 0.00000000 0.00000000 0.00000000 0.00000000 0.00000000 0.00000000 0.00000000 0.00000000 0.00000000 0.00000000 0.00000000 0.00000000 0.00000000 0.00000000 0.00000000 0.00000000 0.00000000 0.00000000 0.00000000 0.00000000 0.00000000 0.00000000 0.00000000 0.00000000 0.00000000 0.00000000 0.00000000 0.00000000 0.00000000 0.00000000 0.00000000 0.00000000 0.00000000 -752.63880115 184.02664910 -704.71398997 -719.64459762 997.29089704 -1123.49439015 346.75388726 -11.83858724 496.33001947 316.38494559 -1609.40319891 1103.85962962 679.33164073 -580.75103010 147.88594787 -447.81171491 780.88344933
0.00000000 0.00000000 0.00000000 0.00000000 0.00000000 0.00000000 0.00000000 0.00000000 0.00000000 0.00000000 0.00000000 0.00000000 0.00000000 0.00000000 0.00000000 0.00000000 0.00000000 0.00000000 0.00000000 0.00000000 0.00000000 0.00000000 0.00000000 0.00000000 0.00000000 0.00000000 0.00000000 0.00000000 0.00000000 0.00000000 0.00000000 0.00000000 0.00000000 0.00000000 0.00000000 0.00000000 0.00000000 0.00000000 0.00000000 0.00000000 0.00000000 0.00000000 0.00000000 0.00000000 0.00000000 0.00000000 0.00000000 0.00000000 0.00000000 0.00000000 0.00000000 0.00000000 0.00000000 0.00000000 0.00000000 0.00000000 0.00000000 0.00000000 0.00000000 0.00000000 0.00000000 0.00000000 0.00000000 0.00000000 0.00000000 0.00000000 0.00000000 0.00000000 0.00000000 0.00000000 0.00000000 0.00000000 0.00000000 0.00000000 0.00000000 0.00000000 0.00000000 0.00000000 0.00000000 0.00000000 0.00000000 0.00000000 0.00000000 0.00000000 21.09225238 139.25488737 -254.32548068 135.84898953 -113.62859809 -92.25639381 47.39934945 -165.67344371 -140.28135747 -98.53553071 131.03613117 -24.25695248 -32.37810231 221.51343606 -196.94277918 65.84065240
0.00000000 0.00000000 0.00000000 0.00000000 0.00000000 0.00000000 0.00000000 0.00000000 0.00000000 0.00000000 0.00000000 0.00000000 0.00000000 0.00000000 0.00000000 0.00000000 0.00000000 0.00000000 0.00000000 0.00000000 0.00000000 0.00000000 0.00000000 0.00000000 0.00000000 0.00000000 0.00000000 0.00000000 0.00000000 0.00000000 0.00000000 0.00000000 0.00000000 0.00000000 0.00000000 0.00000000 0.00000000 0.00000000 0.00000000 0.00000000 0.00000000 0.00000000 0.00000000 0.00000000 0.00000000 0.00000000 0.00000000 0.00000000 0.00000000 0.00000000 0.00000000 0.00000000 0.00000000 0.00000000 0.00000000 0.00000000 0.00000000 0.00000000 0.00000000 0.00000000 0.00000000 0.00000000 0.00000000 0.00000000 0.00000000 0.00000000 0.00000000 0.00000000 0.00000000 0.00000000 0.00000000 0.00000000 0.00000000 0.00000000 0.00000000 0.00000000 0.00000000 0.00000000 0.00000000 0.00000000 0.00000000 0.00000000 0.00000000 0.00000000 0.00000000 1405.47437901 -4546.80539882 2659.99029032 -2815.91021712 -730.57360286 1074.67380920 -2155.83367920 -2132.34870459 -1766.20244661 2459.80972262 42.50829793 -1140.59644729 3884.89917476 -3071.82599607 1437.90243814
0.00000000 0.00000000 0.00000000 0.00000000 0.00000000 0.00000000 0.00000000 0.00000000 0.00000000 0.00000000 0.00000000 0.00000000 0.00000000 0.00000000 0.00000000 0.00000000 0.00000000 0.00000000 0.00000000 0.00000000 0.00000000 0.00000000 0.00000000 0.00000000 0.00000000 0.00000000 0.00000000 0.00000000 0.00000000 0.00000000 0.00000000 0.00000000 0.00000000 0.00000000 0.00000000 0.00000000 0.00000000 0.00000000 0.00000000 0.00000000 0.00000000 0.00000000 0.00000000 0.00000000 0.00000000 0.00000000 0.00000000 0.00000000 0.00000000 0.00000000 0.00000000 0.00000000 0.00000000 0.00000000 0.00000000 0.00000000 0.00000000 0.00000000 0.00000000 0.00000000 0.00000000 0.00000000 0.00000000 0.00000000 0.00000000 0.00000000 0.00000000 0.00000000 0.00000000 0.00000000 0.00000000 0.00000000 0.00000000 0.00000000 0.00000000 0.00000000 0.00000000 0.00000000 0.00000000 0.00000000 0.00000000 0.00000000 0.00000000 0.00000000 0.00000000 0.00000000 1931.93278311 -1197.89990140 1531.13339228 -186.14044347 -358.58167048 412.92484126 693.32420616 1004.06878472 -1146.62875792 -239.57060873 726.70418378 -1550.15531126 999.96506585 -621.47858502
0.00000000 0.00000000 0.00000000 0.00000000 0.00000000 0.00000000 0.00000000 0.00000000 0.00000000 0.00000000 0.00000000 0.00000000 0.00000000 0.00000000 0.00000000 0.00000000 0.00000000 0.00000000 0.00000000 0.00000000 0.00000000 0.00000000 0.00000000 0.00000000 0.00000000 0.00000000 0.00000000 0.00000000 0.00000000 0.00000000 0.00000000 0.00000000 0.00000000 0.00000000 0.00000000 0.00000000 0.00000000 0.00000000 0.00000000 0.00000000 0.00000000 0.00000000 0.00000000 0.00000000 0.00000000 0.00000000 0.00000000 0.00000000 0.00000000 0.00000000 0.00000000 0.00000000 0.00000000 0.00000000 0.00000000 0.00000000 0.00000000 0.00000000 0.00000000 0.00000000 0.00000000 0.00000000 0.00000000 0.00000000 0.00000000 0.00000000 0.00000000 0.00000000 0.00000000 0.00000000 0.00000000 0.00000000 0.00000000 0.00000000 0.00000000 0.00000000 0.00000000 0.00000000 0.00000000 0.00000000 0.00000000 0.00000000 0.00000000 0.00000000 0.00000000 0.00000000 0.00000000 -319.71709340 90.05183425 22.91570792 -12.41329985 234.03545049 103.88991597 29.25185035 38.19372556 -132.17121254 42.46553972 -13.25357982 -94.75744521 -118.00775028
0.00000000 0.00000000 0.00000000 0.00000000 0.00000000 0.00000000 0.00000000 0.00000000 0.00000000 0.00000000 0.00000000 0.00000000 0.00000000 0.00000000 0.00000000 0.00000000 0.00000000 0.00000000 0.00000000 0.00000000 0.00000000 0.00000000 0.00000000 0.00000000 0.00000000 0.00000000 0.00000000 0.00000000 0.00000000 0.00000000 0.00000000 0.00000000 0.00000000 0.00000000 0.00000000 0.00000000 0.00000000 0.00000000 0.00000000 0.00000000 0.00000000 0.00000000 0.00000000 0.00000000 0.00000000 0.00000000 0.00000000 0.00000000 0.00000000 0.00000000 0.00000000 0.00000000 0.00000000 0.00000000 0.00000000 0.00000000 0.00000000 0.00000000 0.00000000 0.00000000 0.00000000 0.00000000 0.00000000 0.00000000 0.00000000 0.00000000 0.00000000 0.00000000 0.00000000 0.00000000 0.00000000 0.00000000 0.00000000 0.00000000 0.00000000 0.00000000 0.00000000 0.00000000 0.00000000 0.00000000 0.00000000 0.00000000 0.00000000 0.00000000 0.00000000 0.00000000 0.00000000 0.00000000 -167.59060030 263.62715035 -133.51179651 -21.02783203 94.54188713 -151.12629249 -194.67674242 -238.00186749 88.19060599 -250.61272229 153.67749175 -240.76549643
0.00000000 0.00000000 0.00000000 0.00000000 0.00000000 0.00000000 0.00000000 0.00000000 0.00000000 0.00000000 0.00000000 0.00000000 0.00000000 0.00000000 0.00000000 0.00000000 0.00000000 0.00000000 0.00000000 0.00000000 0.00000000 0.00000000 0.00000000 0.00000000 0.00000000 0.00000000 0.00000000 0.00000000 0.00000000 0.00000000 0.00000000 0.00000000 0.00000000 0.00000000 0.00000000 0.00000000 0.00000000 0.00000000 0.00000000 0.00000000 0.00000000 0.00000000 0.00000000 0.00000000 0.00000000 0.00000000 0.00000000 0.00000000 0.00000000 0.00000000 0.00000000 0.00000000 0.00000000 0.00000000 0.00000000 0.00000000 0.00000000 0.00000000 0.00000000 0.00000000 0.00000000 0.00000000 0.00000000 0.00000000 0.00000000 0.00000000 0.00000000 0.00000000 0.00000000 0.00000000 0.00000000 0.00000000 0.00000000 0.00000000 0.00000000 0.00000000 0.00000000 0.00000000 0.00000000 0.00000000 0.00000000 0.00000000 0.00000000 0.00000000 0.00000000 0.00000000 0.00000000 0.00000000 0.00000000 45.63899288 -346.97431180 190.51995866 74.99369173 -335.73456758 167.41855917 -101.82925390 -45.64793212 -523.73247539 148.74934582 -158.07257586
0.00000000 0.00000000 0.00000000 0.00000000 0.00000000 0.00000000 0.00000000 0.00000000 0.00000000 0.00000000 0.00000000 0.00000000 0.00000000 0.00000000 0.00000000 0.00000000 0.00000000 0.00000000 0.00000000 0.00000000 0.00000000 0.00000000 0.00000000 0.00000000 0.00000000 0.00000000 0.00000000 0.00000000 0.00000000 0.00000000 0.00000000 0.00000000 0.00000000 0.00000000 0.00000000 0.00000000 0.00000000 0.00000000 0.00000000 0.00000000 0.00000000 0.00000000 0.00000000 0.00000000 0.00000000 0.00000000 0.00000000 0.00000000 0.00000000 0.00000000 0.00000000 0.00000000 0.00000000 0.00000000 0.00000000 0.00000000 0.00000000 0.00000000 0.00000000 0.00000000 0.00000000 0.00000000 0.00000000 0.00000000 0.00000000 0.00000000 0.00000000 0.00000000 0.00000000 0.00000000 0.00000000 0.00000000 0.00000000 0.00000000 0.00000000 0.00000000 0.00000000 0.00000000 0.00000000 0.00000000 0.00000000 0.00000000 0.00000000 0.00000000 0.00000000 0.00000000 0.00000000 0.00000000 0.00000000 0.00000000 -2111.64918510 1525.42290278 396.88783505 -2155.25906609 1408.10944138 -482.62265653 -474.64661951 -3467.60106370 744.85511908 -760.10108181
0.00000000 0.00000000 0.00000000 0.00000000 0.00000000 0.00000000 0.00000000 0.00000000 0.00000000 0.00000000 0.00000000 0.00000000 0.00000000 0.00000000 0.00000000 0.00000000 0.00000000 0.00000000 0.00000000 0.00000000 0.00000000 0.00000000 0.00000000 0.00000000 0.00000000 0.00000000 0.00000000 0.00000000 0.00000000 0.00000000 0.00000000 0.00000000 0.00000000 0.00000000 0.00000000 0.00000000 0.00000000 0.00000000 0.00000000 0.00000000 0.00000000 0.00000000 0.00000000 0.00000000 0.00000000 0.00000000 0.00000000 0.00000000 0.00000000 0.00000000 0.00000000 0.00000000 0.00000000 0.00000000 0.00000000 0.00000000 0.00000000 0.00000000 0.00000000 0.00000000 0.00000000 0.00000000 0.00000000 0.00000000 0.00000000 0.00000000 0.00000000 0.00000000 0.00000000 0.00000000 0.00000000 0.00000000 0.00000000 0.00000000 0.00000000 0.00000000 0.00000000 0.00000000 0.00000000 0.00000000 0.00000000 0.00000000 0.00000000 0.00000000 0.00000000 0.00000000 0.00000000 0.00000000 0.00000000 0.00000000 0.00000000 101.03113727 -107.71390444 -116.13739868 231.08454077 196.19699802 -64.15269615 -337.61155268 51.76387533 122.25628028
0.00000000 0.00000000 0.00000000 0.00000000 0.00000000 0.00000000 0.00000000 0.00000000 0.00000000 0.00000000 0.00000000 0.00000000 0.00000000 0.00000000 0.00000000 0.00000000 0.00000000 0.00000000 0.00000000 0.00000000 0.00000000 0.00000000 0.00000000 0.00000000 0.00000000 0.00000000 0.00000000 0.00000000 0.00000000 0.00000000 0.00000000 0.00000000 0.00000000 0.00000000 0.00000000 0.00000000 0.00000000 0.00000000 0.00000000 0.00000000 0.00000000 0.00000000 0.00000000 0.00000000 0.00000000 0.00000000 0.00000000 0.00000000 0.00000000 0.00000000 0.00000000 0.00000000 0.00000000 0.00000000 0.00000000 0.00000000 0.00000000 0.00000000 0.00000000 0.00000000 0.00000000 0.00000000 0.00000000 0.00000000 0.00000000 0.00000000 0.00000000 0.00000000 0.00000000 0.00000000 0.00000000 0.00000000 0.00000000 0.00000000 0.00000000 0.00000000 0.00000000 0.00000000 0.00000000 0.00000000 0.00000000 0.00000000 0.00000000 0.00000000 0.00000000 0.00000000 0.00000000 0.00000000 0.00000000 0.00000000 0.00000000 0.00000000 -418.52300304 -310.38363934 495.63237772 461.96590172 -83.41631399 -815.19543220 218.81944543 338.37066160
0.00000000 0.00000000 0.00000000 0.00000000 0.00000000 0.00000000 0.00000000 0.00000000 0.00000000 0.00000000 0.00000000 0.00000000 0.00000000 0.00000000 0.00000000 0.00000000 0.00000000 0.00000000 0.00000000 0.00000000 0.00000000 0.00000000 0.00000000 0.00000000 0.00000000 0.00000000 0.00000000 0.00000000 0.00000000 0.00000000 0.00000000 0.00000000 0.00000000 0.00000000 0.00000000 0.00000000 0.00000000 0.00000000 0.00000000 0.00000000 0.00000000 0.00000000 0.00000000 0.00000000 0.00000000 0.00000000 0.00000000 0.00000000 0.00000000 0.00000000 0.00000000 0.00000000 0.00000000 0.00000000 0.00000000 0.00000000 0.00000000 0.00000000 0.00000000 0.00000000 0.00000000 0.00000000 0.00000000 0.00000000 0.00000000 0.00000000 0.00000000 0.00000000 0.00000000 0.00000000 0.00000000 0.00000000 0.00000000 0.00000000 0.00000000 0.00000000 0.00000000 0.00000000 0.00000000 0.00000000 0.00000000 0.00000000 0.00000000 0.00000000 0.00000000 0.00000000 0.00000000 0.00000000 0.00000000 0.00000000 0.00000000 0.00000000 0.00000000 134.30114343 -298.78170093 48.27784686 159.33114094 250.54375470 105.62196237 -27.10715116
0.00000000 0.00000000 0.00000000 0.00000000 0.00000000 0.00000000 0.00000000 0.00000000 0.00000000 0.00000000 0.00000000 0.00000000 0.00000000 0.00000000 0.00000000 0.00000000 0.00000000 0.00000000 0.00000000 0.00000000 0.00000000 0.00000000 0.00000000 0.00000000 0.00000000 0.00000000 0.00000000 0.00000000 0.00000000 0.00000000 0.00000000 0.00000000 0.00000000 0.00000000 0.00000000 0.00000000 0.00000000 0.00000000 0.00000000 0.00000000 0.00000000 0.00000000 0.00000000 0.00000000 0.00000000 0.00000000 0.00000000 0.00000000 0.00000000 0.00000000 0.00000000 0.00000000 0.00000000 0.00000000 0.00000000 0.00000000 0.00000000 0.00000000 0.00000000 0.00000000 0.00000000 0.00000000 0.00000000 0.00000000 0.00000000 0.00000000 0.00000000 0.00000000 0.00000000 0.00000000 0.00000000 0.00000000 0.00000000 0.00000000 0.00000000 0.00000000 0.00000000 0.00000000 0.00000000 0.00000000 0.00000000 0.00000000 0.00000000 0.00000000 0.00000000 0.00000000 0.00000000 0.00000000 0.00000000 0.00000000 0.00000000 0.00000000 0.00000000 0.00000000 -235.62213328 -87.07431958 121.83685999 55.29441168 63.90580125 -47.67513292
0.00000000 0.00000000 0.00000000 0.00000000 0.00000000 0.00000000 0.00000000 0.00000000 0.00000000 0.00000000 0.00000000 0.00000000 0.00000000 0.00000000 0.00000000 0.00000000 0.00000000 0.00000000 0.00000000 0.00000000 0.00000000 0.00000000 0.00000000 0.00000000 0.00000000 0.00000000 0.00000000 0.00000000 0.00000000 0.00000000 0.00000000 0.00000000 0.00000000 0.00000000 0.00000000 0.00000000 0.00000000 0.00000000 0.00000000 0.00000000 0.00000000 0.00000000 0.00000000 0.00000000 0.00000000 0.00000000 0.00000000 0.00000000 0.00000000 0.00000000 0.00000000 0.00000000 0.00000000 0.00000000 0.00000000 0.00000000 0.00000000 0.00000000 0.00000000 0.00000000 0.00000000 0.00000000 0.00000000 0.00000000 0.00000000 0.00000000 0.00000000 0.00000000 0.00000000 0.00000000 0.00000000 0.00000000 0.00000000 0.00000000 0.00000000 0.00000000 0.00000000 0.00000000 0.00000000 0.00000000 0.00000000 0.00000000 0.00000000 0.00000000 0.00000000 0.00000000 0.00000000 0.00000000 0.00000000 0.00000000 0.00000000 0.00000000 0.00000000 0.00000000 0.00000000 67.86092595 19.57893607 210.31259133 25.65048638 -94.34546976
0.00000000 0.00000000 0.00000000 0.00000000 0.00000000 0.00000000 0.00000000 0.00000000 0.00000000 0.00000000 0.00000000 0.00000000 0.00000000 0.00000000 0.00000000 0.00000000 0.00000000 0.00000000 0.00000000 0.00000000 0.00000000 0.00000000 0.00000000 0.00000000 0.00000000 0.00000000 0.00000000 0.00000000 0.00000000 0.00000000 0.00000000 0.00000000 0.00000000 0.00000000 0.00000000 0.00000000 0.00000000 0.00000000 0.00000000 0.00000000 0.00000000 0.00000000 0.00000000 0.00000000 0.00000000 0.00000000 0.00000000 0.00000000 0.00000000 0.00000000 0.00000000 0.00000000 0.00000000 0.00000000 0.00000000 0.00000000 0.00000000 0.00000000 0.00000000 0.00000000 0.00000000 0.00000000 0.00000000 0.00000000 0.00000000 0.00000000 0.00000000 0.00000000 0.00000000 0.00000000 0.00000000 0.00000000 0.00000000 0.00000000 0.00000000 0.00000000 0.00000000 0.00000000 0.00000000 0.00000000 0.00000000 0.00000000 0.00000000 0.00000000 0.00000000 0.00000000 0.00000000 0.00000000 0.00000000 0.00000000 0.00000000 0.00000000 0.00000000 0.00000000 0.00000000 0.00000000 162.18231034 681.97926933 92.30404478 -547.81614841
0.00000000 0.00000000 0.00000000 0.00000000 0.00000000 0.00000000 0.00000000 0.00000000 0.00000000 0.00000000 0.00000000 0.00000000 0.00000000 0.00000000 0.00000000 0.00000000 0.00000000 0.00000000 0.00000000 0.00000000 0.00000000 0.00000000 0.00000000 0.00000000 0.00000000 0.00000000 0.00000000 0.00000000 0.00000000 0.00000000 0.00000000 0.00000000 0.00000000 0.00000000 0.00000000 0.00000000 0.00000000 0.00000000 0.00000000 0.00000000 0.00000000 0.00000000 0.00000000 0.00000000 0.00000000 0.00000000 0.00000000 0.00000000 0.00000000 0.00000000 0.00000000 0.00000000 0.00000000 0.00000000 0.00000000 0.00000000 0.00000000 0.00000000 0.00000000 0.00000000 0.00000000 0.00000000 0.00000000 0.00000000 0.00000000 0.00000000 0.00000000 0.00000000 0.00000000 0.00000000 0.00000000 0.00000000 0.00000000 0.00000000 0.00000000 0.00000000 0.00000000 0.00000000 0.00000000 0.00000000 0.00000000 0.00000000 0.00000000 0.00000000 0.00000000 0.00000000 0.00000000 0.00000000 0.00000000 0.00000000 0.00000000 0.00000000 0.00000000 0.00000000 0.00000000 0.00000000 0.00000000 -899.31007668 -17.00669340 476.52461648
0.00000000 0.00000000 0.00000000 0.00000000 0.00000000 0.00000000 0.00000000 0.00000000 0.00000000 0.00000000 0.00000000 0.00000000 0.00000000 0.00000000 0.00000000 0.00000000 0.00000000 0.00000000 0.00000000 0.00000000 0.00000000 0.00000000 0.00000000 0.00000000 0.00000000 0.00000000 0.00000000 0.00000000 0.00000000 0.00000000 0.00000000 0.00000000 0.00000000 0.00000000 0.00000000 0.00000000 0.00000000 0.00000000 0.00000000 0.00000000 0.00000000 0.00000000 0.00000000 0.00000000 0.00000000 0.00000000 0.00000000 0.00000000 0.00000000 0.00000000 0.00000000 0.00000000 0.00000000 0.00000000 0.00000000 0.00000000 0.00000000 0.00000000 0.00000000 0.00000000 0.00000000 0.00000000 0.00000000 0.00000000 0.00000000 0.00000000 0.00000000 0.00000000 0.00000000 0.00000000 0.00000000 0.00000000 0.00000000 0.00000000 0.00000000 0.00000000 0.00000000 0.00000000 0.00000000 0.00000000 0.00000000 0.00000000 0.00000000 0.00000000 0.00000000 0.00000000 0.00000000 0.00000000 0.00000000 0.00000000 0.00000000 0.00000000 0.00000000 0.00000000 0.00000000 0.00000000 0.00000000 0.00000000 -165.84342679 95.09257003
0.00000000 0.00000000 0.00000000 0.00000000 0.00000000 0.00000000 0.00000000 0.00000000 0.00000000 0.00000000 0.00000000 0.00000000 0.00000000 0.00000000 0.00000000 0.00000000 0.00000000 0.00000000 0.00000000 0.00000000 0.00000000 0.00000000 0.00000000 0.00000000 0.00000000 0.00000000 0.00000000 0.00000000 0.00000000 0.00000000 0.00000000 0.00000000 0.00000000 0.00000000 0.00000000 0.00000000 0.00000000 0.00000000 0.00000000 0.00000000 0.00000000 0.00000000 0.00000000 0.00000000 0.00000000 0.00000000 0.00000000 0.00000000 0.00000000 0.00000000 0.00000000 0.00000000 0.00000000 0.00000000 0.00000000 0.00000000 0.00000000 0.00000000 0.00000000 0.00000000 0.00000000 0.00000000 0.00000000 0.00000000 0.00000000 0.00000000 0.00000000 0.00000000 0.00000000 0.00000000 0.00000000 0.00000000 0.00000000 0.00000000 0.00000000 0.00000000 0.00000000 0.00000000 0.00000000 0.00000000 0.00000000 0.00000000 0.00000000 0.00000000 0.00000000 0.00000000 0.00000000 0.00000000 0.00000000 0.00000000 0.00000000 0.00000000 0.00000000 0.00000000 0.00000000 0.00000000 0.00000000 0.00000000 0.00000000 84.01141276
